case,anchor,score,state,mean,std,min,max,n,finite
left01,PSM,score_time,NORMAL_A,0.6567831635475159,0.08715521544218063,0.44468265771865845,0.8596084117889404,200,True
left01,PSM,score_time,NORMAL_B,6.411610126495361,0.09113195538520813,6.122480392456055,6.698728561401367,601,True
left01,PSM,score_time,TRANSITION,4.094146728515625,1.7096855640411377,0.5293745994567871,6.507566452026367,800,True
left01,PSM,score_freq,NORMAL_A,0.6619906425476074,0.08660218864679337,0.45065292716026306,0.8612885475158691,200,True
left01,PSM,score_freq,NORMAL_B,6.413842678070068,0.09125494956970215,6.125720977783203,6.698897838592529,601,True
left01,PSM,score_freq,TRANSITION,4.092864990234375,1.7118420600891113,0.5284006595611572,6.514426231384277,800,True
left01,PSM,score_ms,NORMAL_A,0.3025285005569458,0.06130889803171158,0.14826372265815735,0.4955766797065735,200,True
left01,PSM,score_ms,NORMAL_B,4.70235538482666,0.0787229984998703,4.482544422149658,4.943429470062256,601,True
left01,PSM,score_ms,TRANSITION,2.733907699584961,1.372342824935913,0.1999145746231079,4.872832298278809,800,True
left01,PSM,prototype_gate,NORMAL_A,0.9389345645904541,0.008463108912110329,0.9222490191459656,0.9576042294502258,200,True
left01,PSM,prototype_gate,NORMAL_B,0.9745561480522156,0.0002325189852854237,0.9737967252731323,0.9751732349395752,601,True
left01,PSM,prototype_gate,TRANSITION,0.9693126082420349,0.00848093070089817,0.9293186664581299,0.9801394939422607,800,True
left01,PSM,cross_path_consistency,NORMAL_A,0.21589767932891846,0.05572529509663582,0.11869620531797409,0.32901889085769653,200,True
left01,PSM,cross_path_consistency,NORMAL_B,1.5065897703170776,0.0248187854886055,1.4539334774017334,1.577507495880127,601,True
left01,PSM,cross_path_consistency,TRANSITION,1.2014625072479248,0.33987268805503845,0.17678667604923248,1.531929850578308,800,True
left01,PSM,cycle,NORMAL_A,0.8674781918525696,0.0766904279589653,0.6657149195671082,1.0409972667694092,200,True
left01,PSM,cycle,NORMAL_B,6.7545318603515625,0.07610853761434555,6.493484973907471,7.0025105476379395,601,True
left01,PSM,cycle,TRANSITION,4.40316915512085,1.7421003580093384,0.7821710705757141,6.8282389640808105,800,True
left01,PSM,score_total,NORMAL_A,0.5850033164024353,0.06412867456674576,0.40698936581611633,0.7448428273200989,200,True
left01,PSM,score_total,NORMAL_B,5.728443145751953,0.07162483036518097,5.498743057250977,5.943941593170166,601,True
left01,PSM,score_total,TRANSITION,3.568538188934326,1.5557571649551392,0.49233970046043396,5.8505353927612305,800,True
left01,PSM,R0_score,NORMAL_A,7.348819732666016,0.8504033088684082,5.218814373016357,9.666129112243652,200,True
left01,PSM,R0_score,NORMAL_B,70.734375,0.5466353297233582,69.11732482910156,72.42804718017578,601,True
left01,PSM,R0_score,TRANSITION,50.01771545410156,18.68853187561035,6.949416160583496,72.06446075439453,800,True
left01,PSM,R0_shared_fit,NORMAL_A,6.586057186126709,0.729180097579956,4.492472171783447,8.361618041992188,200,True
left01,PSM,R0_shared_fit,NORMAL_B,68.56592559814453,0.5547699928283691,66.65055084228516,70.09038543701172,601,True
left01,PSM,R0_shared_fit,TRANSITION,47.24891662597656,18.32813835144043,5.088647365570068,69.67224884033203,800,True
left02,PSM,score_time,NORMAL_A,0.6966512799263,0.09127449989318848,0.465628057718277,0.9652870297431946,200,True
left02,PSM,score_time,NORMAL_B,0.7716768980026245,0.10136394202709198,0.49703654646873474,1.0944530963897705,601,True
left02,PSM,score_time,TRANSITION,0.733767569065094,0.09821595996618271,0.48000332713127136,1.027912974357605,800,True
left02,PSM,score_freq,NORMAL_A,0.6958173513412476,0.09508363902568817,0.46229109168052673,0.9922436475753784,200,True
left02,PSM,score_freq,NORMAL_B,0.769426167011261,0.10135572403669357,0.4957595467567444,1.0894289016723633,601,True
left02,PSM,score_freq,TRANSITION,0.7317802906036377,0.097520612180233,0.4832407832145691,1.0435539484024048,800,True
left02,PSM,score_ms,NORMAL_A,0.33653366565704346,0.07702664285898209,0.19053398072719574,0.6672045588493347,200,True
left02,PSM,score_ms,NORMAL_B,0.33131977915763855,0.06560055166482925,0.14114199578762054,0.5685628056526184,601,True
left02,PSM,score_ms,TRANSITION,0.3204897344112396,0.06694521009922028,0.15325133502483368,0.5490238666534424,800,True
left02,PSM,prototype_gate,NORMAL_A,0.9347702264785767,0.007278344593942165,0.9202116131782532,0.9510954022407532,200,True
left02,PSM,prototype_gate,NORMAL_B,0.9459772706031799,0.005686816293746233,0.9341039061546326,0.9626625776290894,601,True
left02,PSM,prototype_gate,TRANSITION,0.9429395794868469,0.007632706314325333,0.9246606230735779,0.9646965861320496,800,True
left02,PSM,cross_path_consistency,NORMAL_A,0.21475791931152344,0.033947430551052094,0.15532070398330688,0.31818896532058716,200,True
left02,PSM,cross_path_consistency,NORMAL_B,0.33204638957977295,0.0690896213054657,0.19843202829360962,0.47605007886886597,601,True
left02,PSM,cross_path_consistency,TRANSITION,0.2910991311073303,0.07754303514957428,0.15269502997398376,0.5003400444984436,800,True
left02,PSM,cycle,NORMAL_A,0.9058883786201477,0.08327361941337585,0.73003089427948,1.1937013864517212,200,True
left02,PSM,cycle,NORMAL_B,0.9934443831443787,0.0953674390912056,0.72480708360672,1.2890928983688354,601,True
left02,PSM,cycle,TRANSITION,0.9508786201477051,0.09197630733251572,0.696101725101471,1.201865553855896,800,True
left02,PSM,score_total,NORMAL_A,0.621211051940918,0.0773780345916748,0.4602934420108795,0.9304530024528503,200,True
left02,PSM,score_total,NORMAL_B,0.6623820662498474,0.07318227738142014,0.44502517580986023,0.908024251461029,601,True
left02,PSM,score_total,TRANSITION,0.6356841325759888,0.07246720045804977,0.4468780755996704,0.8741280436515808,800,True
left02,PSM,R0_score,NORMAL_A,7.16363525390625,0.969368577003479,4.838630199432373,11.102972984313965,200,True
left02,PSM,R0_score,NORMAL_B,7.581450939178467,0.8792527318000793,5.19464111328125,10.419137001037598,601,True
left02,PSM,R0_score,TRANSITION,7.411215782165527,0.9573832750320435,5.10262393951416,10.852249145507812,800,True
left02,PSM,R0_shared_fit,NORMAL_A,6.804891586303711,0.8023402094841003,4.905805587768555,9.770757675170898,200,True
left02,PSM,R0_shared_fit,NORMAL_B,7.232728958129883,0.851811945438385,4.676240921020508,10.650550842285156,601,True
left02,PSM,R0_shared_fit,TRANSITION,7.060977935791016,0.854620099067688,4.85940408706665,10.2606201171875,800,True
left03,PSM,score_time,NORMAL_A,0.6819513440132141,0.09847631305456161,0.46705901622772217,1.0250165462493896,200,True
left03,PSM,score_time,NORMAL_B,0.7222872972488403,0.09009547531604767,0.4568774998188019,1.010664701461792,601,True
left03,PSM,score_time,TRANSITION,0.749098002910614,0.09975973516702652,0.4797171354293823,1.0927934646606445,800,True
left03,PSM,score_freq,NORMAL_A,0.6830675005912781,0.09853146970272064,0.4841934144496918,1.0236257314682007,200,True
left03,PSM,score_freq,NORMAL_B,0.7205517292022705,0.09039492905139923,0.44360822439193726,1.0112251043319702,601,True
left03,PSM,score_freq,TRANSITION,0.7475038170814514,0.10099556297063828,0.48876187205314636,1.1116479635238647,800,True
left03,PSM,score_ms,NORMAL_A,0.3170325756072998,0.06797350943088531,0.1939055472612381,0.5293686389923096,200,True
left03,PSM,score_ms,NORMAL_B,0.3195580542087555,0.06353496760129929,0.1628858745098114,0.5776494741439819,601,True
left03,PSM,score_ms,TRANSITION,0.3252781629562378,0.06942369788885117,0.1548655480146408,0.6366620063781738,800,True
left03,PSM,prototype_gate,NORMAL_A,0.9388697743415833,0.011857887730002403,0.908525288105011,0.9635591506958008,200,True
left03,PSM,prototype_gate,NORMAL_B,0.9408507347106934,0.006321505177766085,0.9293355345726013,0.9598958492279053,601,True
left03,PSM,prototype_gate,TRANSITION,0.9445942640304565,0.0076829600147902966,0.9276055693626404,0.9649562835693359,800,True
left03,PSM,cross_path_consistency,NORMAL_A,0.23129962384700775,0.05089566111564636,0.14263370633125305,0.35732442140579224,200,True
left03,PSM,cross_path_consistency,NORMAL_B,0.2809047996997833,0.0437597781419754,0.18715578317642212,0.3963000178337097,601,True
left03,PSM,cross_path_consistency,TRANSITION,0.3103475272655487,0.0578380823135376,0.2100934237241745,0.4764118194580078,800,True
left03,PSM,cycle,NORMAL_A,0.8928269743919373,0.08855404704809189,0.6948491334915161,1.2009692192077637,200,True
left03,PSM,cycle,NORMAL_B,0.9382911324501038,0.08023889362812042,0.7329365015029907,1.219695806503296,601,True
left03,PSM,cycle,TRANSITION,0.968955934047699,0.09246575087308884,0.7634159326553345,1.2722251415252686,800,True
left03,PSM,score_total,NORMAL_A,0.6049298048019409,0.07397106289863586,0.4452103078365326,0.8483906984329224,200,True
left03,PSM,score_total,NORMAL_B,0.6289246082305908,0.06719211488962173,0.4628424048423767,0.8807200789451599,601,True
left03,PSM,score_total,TRANSITION,0.647117018699646,0.07495336979627609,0.47178903222084045,0.9474079012870789,800,True
left03,PSM,R0_score,NORMAL_A,7.199543476104736,1.0101696252822876,4.649759292602539,10.009110450744629,200,True
left03,PSM,R0_score,NORMAL_B,7.524886131286621,0.9162104725837708,5.03684663772583,11.2196683883667,601,True
left03,PSM,R0_score,TRANSITION,7.881965160369873,1.0365173816680908,5.388946056365967,12.555908203125,800,True
left03,PSM,R0_shared_fit,NORMAL_A,6.871549606323242,0.8901681303977966,4.656099319458008,9.832592964172363,200,True
left03,PSM,R0_shared_fit,NORMAL_B,7.153397560119629,0.8344236612319946,5.014754295349121,9.498455047607422,601,True
left03,PSM,R0_shared_fit,TRANSITION,7.548439979553223,1.054097056388855,4.946167469024658,12.93943977355957,800,True
left04,PSM,score_time,FAULT,0.7016841769218445,0.08968000113964081,0.43542978167533875,1.064643383026123,1401,True
left04,PSM,score_time,NORMAL_A,0.6609845757484436,0.08222772181034088,0.4501311779022217,0.8579421639442444,200,True
left04,PSM,score_freq,FAULT,0.7024807333946228,0.08942711353302002,0.43753576278686523,1.0560879707336426,1401,True
left04,PSM,score_freq,NORMAL_A,0.6611996293067932,0.08161355555057526,0.46404123306274414,0.872281551361084,200,True
left04,PSM,score_ms,FAULT,0.32782918214797974,0.0698307603597641,0.14558058977127075,0.6204304695129395,1401,True
left04,PSM,score_ms,NORMAL_A,0.3027462065219879,0.06280376762151718,0.13911283016204834,0.45426830649375916,200,True
left04,PSM,prototype_gate,FAULT,0.9366893172264099,0.005676517728716135,0.9111608266830444,0.9583972692489624,1401,True
left04,PSM,prototype_gate,NORMAL_A,0.9409167766571045,0.00791698507964611,0.9242390394210815,0.9585575461387634,200,True
left04,PSM,cross_path_consistency,FAULT,0.25172242522239685,0.03903055191040039,0.14483940601348877,0.39452269673347473,1401,True
left04,PSM,cross_path_consistency,NORMAL_A,0.19883757829666138,0.03211812674999237,0.13020043075084686,0.27801933884620667,200,True
left04,PSM,cycle,FAULT,0.9145410060882568,0.07972286641597748,0.708518385887146,1.1803653240203857,1401,True
left04,PSM,cycle,NORMAL_A,0.8694830536842346,0.07122043520212173,0.6777364015579224,1.0502980947494507,200,True
left04,PSM,score_total,FAULT,0.6211850643157959,0.07076919078826904,0.43830275535583496,0.8812651634216309,1401,True
left04,PSM,score_total,NORMAL_A,0.5861146450042725,0.06304483115673065,0.40842461585998535,0.7302298545837402,200,True
left04,PSM,R0_score,FAULT,8.015800476074219,1.0533027648925781,5.437468528747559,11.635448455810547,1401,True
left04,PSM,R0_score,NORMAL_A,7.709066390991211,1.2481062412261963,5.3243231773376465,11.538053512573242,200,True
left04,PSM,R0_shared_fit,FAULT,6.929927349090576,0.8247694969177246,4.467794895172119,9.55346965789795,1401,True
left04,PSM,R0_shared_fit,NORMAL_A,6.654289722442627,0.8347777724266052,4.216757774353027,8.667421340942383,200,True
left05,PSM,score_time,FAULT,1.21894109249115,0.12030535191297531,0.780096709728241,1.5976629257202148,1401,True
left05,PSM,score_time,NORMAL_A,0.6844934821128845,0.08344104886054993,0.49355778098106384,1.0000156164169312,200,True
left05,PSM,score_freq,FAULT,1.1857707500457764,0.11505228281021118,0.7789722084999084,1.5505210161209106,1401,True
left05,PSM,score_freq,NORMAL_A,0.6873438954353333,0.08371654152870178,0.4922637343406677,1.0072171688079834,200,True
left05,PSM,score_ms,FAULT,0.6266971826553345,0.06064480543136597,0.35819804668426514,0.9236621260643005,1401,True
left05,PSM,score_ms,NORMAL_A,0.32868218421936035,0.06994692981243134,0.1748608946800232,0.5824422836303711,200,True
left05,PSM,prototype_gate,FAULT,0.9427037835121155,0.007289050612598658,0.9232601523399353,0.9641727209091187,1401,True
left05,PSM,prototype_gate,NORMAL_A,0.9376301765441895,0.00428690854460001,0.9271963238716125,0.9489784836769104,200,True
left05,PSM,cross_path_consistency,FAULT,0.5115164518356323,0.09696267545223236,0.18612252175807953,0.7149078249931335,1401,True
left05,PSM,cross_path_consistency,NORMAL_A,0.2032090425491333,0.0356578528881073,0.14151453971862793,0.30008432269096375,200,True
left05,PSM,cycle,FAULT,1.451151967048645,0.11424122750759125,0.9713570475578308,1.7953839302062988,1401,True
left05,PSM,cycle,NORMAL_A,0.892854630947113,0.07373695075511932,0.7206751108169556,1.1645420789718628,200,True
left05,PSM,score_total,FAULT,1.0389245748519897,0.07401880621910095,0.6647775173187256,1.2862368822097778,1401,True
left05,PSM,score_total,NORMAL_A,0.6107683777809143,0.06840682029724121,0.4570646584033966,0.8734921813011169,200,True
left05,PSM,R0_score,FAULT,20.601736068725586,0.5599760413169861,6.887104511260986,25.051532745361328,1401,True
left05,PSM,R0_score,NORMAL_A,7.06240177154541,0.855885922908783,4.978675842285156,10.077478408813477,200,True
left05,PSM,R0_shared_fit,FAULT,21.131572723388672,0.5438441038131714,7.96995735168457,24.302249908447266,1401,True
left05,PSM,R0_shared_fit,NORMAL_A,6.753947734832764,0.758278489112854,4.849987030029297,8.910707473754883,200,True
left06,PSM,score_time,FAULT,0.6775256991386414,0.08796150237321854,0.4008500576019287,1.0782313346862793,1401,True
left06,PSM,score_time,NORMAL_A,0.6730166077613831,0.07454096525907516,0.4519363045692444,0.8736296892166138,200,True
left06,PSM,score_freq,FAULT,0.6793017983436584,0.0886753723025322,0.43657517433166504,1.07217538356781,1401,True
left06,PSM,score_freq,NORMAL_A,0.6737992763519287,0.07509230077266693,0.45777130126953125,0.8873791098594666,200,True
left06,PSM,score_ms,FAULT,0.3126230835914612,0.06659139692783356,0.1361745148897171,0.6000484228134155,1401,True
left06,PSM,score_ms,NORMAL_A,0.3181435763835907,0.0601157508790493,0.18528397381305695,0.5041841864585876,200,True
left06,PSM,prototype_gate,FAULT,0.9379729628562927,0.0056865583173930645,0.9193794131278992,0.952759861946106,1401,True
left06,PSM,prototype_gate,NORMAL_A,0.935861349105835,0.00448718573898077,0.9269758462905884,0.9513038396835327,200,True
left06,PSM,cross_path_consistency,FAULT,0.2336302101612091,0.04043949395418167,0.14373542368412018,0.3673182725906372,1401,True
left06,PSM,cross_path_consistency,NORMAL_A,0.21148239076137543,0.02742532640695572,0.15205200016498566,0.26481926441192627,200,True
left06,PSM,cycle,FAULT,0.8892929553985596,0.07980599254369736,0.6677653193473816,1.2294336557388306,1401,True
left06,PSM,cycle,NORMAL_A,0.8816644549369812,0.06142747402191162,0.6874933242797852,1.0435692071914673,200,True
left06,PSM,score_total,FAULT,0.6009580492973328,0.06930528581142426,0.4086625874042511,0.8694996237754822,1401,True
left06,PSM,score_total,NORMAL_A,0.5999040007591248,0.05675005167722702,0.43885961174964905,0.7738766670227051,200,True
left06,PSM,R0_score,FAULT,7.046824932098389,0.7924773693084717,4.871685981750488,10.160713195800781,1401,True
left06,PSM,R0_score,NORMAL_A,6.846477031707764,0.7876198887825012,4.805762767791748,9.240599632263184,200,True
left06,PSM,R0_shared_fit,FAULT,6.749296188354492,0.77610182762146,4.607919216156006,10.617801666259766,1401,True
left06,PSM,R0_shared_fit,NORMAL_A,6.614935874938965,0.8300368785858154,4.741814136505127,9.18427562713623,200,True
left01,SMD,score_time,NORMAL_A,0.6582881212234497,0.08369596302509308,0.44582071900367737,0.8610010147094727,200,True
left01,SMD,score_time,NORMAL_B,6.384383678436279,0.0906146988272667,6.097054958343506,6.664485931396484,601,True
left01,SMD,score_time,TRANSITION,4.048107147216797,1.7142715454101562,0.546075701713562,6.485015392303467,800,True
left01,SMD,score_freq,NORMAL_A,0.6674513816833496,0.08692971616983414,0.45987021923065186,0.8684054017066956,200,True
left01,SMD,score_freq,NORMAL_B,6.387282371520996,0.09074120223522186,6.0944600105285645,6.663291931152344,601,True
left01,SMD,score_freq,TRANSITION,4.050972938537598,1.7150732278823853,0.5504379272460938,6.485312461853027,800,True
left01,SMD,score_ms,NORMAL_A,0.4617374539375305,0.08320537209510803,0.2890283763408661,0.674602746963501,200,True
left01,SMD,score_ms,NORMAL_B,6.13743257522583,0.09409864246845245,5.849246025085449,6.405177116394043,601,True
left01,SMD,score_ms,TRANSITION,3.8125967979431152,1.6982123851776123,0.42041826248168945,6.204207897186279,800,True
left01,SMD,prototype_gate,NORMAL_A,0.8556550741195679,0.01405578013509512,0.8371579051017761,0.8881955146789551,200,True
left01,SMD,prototype_gate,NORMAL_B,0.9376537799835205,0.0010080435313284397,0.9341117739677429,0.9404044151306152,601,True
left01,SMD,prototype_gate,TRANSITION,0.9201990365982056,0.025488831102848053,0.8352799415588379,0.9415895938873291,800,True
left01,SMD,cross_path_consistency,NORMAL_A,0.2569708526134491,0.037551600486040115,0.17684467136859894,0.3312799632549286,200,True
left01,SMD,cross_path_consistency,NORMAL_B,0.6032616496086121,0.047787707298994064,0.47845062613487244,0.7466399669647217,601,True
left01,SMD,cross_path_consistency,TRANSITION,0.5155006647109985,0.16240741312503815,0.19790330529212952,0.7511276602745056,800,True
left01,SMD,cycle,NORMAL_A,4.9484381675720215,0.09258955717086792,4.7349419593811035,5.149898529052734,200,True
left01,SMD,cycle,NORMAL_B,11.132406234741211,0.05108185485005379,10.984842300415039,11.296055793762207,601,True
left01,SMD,cycle,TRANSITION,8.640732765197754,1.8565095663070679,4.838148593902588,11.16168212890625,800,True
left01,SMD,score_total,NORMAL_A,1.3590775728225708,0.07945235073566437,1.1909947395324707,1.5416784286499023,200,True
left01,SMD,score_total,NORMAL_B,7.136427879333496,0.08257730305194855,6.895039081573486,7.383353233337402,601,True
left01,SMD,score_total,TRANSITION,4.778223991394043,1.729444980621338,1.3039642572402954,7.184450626373291,800,True
left01,SMD,R0_score,NORMAL_A,7.348819732666016,0.8504033088684082,5.218814373016357,9.666129112243652,200,True
left01,SMD,R0_score,NORMAL_B,70.734375,0.5466353297233582,69.11732482910156,72.42804718017578,601,True
left01,SMD,R0_score,TRANSITION,50.01771545410156,18.68853187561035,6.949416160583496,72.06446075439453,800,True
left01,SMD,R0_shared_fit,NORMAL_A,6.586057186126709,0.729180097579956,4.492472171783447,8.361618041992188,200,True
left01,SMD,R0_shared_fit,NORMAL_B,68.56592559814453,0.5547699928283691,66.65055084228516,70.09038543701172,601,True
left01,SMD,R0_shared_fit,TRANSITION,47.24891662597656,18.32813835144043,5.088647365570068,69.67224884033203,800,True
left02,SMD,score_time,NORMAL_A,0.697522759437561,0.09731719642877579,0.4507414698600769,1.0001553297042847,200,True
left02,SMD,score_time,NORMAL_B,0.7357967495918274,0.08857782930135727,0.49162760376930237,1.0413466691970825,601,True
left02,SMD,score_time,TRANSITION,0.7006248235702515,0.08771780878305435,0.4585075378417969,0.9909778833389282,800,True
left02,SMD,score_freq,NORMAL_A,0.6974208354949951,0.09916093945503235,0.4588380455970764,1.0006455183029175,200,True
left02,SMD,score_freq,NORMAL_B,0.7345826625823975,0.08901073038578033,0.4867797791957855,1.071939468383789,601,True
left02,SMD,score_freq,TRANSITION,0.7043051719665527,0.08752880990505219,0.4863618314266205,1.0129238367080688,800,True
left02,SMD,score_ms,NORMAL_A,0.5056909918785095,0.11633291095495224,0.31288036704063416,0.9508369565010071,200,True
left02,SMD,score_ms,NORMAL_B,0.5416979789733887,0.09611048549413681,0.31545940041542053,0.8657292127609253,601,True
left02,SMD,score_ms,TRANSITION,0.5124029517173767,0.09690351039171219,0.24098174273967743,0.8951126933097839,800,True
left02,SMD,prototype_gate,NORMAL_A,0.8458453416824341,0.0150478919968009,0.8225382566452026,0.881550133228302,200,True
left02,SMD,prototype_gate,NORMAL_B,0.85862797498703,0.015411523170769215,0.8311848044395447,0.8948125839233398,601,True
left02,SMD,prototype_gate,TRANSITION,0.857043445110321,0.015241739340126514,0.8240478038787842,0.8992018103599548,800,True
left02,SMD,cross_path_consistency,NORMAL_A,0.2782798409461975,0.03757959604263306,0.20294536650180817,0.36915794014930725,200,True
left02,SMD,cross_path_consistency,NORMAL_B,0.2555730938911438,0.04779106378555298,0.1546706110239029,0.41645827889442444,601,True
left02,SMD,cross_path_consistency,TRANSITION,0.27015116810798645,0.04540097713470459,0.15147355198860168,0.41793859004974365,800,True
left02,SMD,cycle,NORMAL_A,4.936085224151611,0.12978273630142212,4.735314846038818,5.281665325164795,200,True
left02,SMD,cycle,NORMAL_B,5.030763626098633,0.08690032362937927,4.795046329498291,5.2574334144592285,601,True
left02,SMD,cycle,TRANSITION,4.994976997375488,0.10527046769857407,4.722954273223877,5.292525291442871,800,True
left02,SMD,score_total,NORMAL_A,1.3917698860168457,0.11612972617149353,1.2070518732070923,1.806458830833435,200,True
left02,SMD,score_total,NORMAL_B,1.4395110607147217,0.08673126995563507,1.211376667022705,1.7255232334136963,601,True
left02,SMD,score_total,TRANSITION,1.4089176654815674,0.09385280311107635,1.1373761892318726,1.7745951414108276,800,True
left02,SMD,R0_score,NORMAL_A,7.16363525390625,0.969368577003479,4.838630199432373,11.102972984313965,200,True
left02,SMD,R0_score,NORMAL_B,7.581450939178467,0.8792527318000793,5.19464111328125,10.419137001037598,601,True
left02,SMD,R0_score,TRANSITION,7.411215782165527,0.9573832750320435,5.10262393951416,10.852249145507812,800,True
left02,SMD,R0_shared_fit,NORMAL_A,6.804891586303711,0.8023402094841003,4.905805587768555,9.770757675170898,200,True
left02,SMD,R0_shared_fit,NORMAL_B,7.232728958129883,0.851811945438385,4.676240921020508,10.650550842285156,601,True
left02,SMD,R0_shared_fit,TRANSITION,7.060977935791016,0.854620099067688,4.85940408706665,10.2606201171875,800,True
left03,SMD,score_time,NORMAL_A,0.6805770397186279,0.09782671183347702,0.4683118164539337,1.0061577558517456,200,True
left03,SMD,score_time,NORMAL_B,0.7055217027664185,0.08677788823843002,0.4581111967563629,0.9794581532478333,601,True
left03,SMD,score_time,TRANSITION,0.7349046468734741,0.10531807690858841,0.48082971572875977,1.1128100156784058,800,True
left03,SMD,score_freq,NORMAL_A,0.6897278428077698,0.10133896768093109,0.4593242108821869,1.0321896076202393,200,True
left03,SMD,score_freq,NORMAL_B,0.7069108486175537,0.08840023726224899,0.46035701036453247,1.0038968324661255,601,True
left03,SMD,score_freq,TRANSITION,0.7374463081359863,0.10663547366857529,0.4818704426288605,1.1649922132492065,800,True
left03,SMD,score_ms,NORMAL_A,0.5111493468284607,0.10786470025777817,0.2979970872402191,0.8671553730964661,200,True
left03,SMD,score_ms,NORMAL_B,0.5037150979042053,0.08977103233337402,0.2737545073032379,0.8840348124504089,601,True
left03,SMD,score_ms,TRANSITION,0.5574472546577454,0.11119920760393143,0.3078767955303192,1.0135084390640259,800,True
left03,SMD,prototype_gate,NORMAL_A,0.8899085521697998,0.026260897517204285,0.8427333831787109,0.9299139976501465,200,True
left03,SMD,prototype_gate,NORMAL_B,0.8422994613647461,0.0099832434207201,0.8226281404495239,0.8704273700714111,601,True
left03,SMD,prototype_gate,TRANSITION,0.8703399896621704,0.01828080788254738,0.8327711820602417,0.9151827692985535,800,True
left03,SMD,cross_path_consistency,NORMAL_A,0.2794547379016876,0.05547164008021355,0.15882043540477753,0.40189218521118164,200,True
left03,SMD,cross_path_consistency,NORMAL_B,0.24363678693771362,0.033183321356773376,0.1531941443681717,0.3515741527080536,601,True
left03,SMD,cross_path_consistency,TRANSITION,0.282441645860672,0.05694742873311043,0.138777494430542,0.42065706849098206,800,True
left03,SMD,cycle,NORMAL_A,5.152587413787842,0.16814447939395905,4.803705215454102,5.439100742340088,200,True
left03,SMD,cycle,NORMAL_B,4.9229960441589355,0.06971894204616547,4.724475860595703,5.1387505531311035,601,True
left03,SMD,cycle,TRANSITION,5.0962042808532715,0.12722057104110718,4.8270263671875,5.49010705947876,800,True
left03,SMD,score_total,NORMAL_A,1.4394371509552002,0.10867807269096375,1.199138879776001,1.7471797466278076,200,True
left03,SMD,score_total,NORMAL_B,1.3875713348388672,0.08159467577934265,1.1702296733856201,1.7179678678512573,601,True
left03,SMD,score_total,TRANSITION,1.4651986360549927,0.10648876428604126,1.2194708585739136,1.859482765197754,800,True
left03,SMD,R0_score,NORMAL_A,7.199543476104736,1.0101696252822876,4.649759292602539,10.009110450744629,200,True
left03,SMD,R0_score,NORMAL_B,7.524886131286621,0.9162104725837708,5.03684663772583,11.2196683883667,601,True
left03,SMD,R0_score,TRANSITION,7.881965160369873,1.0365173816680908,5.388946056365967,12.555908203125,800,True
left03,SMD,R0_shared_fit,NORMAL_A,6.871549606323242,0.8901681303977966,4.656099319458008,9.832592964172363,200,True
left03,SMD,R0_shared_fit,NORMAL_B,7.153397560119629,0.8344236612319946,5.014754295349121,9.498455047607422,601,True
left03,SMD,R0_shared_fit,TRANSITION,7.548439979553223,1.054097056388855,4.946167469024658,12.93943977355957,800,True
left04,SMD,score_time,FAULT,0.7025551795959473,0.09103930741548538,0.4196086525917053,1.0106538534164429,1401,True
left04,SMD,score_time,NORMAL_A,0.6564908027648926,0.08302047848701477,0.4282321631908417,0.8596426844596863,200,True
left04,SMD,score_freq,FAULT,0.7034539580345154,0.09023119509220123,0.43578681349754333,1.0144826173782349,1401,True
left04,SMD,score_freq,NORMAL_A,0.6616137623786926,0.08165407925844193,0.4548613429069519,0.8809948563575745,200,True
left04,SMD,score_ms,FAULT,0.51561439037323,0.10652367770671844,0.2792797386646271,1.0031806230545044,1401,True
left04,SMD,score_ms,NORMAL_A,0.47461432218551636,0.08455604314804077,0.24567052721977234,0.6961395144462585,200,True
left04,SMD,prototype_gate,FAULT,0.8568764328956604,0.02136814221739769,0.8241704702377319,0.9389309883117676,1401,True
left04,SMD,prototype_gate,NORMAL_A,0.8526328802108765,0.010423560626804829,0.8297047019004822,0.8817622661590576,200,True
left04,SMD,cross_path_consistency,FAULT,0.26041048765182495,0.04679068922996521,0.14367429912090302,0.4597167670726776,1401,True
left04,SMD,cross_path_consistency,NORMAL_A,0.27525073289871216,0.06114600971341133,0.1717826873064041,0.4253960847854614,200,True
left04,SMD,cycle,FAULT,4.993869304656982,0.12812191247940063,4.763146877288818,5.450778484344482,1401,True
left04,SMD,cycle,NORMAL_A,4.935317039489746,0.06686066091060638,4.795129299163818,5.137328147888184,200,True
left04,SMD,score_total,FAULT,1.4112653732299805,0.10152338445186615,1.1938598155975342,1.8577672243118286,1401,True
left04,SMD,score_total,NORMAL_A,1.3667548894882202,0.07600506395101547,1.1555622816085815,1.5512665510177612,200,True
left04,SMD,R0_score,FAULT,8.015800476074219,1.0533027648925781,5.437468528747559,11.635448455810547,1401,True
left04,SMD,R0_score,NORMAL_A,7.709066390991211,1.2481062412261963,5.3243231773376465,11.538053512573242,200,True
left04,SMD,R0_shared_fit,FAULT,6.929927349090576,0.8247694969177246,4.467794895172119,9.55346965789795,1401,True
left04,SMD,R0_shared_fit,NORMAL_A,6.654289722442627,0.8347777724266052,4.216757774353027,8.667421340942383,200,True
left05,SMD,score_time,FAULT,1.056697964668274,0.0835178792476654,0.7700825333595276,1.363698124885559,1401,True
left05,SMD,score_time,NORMAL_A,0.6851383447647095,0.08415336161851883,0.4842402935028076,1.0073342323303223,200,True
left05,SMD,score_freq,FAULT,1.0487587451934814,0.08512288331985474,0.7849360108375549,1.3695590496063232,1401,True
left05,SMD,score_freq,NORMAL_A,0.6862910985946655,0.08364877104759216,0.49092981219291687,1.0098410844802856,200,True
left05,SMD,score_ms,FAULT,1.1447312831878662,0.18012544512748718,0.5227470993995667,1.870740294456482,1401,True
left05,SMD,score_ms,NORMAL_A,0.49939072132110596,0.10031548142433167,0.30318504571914673,0.8830249905586243,200,True
left05,SMD,prototype_gate,FAULT,0.9202179312705994,0.022488892078399658,0.8215340971946716,0.9427469968795776,1401,True
left05,SMD,prototype_gate,NORMAL_A,0.8433548808097839,0.00731660844758153,0.8296337127685547,0.8604689836502075,200,True
left05,SMD,cross_path_consistency,FAULT,0.7876561880111694,0.24306146800518036,0.17041227221488953,1.2435928583145142,1401,True
left05,SMD,cross_path_consistency,NORMAL_A,0.2595668137073517,0.04342912510037422,0.16084840893745422,0.3798229992389679,200,True
left05,SMD,cycle,FAULT,5.7162017822265625,0.1428951472043991,4.858957767486572,5.973507881164551,1401,True
left05,SMD,cycle,NORMAL_A,4.908297538757324,0.07431639730930328,4.770308494567871,5.153805732727051,200,True
left05,SMD,score_total,FAULT,2.059025287628174,0.16061191260814667,1.3899892568588257,2.686933994293213,1401,True
left05,SMD,score_total,NORMAL_A,1.3811721801757812,0.09283975511789322,1.197135090827942,1.7371809482574463,200,True
left05,SMD,R0_score,FAULT,20.601736068725586,0.5599760413169861,6.887104511260986,25.051532745361328,1401,True
left05,SMD,R0_score,NORMAL_A,7.06240177154541,0.855885922908783,4.978675842285156,10.077478408813477,200,True
left05,SMD,R0_shared_fit,FAULT,21.131572723388672,0.5438441038131714,7.96995735168457,24.302249908447266,1401,True
left05,SMD,R0_shared_fit,NORMAL_A,6.753947734832764,0.758278489112854,4.849987030029297,8.910707473754883,200,True
left06,SMD,score_time,FAULT,0.6772016286849976,0.08844055235385895,0.4235781133174896,1.0601075887680054,1401,True
left06,SMD,score_time,NORMAL_A,0.6739070415496826,0.07459799945354462,0.4528746008872986,0.872285008430481,200,True
left06,SMD,score_freq,FAULT,0.6806926131248474,0.08949168026447296,0.4201759099960327,1.070598840713501,1401,True
left06,SMD,score_freq,NORMAL_A,0.6708791851997375,0.0766550749540329,0.4382050931453705,0.8729355931282043,200,True
left06,SMD,score_ms,FAULT,0.4848518371582031,0.09165403991937637,0.2264367789030075,0.8585009574890137,1401,True
left06,SMD,score_ms,NORMAL_A,0.47493332624435425,0.0753096491098404,0.3209916949272156,0.6768112182617188,200,True
left06,SMD,prototype_gate,FAULT,0.8536808490753174,0.018214182928204536,0.8197475075721741,0.8997795581817627,1401,True
left06,SMD,prototype_gate,NORMAL_A,0.8360070586204529,0.008979198522865772,0.8201140761375427,0.8559954762458801,200,True
left06,SMD,cross_path_consistency,FAULT,0.2692228853702545,0.050441544502973557,0.1432194858789444,0.4818694591522217,1401,True
left06,SMD,cross_path_consistency,NORMAL_A,0.24464574456214905,0.03454235941171646,0.1618441939353943,0.3292042315006256,200,True
left06,SMD,cycle,FAULT,4.9575514793396,0.10605926066637039,4.72097110748291,5.32327938079834,1401,True
left06,SMD,cycle,NORMAL_A,4.859176158905029,0.06021163612604141,4.732300758361816,5.012196063995361,200,True
left06,SMD,score_total,FAULT,1.3793917894363403,0.08522368222475052,1.1316311359405518,1.7103688716888428,1401,True
left06,SMD,score_total,NORMAL_A,1.351781964302063,0.06959820538759232,1.2050706148147583,1.5434730052947998,200,True
left06,SMD,R0_score,FAULT,7.046824932098389,0.7924773693084717,4.871685981750488,10.160713195800781,1401,True
left06,SMD,R0_score,NORMAL_A,6.846477031707764,0.7876198887825012,4.805762767791748,9.240599632263184,200,True
left06,SMD,R0_shared_fit,FAULT,6.749296188354492,0.77610182762146,4.607919216156006,10.617801666259766,1401,True
left06,SMD,R0_shared_fit,NORMAL_A,6.614935874938965,0.8300368785858154,4.741814136505127,9.18427562713623,200,True
