case,anchor,seed,score,tau,NORMAL_A_FPR,NORMAL_B_FPR,TRANSITION_FPR,fault_recall,event_delay_hours,event_detected,AP,AUROC,VUS_PR
left01,PSM,11,score_time,0.9467111498117452,0.0,1.0,0.945,,,,,,
left01,PSM,11,score_freq,0.9459252268075944,0.0,1.0,0.945,,,,,,
left01,PSM,11,score_ms,0.5400706529617311,0.0,1.0,0.91375,,,,,,
left01,PSM,11,prototype_gate,0.9537432760000228,0.08,1.0,0.925,,,,,,
left01,PSM,11,cross_path_consistency,0.3262895017862323,0.005,1.0,0.9575,,,,,,
left01,PSM,11,cycle,1.1358187615871438,0.0,1.0,0.95,,,,,,
left01,PSM,11,score_total,0.8319405198097233,0.0,1.0,0.9375,,,,,,
left01,PSM,11,R0_score,9.685461601106397,0.0,1.0,0.955,,,,,,
left01,PSM,11,R0_shared_fit,8.863966359051126,0.0,1.0,0.95625,,,,,,
left02,PSM,11,score_time,0.9467111498117452,0.005,0.04159733777038269,0.01375,,,,,,
left02,PSM,11,score_freq,0.9459252268075944,0.005,0.04492512479201331,0.01375,,,,,,
left02,PSM,11,score_ms,0.5400706529617311,0.01,0.0016638935108153079,0.00125,,,,,,
left02,PSM,11,prototype_gate,0.9537432760000228,0.0,0.10981697171381032,0.07375,,,,,,
left02,PSM,11,cross_path_consistency,0.3262895017862323,0.0,0.5158069883527454,0.3675,,,,,,
left02,PSM,11,cycle,1.1358187615871438,0.01,0.06821963394342762,0.02,,,,,,
left02,PSM,11,score_total,0.8319405198097233,0.01,0.011647254575707155,0.005,,,,,,
left02,PSM,11,R0_score,9.767055626204465,0.02,0.013311148086522463,0.0125,,,,,,
left02,PSM,11,R0_shared_fit,8.863966359051126,0.015,0.04159733777038269,0.025,,,,,,
left03,PSM,11,score_time,0.9467111498117452,0.005,0.016638935108153077,0.04625,,,,,,
left03,PSM,11,score_freq,0.9459252268075944,0.005,0.011647254575707155,0.0475,,,,,,
left03,PSM,11,score_ms,0.5400706529617311,0.0,0.0016638935108153079,0.0075,,,,,,
left03,PSM,11,prototype_gate,0.9537432760000228,0.06,0.03993344425956739,0.12625,,,,,,
left03,PSM,11,cross_path_consistency,0.3262895017862323,0.06,0.17304492512479203,0.33125,,,,,,
left03,PSM,11,cycle,1.1358187615871438,0.005,0.019966722129783693,0.0575,,,,,,
left03,PSM,11,score_total,0.8319405198097233,0.005,0.004991680532445923,0.0275,,,,,,
left03,PSM,11,R0_score,9.568086207248479,0.02,0.024958402662229616,0.06,,,,,,
left03,PSM,11,R0_shared_fit,8.863966359051126,0.035,0.028286189683860232,0.10125,,,,,,
left04,PSM,11,score_time,0.9467111498117452,0.0,,,0.005710206995003569,9.300000000000004,True,0.9204939672282164,0.6234368308351177,
left04,PSM,11,score_freq,0.9459252268075944,0.0,,,0.005710206995003569,9.300000000000004,True,0.9214703644639708,0.6264668094218415,
left04,PSM,11,score_ms,0.5400706529617311,0.0,,,0.004996431120628123,9.25,True,0.9124491576850825,0.5919557458957887,
left04,PSM,11,prototype_gate,0.9537432760000228,0.025,,,0.0021413276231263384,9.899999999999999,True,0.7925189269416488,0.34109207708779443,
left04,PSM,11,cross_path_consistency,0.3262895017862323,0.0,,,0.027837259100642397,9.850000000000001,True,0.9738170394297876,0.8501927194860813,
left04,PSM,11,cycle,1.1358187615871438,0.0,,,0.004996431120628123,9.25,True,0.9300897876288428,0.6551391862955032,
left04,PSM,11,score_total,0.8319405198097233,0.0,,,0.004282655246252677,9.25,True,0.9245467769964448,0.6339935760171305,0.9256985058917534
left04,PSM,11,R0_score,10.894465702469525,0.02,,,0.004996431120628123,9.300000000000004,True,0.8898865659886428,0.5920235546038544,0.8916601597254071
left04,PSM,11,R0_shared_fit,8.863966359051126,0.0,,,0.013561741613133477,3.450000000000003,True,0.9055984625853402,0.5842398286937901,0.907505480242531
left05,PSM,11,score_time,0.9467111498117452,0.005,,,0.9935760171306209,0.05000000000000071,True,0.9999642607805154,0.9997501784439686,
left05,PSM,11,score_freq,0.9459252268075944,0.005,,,0.9907209136331192,0.05000000000000071,True,0.9999488249724379,0.9996466809421841,
left05,PSM,11,score_ms,0.5400706529617311,0.005,,,0.9464668094218416,0.05000000000000071,True,0.9997210225428921,0.9982155603140614,
left05,PSM,11,prototype_gate,0.9537432760000228,0.0,,,0.07780157030692363,9.050000000000004,True,0.9509514166927711,0.7111117059243397,
left05,PSM,11,cross_path_consistency,0.3262895017862323,0.0,,,0.9300499643112062,0.5,True,0.999717010867587,0.99796573875803,
left05,PSM,11,cycle,1.1358187615871438,0.005,,,0.9992862241256245,0.05000000000000071,True,0.9999835288320618,0.999882226980728,
left05,PSM,11,score_total,0.8319405198097233,0.005,,,0.9985724482512491,0.05000000000000071,True,0.99998000020298,0.9998572448251248,0.9999746054895582
left05,PSM,11,R0_score,8.284553383642058,0.07,,,0.9992862241256245,0.05000000000000071,True,0.9999467261071305,0.9995967166309778,0.9999600140900017
left05,PSM,11,R0_shared_fit,8.863966359051126,0.005,,,0.9992862241256245,0.05000000000000071,True,0.999994439423075,0.9999607423269093,0.999990890324131
left06,PSM,11,score_time,0.9467111498117452,0.0,,,0.004282655246252677,1.6000000000000014,True,0.8879524236340285,0.5055603140613847,
left06,PSM,11,score_freq,0.9459252268075944,0.0,,,0.005710206995003569,1.6000000000000014,True,0.8890029856440549,0.5095895788722341,
left06,PSM,11,score_ms,0.5400706529617311,0.0,,,0.004282655246252677,0.05000000000000071,True,0.8710560936123594,0.4657173447537474,
left06,PSM,11,prototype_gate,0.9537432760000228,0.0,,,0.0,,False,0.921327809225704,0.6442969307637402,
left06,PSM,11,cross_path_consistency,0.3262895017862323,0.0,,,0.023554603854389723,13.75,True,0.937319213703088,0.6592505353319058,
left06,PSM,11,cycle,1.1358187615871438,0.0,,,0.004282655246252677,13.800000000000004,True,0.8963755595831765,0.5191042112776588,
left06,PSM,11,score_total,0.8319405198097233,0.0,,,0.004282655246252677,0.10000000000000142,True,0.8849564673980703,0.4947359029264811,0.886853264699617
left06,PSM,11,R0_score,8.784828762966981,0.01,,,0.017844396859386154,0.05000000000000071,True,0.8983802512183757,0.5680728051391863,0.8991679462991948
left06,PSM,11,R0_shared_fit,8.863966359051126,0.005,,,0.006423982869379015,0.05000000000000071,True,0.8871049283795828,0.5404817987152034,0.8886155851374264
left01,SMD,11,score_time,0.9518412083387386,0.0,1.0,0.9425,,,,,,
left01,SMD,11,score_freq,0.9600507318973542,0.0,1.0,0.94125,,,,,,
left01,SMD,11,score_ms,0.8464436829090121,0.0,1.0,0.93375,,,,,,
left01,SMD,11,prototype_gate,0.902225786447525,0.0,1.0,0.8125,,,,,,
left01,SMD,11,cross_path_consistency,0.44095345437526734,0.0,1.0,0.70125,,,,,,
left01,SMD,11,cycle,5.222287058830261,0.0,1.0,0.935,,,,,,
left01,SMD,11,score_total,1.6875636100769043,0.0,1.0,0.935,,,,,,
left01,SMD,11,R0_score,9.685461601106397,0.0,1.0,0.955,,,,,,
left01,SMD,11,R0_shared_fit,8.863966359051126,0.0,1.0,0.95625,,,,,,
left02,SMD,11,score_time,0.9518412083387386,0.005,0.009983361064891847,0.00125,,,,,,
left02,SMD,11,score_freq,0.9600507318973542,0.005,0.0033277870216306157,0.00125,,,,,,
left02,SMD,11,score_ms,0.8464436829090121,0.015,0.0033277870216306157,0.00375,,,,,,
left02,SMD,11,prototype_gate,0.902225786447525,0.0,0.0,0.0,,,,,,
left02,SMD,11,cross_path_consistency,0.44095345437526734,0.0,0.0,0.0,,,,,,
left02,SMD,11,cycle,5.222287058830261,0.035,0.008319467554076539,0.0225,,,,,,
left02,SMD,11,score_total,1.6875636100769043,0.02,0.008319467554076539,0.005,,,,,,
left02,SMD,11,R0_score,9.767055626204465,0.02,0.013311148086522463,0.0125,,,,,,
left02,SMD,11,R0_shared_fit,8.863966359051126,0.015,0.04159733777038269,0.025,,,,,,
left03,SMD,11,score_time,0.9518412083387386,0.01,0.0066555740432612314,0.04,,,,,,
left03,SMD,11,score_freq,0.9600507318973542,0.005,0.0066555740432612314,0.03875,,,,,,
left03,SMD,11,score_ms,0.8464436829090121,0.005,0.0033277870216306157,0.02125,,,,,,
left03,SMD,11,prototype_gate,0.902225786447525,0.41,0.0,0.0425,,,,,,
left03,SMD,11,cross_path_consistency,0.44095345437526734,0.0,0.0,0.0,,,,,,
left03,SMD,11,cycle,5.222287058830261,0.385,0.0,0.15125,,,,,,
left03,SMD,11,score_total,1.6875636100769043,0.025,0.0033277870216306157,0.035,,,,,,
left03,SMD,11,R0_score,9.568086207248479,0.02,0.024958402662229616,0.06,,,,,,
left03,SMD,11,R0_shared_fit,8.863966359051126,0.035,0.028286189683860232,0.10125,,,,,,
left04,SMD,11,score_time,0.9518412083387386,0.0,,,0.005710206995003569,9.300000000000004,True,0.9245543112052773,0.6372983583154889,
left04,SMD,11,score_freq,0.9600507318973542,0.0,,,0.005710206995003569,9.300000000000004,True,0.9219200633710805,0.626425767309065,
left04,SMD,11,score_ms,0.8464436829090121,0.0,,,0.005710206995003569,9.200000000000003,True,0.9179474185241258,0.599478943611706,
left04,SMD,11,prototype_gate,0.902225786447525,0.0,,,0.042826552462526764,6.25,True,0.9023931017248956,0.49352962169878656,
left04,SMD,11,cross_path_consistency,0.44095345437526734,0.0,,,0.0014275517487508922,48.45,True,0.8344937065973743,0.44265167737330474,
left04,SMD,11,cycle,5.222287058830261,0.0,,,0.06780870806566738,1.1000000000000014,True,0.928782905070551,0.6180906495360456,
left04,SMD,11,score_total,1.6875636100769043,0.0,,,0.009992862241256246,9.200000000000003,True,0.9243985956827937,0.6159707351891506,0.926106578923766
left04,SMD,11,R0_score,10.894465702469525,0.02,,,0.004996431120628123,9.300000000000004,True,0.8898865659886428,0.5920235546038544,0.8916601597254071
left04,SMD,11,R0_shared_fit,8.863966359051126,0.0,,,0.013561741613133477,3.450000000000003,True,0.9055984625853402,0.5842398286937901,0.907505480242531
left05,SMD,11,score_time,0.9518412083387386,0.005,,,0.9022127052105638,0.05000000000000071,True,0.9997122621657143,0.9982262669521771,
left05,SMD,11,score_freq,0.9600507318973542,0.005,,,0.854389721627409,0.05000000000000071,True,0.9996363339744497,0.997819414703783,
left05,SMD,11,score_ms,0.8464436829090121,0.005,,,0.9557458957887224,0.05000000000000071,True,0.9998684164611118,0.9990756602426838,
left05,SMD,11,prototype_gate,0.902225786447525,0.0,,,0.8722341184867951,8.25,True,0.9989905878017435,0.9926516773733047,
left05,SMD,11,cross_path_consistency,0.44095345437526734,0.0,,,0.8665239114917915,9.050000000000004,True,0.9924288442385603,0.944737687366167,
left05,SMD,11,cycle,5.222287058830261,0.0,,,0.9921484653818701,0.10000000000000142,True,0.9999297618282025,0.9994575303354747,
left05,SMD,11,score_total,1.6875636100769043,0.005,,,0.9907209136331192,0.05000000000000071,True,0.99993352213541,0.9995217701641684,0.9999257942877364
left05,SMD,11,R0_score,8.284553383642058,0.07,,,0.9992862241256245,0.05000000000000071,True,0.9999467261071305,0.9995967166309778,0.9999600140900017
left05,SMD,11,R0_shared_fit,8.863966359051126,0.005,,,0.9992862241256245,0.05000000000000071,True,0.999994439423075,0.9999607423269093,0.999990890324131
left06,SMD,11,score_time,0.9518412083387386,0.0,,,0.0035688793718772305,0.10000000000000142,True,0.8865628525059859,0.5,
left06,SMD,11,score_freq,0.9600507318973542,0.0,,,0.004996431120628123,0.10000000000000142,True,0.8924602295094035,0.522473233404711,
left06,SMD,11,score_ms,0.8464436829090121,0.0,,,0.0007137758743754461,14.75,True,0.8931453186291614,0.5245753033547467,
left06,SMD,11,prototype_gate,0.902225786447525,0.0,,,0.0,,False,0.965330457301709,0.7870467523197716,
left06,SMD,11,cross_path_consistency,0.44095345437526734,0.0,,,0.006423982869379015,67.75,True,0.9273544211861691,0.6352569593147752,
left06,SMD,11,cycle,5.222287058830261,0.0,,,0.005710206995003569,32.0,True,0.9635081452179002,0.7798733047822983,
left06,SMD,11,score_total,1.6875636100769043,0.0,,,0.0014275517487508922,14.75,True,0.9124339802666098,0.5936509635974304,0.9137934351689336
left06,SMD,11,R0_score,8.784828762966981,0.01,,,0.017844396859386154,0.05000000000000071,True,0.8983802512183757,0.5680728051391863,0.8991679462991948
left06,SMD,11,R0_shared_fit,8.863966359051126,0.005,,,0.006423982869379015,0.05000000000000071,True,0.8871049283795828,0.5404817987152034,0.8886155851374264
