machine,start,length,op,policy,written_frac,ratio_vs_A,point_recall
machine-1-6,4647,398,W1,A_no_update,0.000,1.000,0.247
machine-1-6,4647,398,W1,B_always,1.000,0.401,0.034
machine-1-6,4647,398,W1,C_lb,0.000,0.989,0.228
machine-1-6,4647,398,W1,C_threshold,0.683,0.412,0.035
machine-1-6,4647,398,W1,DE_stab,0.482,0.457,0.035
machine-1-6,4647,398,W1,DE_stab512,0.482,0.457,0.035
machine-1-6,4647,398,W1,DE_stab_lb,0.330,0.861,0.163
machine-1-6,4647,398,W1,DEph_cv,0.482,0.457,0.035
machine-1-6,4647,398,W1,D_quarantine,0.683,0.412,0.035
machine-1-6,4647,398,W1,D_trail512,0.482,0.457,0.035
machine-1-6,4647,398,W1,H_hold,0.482,0.457,0.035
machine-1-6,4647,398,W1,rand_DE,0.864,0.418,0.035
machine-1-6,4647,398,W2_f0995,A_no_update,0.000,1.000,0.426
machine-1-6,4647,398,W2_f0995,B_always,1.000,0.388,0.020
machine-1-6,4647,398,W2_f0995,C_lb,0.441,0.517,0.033
machine-1-6,4647,398,W2_f0995,C_threshold,0.776,0.405,0.020
machine-1-6,4647,398,W2_f0995,DE_stab,0.603,0.431,0.024
machine-1-6,4647,398,W2_f0995,DE_stab512,0.603,0.431,0.024
machine-1-6,4647,398,W2_f0995,DE_stab_lb,0.652,0.645,0.197
machine-1-6,4647,398,W2_f0995,DEph_cv,0.603,0.431,0.024
machine-1-6,4647,398,W2_f0995,D_quarantine,0.776,0.405,0.020
machine-1-6,4647,398,W2_f0995,D_trail512,0.603,0.431,0.024
machine-1-6,4647,398,W2_f0995,H_hold,0.603,0.431,0.024
machine-1-6,4647,398,W2_f0995,rand_DE,0.847,0.399,0.020
machine-1-6,4647,398,W3_b01,A_no_update,0.000,1.000,0.184
machine-1-6,4647,398,W3_b01,B_always,1.000,0.372,0.020
machine-1-6,4647,398,W3_b01,C_lb,0.428,0.478,0.023
machine-1-6,4647,398,W3_b01,C_threshold,0.696,0.381,0.031
machine-1-6,4647,398,W3_b01,DE_stab,0.603,0.424,0.037
machine-1-6,4647,398,W3_b01,DE_stab512,0.603,0.424,0.037
machine-1-6,4647,398,W3_b01,DE_stab_lb,0.335,0.487,0.023
machine-1-6,4647,398,W3_b01,DEph_cv,0.603,0.424,0.037
machine-1-6,4647,398,W3_b01,D_quarantine,0.696,0.381,0.031
machine-1-6,4647,398,W3_b01,D_trail512,0.603,0.424,0.037
machine-1-6,4647,398,W3_b01,H_hold,0.603,0.424,0.037
machine-1-6,4647,398,W3_b01,rand_DE,0.813,0.388,0.021
machine-1-6,18600,3161,W1,A_no_update,0.000,1.000,0.983
machine-1-6,18600,3161,W1,B_always,1.000,0.275,0.162
machine-1-6,18600,3161,W1,C_lb,0.000,0.999,0.979
machine-1-6,18600,3161,W1,C_threshold,0.031,0.706,0.929
machine-1-6,18600,3161,W1,DE_stab,0.258,0.500,0.553
machine-1-6,18600,3161,W1,DE_stab512,0.258,0.500,0.553
machine-1-6,18600,3161,W1,DE_stab_lb,0.162,0.570,0.662
machine-1-6,18600,3161,W1,DEph_cv,0.031,0.707,0.929
machine-1-6,18600,3161,W1,D_quarantine,0.650,0.403,0.364
machine-1-6,18600,3161,W1,D_trail512,0.446,0.427,0.397
machine-1-6,18600,3161,W1,H_hold,0.031,0.707,0.929
machine-1-6,18600,3161,W1,rand_DE,0.808,0.279,0.165
machine-1-6,18600,3161,W2_f0995,A_no_update,0.000,1.000,0.991
machine-1-6,18600,3161,W2_f0995,B_always,1.000,0.315,0.171
machine-1-6,18600,3161,W2_f0995,C_lb,0.000,0.752,0.945
machine-1-6,18600,3161,W2_f0995,C_threshold,0.046,0.667,0.914
machine-1-6,18600,3161,W2_f0995,DE_stab,0.356,0.478,0.414
machine-1-6,18600,3161,W2_f0995,DE_stab512,0.270,0.486,0.455
machine-1-6,18600,3161,W2_f0995,DE_stab_lb,0.272,0.530,0.474
machine-1-6,18600,3161,W2_f0995,DEph_cv,0.015,0.670,0.931
machine-1-6,18600,3161,W2_f0995,D_quarantine,0.641,0.447,0.404
machine-1-6,18600,3161,W2_f0995,D_trail512,0.491,0.397,0.277
machine-1-6,18600,3161,W2_f0995,H_hold,0.015,0.670,0.931
machine-1-6,18600,3161,W2_f0995,rand_DE,0.827,0.325,0.184
machine-1-6,18600,3161,W3_b01,A_no_update,0.000,1.000,0.982
machine-1-6,18600,3161,W3_b01,B_always,1.000,0.266,0.153
machine-1-6,18600,3161,W3_b01,C_lb,0.000,0.866,0.965
machine-1-6,18600,3161,W3_b01,C_threshold,0.042,0.683,0.890
machine-1-6,18600,3161,W3_b01,DE_stab,0.343,0.521,0.464
machine-1-6,18600,3161,W3_b01,DE_stab512,0.283,0.526,0.475
machine-1-6,18600,3161,W3_b01,DE_stab_lb,0.209,0.506,0.489
machine-1-6,18600,3161,W3_b01,DEph_cv,0.027,0.783,0.931
machine-1-6,18600,3161,W3_b01,D_quarantine,0.631,0.425,0.439
machine-1-6,18600,3161,W3_b01,D_trail512,0.489,0.443,0.387
machine-1-6,18600,3161,W3_b01,H_hold,0.027,0.783,0.931
machine-1-6,18600,3161,W3_b01,rand_DE,0.835,0.272,0.163
machine-2-7,18639,305,W1,A_no_update,0.000,1.000,0.999
machine-2-7,18639,305,W1,B_always,1.000,0.234,0.266
machine-2-7,18639,305,W1,C_lb,0.000,1.000,0.998
machine-2-7,18639,305,W1,C_threshold,0.000,1.000,0.999
machine-2-7,18639,305,W1,DE_stab,0.738,0.812,0.873
machine-2-7,18639,305,W1,DE_stab512,0.000,1.000,0.999
machine-2-7,18639,305,W1,DE_stab_lb,0.703,0.813,0.872
machine-2-7,18639,305,W1,DEph_cv,0.000,1.000,0.999
machine-2-7,18639,305,W1,D_quarantine,0.000,1.000,0.999
machine-2-7,18639,305,W1,D_trail512,0.000,1.000,0.999
machine-2-7,18639,305,W1,H_hold,0.000,1.000,0.999
machine-2-7,18639,305,W1,rand_DE,0.930,0.244,0.299
machine-2-7,18639,305,W2_f0995,A_no_update,0.000,1.000,0.980
machine-2-7,18639,305,W2_f0995,B_always,1.000,0.397,0.373
machine-2-7,18639,305,W2_f0995,C_lb,0.000,0.926,0.970
machine-2-7,18639,305,W2_f0995,C_threshold,0.000,0.899,0.969
machine-2-7,18639,305,W2_f0995,DE_stab,0.281,0.841,0.909
machine-2-7,18639,305,W2_f0995,DE_stab512,0.000,0.899,0.969
machine-2-7,18639,305,W2_f0995,DE_stab_lb,0.263,0.864,0.910
machine-2-7,18639,305,W2_f0995,DEph_cv,0.000,0.899,0.969
machine-2-7,18639,305,W2_f0995,D_quarantine,0.000,0.899,0.969
machine-2-7,18639,305,W2_f0995,D_trail512,0.000,0.899,0.969
machine-2-7,18639,305,W2_f0995,H_hold,0.000,0.899,0.969
machine-2-7,18639,305,W2_f0995,rand_DE,0.983,0.398,0.373
machine-2-7,18639,305,W3_b01,A_no_update,0.000,1.000,0.976
machine-2-7,18639,305,W3_b01,B_always,1.000,0.222,0.180
machine-2-7,18639,305,W3_b01,C_lb,0.000,0.928,0.972
machine-2-7,18639,305,W3_b01,C_threshold,0.000,0.927,0.970
machine-2-7,18639,305,W3_b01,DE_stab,0.790,0.754,0.792
machine-2-7,18639,305,W3_b01,DE_stab512,0.000,0.927,0.970
machine-2-7,18639,305,W3_b01,DE_stab_lb,0.738,0.757,0.817
machine-2-7,18639,305,W3_b01,DEph_cv,0.000,0.927,0.970
machine-2-7,18639,305,W3_b01,D_quarantine,0.000,0.927,0.970
machine-2-7,18639,305,W3_b01,D_trail512,0.000,0.927,0.970
machine-2-7,18639,305,W3_b01,H_hold,0.000,0.927,0.970
machine-2-7,18639,305,W3_b01,rand_DE,0.983,0.223,0.180
machine-3-7,21201,311,W1,A_no_update,0.000,1.000,0.785
machine-3-7,21201,311,W1,B_always,1.000,0.308,0.158
machine-3-7,21201,311,W1,C_lb,0.051,0.997,0.788
machine-3-7,21201,311,W1,C_threshold,0.103,0.998,0.788
machine-3-7,21201,311,W1,DE_stab,0.746,0.998,0.788
machine-3-7,21201,311,W1,DE_stab512,0.334,0.998,0.788
machine-3-7,21201,311,W1,DE_stab_lb,0.746,0.997,0.788
machine-3-7,21201,311,W1,DEph_cv,0.334,0.998,0.788
machine-3-7,21201,311,W1,D_quarantine,0.900,0.998,0.788
machine-3-7,21201,311,W1,D_trail512,0.334,0.998,0.788
machine-3-7,21201,311,W1,H_hold,0.000,0.998,0.788
machine-3-7,21201,311,W1,rand_DE,0.863,0.328,0.158
machine-3-7,21201,311,W2_f0995,A_no_update,0.000,1.000,0.785
machine-3-7,21201,311,W2_f0995,B_always,1.000,0.609,0.415
machine-3-7,21201,311,W2_f0995,C_lb,0.154,0.989,0.788
machine-3-7,21201,311,W2_f0995,C_threshold,0.154,0.985,0.788
machine-3-7,21201,311,W2_f0995,DE_stab,0.540,0.988,0.788
machine-3-7,21201,311,W2_f0995,DE_stab512,0.154,0.988,0.788
machine-3-7,21201,311,W2_f0995,DE_stab_lb,0.540,0.990,0.788
machine-3-7,21201,311,W2_f0995,DEph_cv,0.540,0.988,0.788
machine-3-7,21201,311,W2_f0995,D_quarantine,0.952,0.985,0.788
machine-3-7,21201,311,W2_f0995,D_trail512,0.154,0.988,0.788
machine-3-7,21201,311,W2_f0995,H_hold,0.154,0.988,0.788
machine-3-7,21201,311,W2_f0995,rand_DE,0.941,0.626,0.454
machine-3-7,21201,311,W3_b01,A_no_update,0.000,1.000,0.790
machine-3-7,21201,311,W3_b01,B_always,1.000,0.342,0.202
machine-3-7,21201,311,W3_b01,C_lb,0.103,0.992,0.791
machine-3-7,21201,311,W3_b01,C_threshold,0.154,0.991,0.789
machine-3-7,21201,311,W3_b01,DE_stab,0.540,0.991,0.789
machine-3-7,21201,311,W3_b01,DE_stab512,0.154,0.991,0.789
machine-3-7,21201,311,W3_b01,DE_stab_lb,0.489,0.992,0.791
machine-3-7,21201,311,W3_b01,DEph_cv,0.540,0.991,0.789
machine-3-7,21201,311,W3_b01,D_quarantine,0.952,0.991,0.789
machine-3-7,21201,311,W3_b01,D_trail512,0.154,0.991,0.789
machine-3-7,21201,311,W3_b01,H_hold,0.154,0.991,0.789
machine-3-7,21201,311,W3_b01,rand_DE,0.949,0.358,0.200
