machine,phi_seed,op,policy,AP,VUS_PR,VUS_ROC,AUROC,normal_FPR,point_recall,event_recall,anomaly_written_frac,PF_points,PN_points,PF_recall,PN_FPR,written_frac,mem_size_end,promotions,discards,purged_blocks,quarantined_points,n_checks,runtime_s,tau
machine-3-7,11,W1,A_no_update,0.20774820704760946,0.170310364672286,0.8314401305571559,0.7501431585378316,0.2635209225000884,0.5967741935483871,1.0,0.0,318,7234,0.789308176100629,0.9933646668509815,0.0,22956,0,0,0,0,0,15.96335482597351,8.924329781479676
machine-3-7,11,W1,B_always,0.1320484329183448,0.08575407691973472,0.79324646809802,0.7179088926513906,0.010010257861412755,0.1359447004608295,1.0,1.0,318,7234,0.16037735849056603,0.008155930329001936,1.0,51661,0,0,0,0,0,26.152467250823975,8.924329781479676
machine-3-7,11,W1,C_threshold,0.2836631341075847,0.25598050036264847,0.8502118664709272,0.7697427156225126,0.26231827667928265,0.5990783410138248,1.0,0.16129032258064516,318,7234,0.7924528301886793,0.9933646668509815,0.616477965511235,40652,0,0,0,0,0,23.53652596473694,8.924329781479676
machine-3-7,11,W1,D_quarantine,0.4014318586687253,0.3801865458169034,0.8998432525645179,0.8288426188468521,0.019489936684234727,0.5875576036866359,1.0,0.7327188940092166,318,7234,0.7767295597484277,0.04451202654133259,0.8439296289844975,47181,1,247,0,4992,0,24.511953830718994,8.924329781479676
machine-3-7,11,W1,H_hold,0.28347521727644415,0.2559461920095044,0.8495401502501578,0.7689142462020402,0.26217678893565843,0.5990783410138248,1.0,0.013824884792626729,318,7234,0.7924528301886793,0.9933646668509815,0.5702142483887824,39324,0,131,0,16529,58,40.340455055236816,8.924329781479676
machine-3-7,11,W1,D_trail512,0.4905304383950396,0.5029437340414745,0.9001891914350699,0.8262389917074815,0.015457535990944784,0.5875576036866359,1.0,0.2534562211981567,318,7234,0.7767295597484277,0.02930605474149848,0.7815014805782965,45389,1,179,0,12256,4,23.249717950820923,8.924329781479676
machine-3-7,11,W1,DE_stab,0.5706168375398454,0.5910225019371788,0.8992718212703674,0.8272055257810067,0.01888861377383184,0.5875576036866359,1.0,0.5483870967741935,318,7234,0.7767295597484277,0.042714957146806745,0.7904197874934681,45645,2,178,0,12224,4,20.695587158203125,8.924329781479676
machine-3-7,11,W1,DE_stab512,0.4905304383950396,0.5029437340414745,0.9001891914350699,0.8262389917074815,0.015457535990944784,0.5875576036866359,1.0,0.2534562211981567,318,7234,0.7767295597484277,0.02930605474149848,0.7815014805782965,45389,1,179,0,12256,4,15.30967402458191,8.924329781479676
machine-3-7,11,W1,C_lb,0.28172126819373133,0.2539715539556875,0.8459461839867981,0.7645025344725596,0.2628842276537795,0.5990783410138248,1.0,0.12442396313364056,318,7234,0.7924528301886793,0.9933646668509815,0.4158160599198746,34892,0,0,344,0,0,12.390146017074585,8.924329781479676
machine-3-7,11,W1,DE_stab_lb,0.5655433859788741,0.5841854683743736,0.8876919520941667,0.8093797408785639,0.0206925825050405,0.5875576036866359,1.0,0.5483870967741935,318,7234,0.7767295597484277,0.046862040364943326,0.5284096847239157,38124,2,209,387,14448,4,13.180087089538574,8.924329781479676
machine-3-7,11,W1,rand_DE,0.13487739961807943,0.08919616149419282,0.8072877085506661,0.7331855753571385,0.010187117540943015,0.1313364055299539,1.0,0.8179723502304147,318,7234,0.1540880503144654,0.008570638650815593,0.8032398536840272,46013,0,0,0,0,0,13.87197208404541,8.924329781479676
machine-3-7,11,W2_f0995,A_no_update,0.16092875748140925,0.12045393060586611,0.7988303351883528,0.7192041249219414,0.2776343249266032,0.5967741935483871,1.0,0.0,255,7169,0.9803921568627451,1.0,0.0,0,0,0,0,0,0,0.02580881118774414,10.965522841107187
machine-3-7,11,W2_f0995,B_always,0.3339225499143307,0.30025616651031833,0.858308115531074,0.766672692392768,0.003855541013759683,0.31336405529953915,1.0,1.0,255,7169,0.5019607843137255,0.001813363091086623,1.0,28705,0,0,0,0,0,0.08194088935852051,10.965522841107187
machine-3-7,11,W2_f0995,C_threshold,0.2576674649923287,0.22774477527031642,0.8243068997390709,0.7305375295424942,0.25761380920377774,0.5967741935483871,1.0,0.21889400921658986,255,7169,0.984313725490196,1.0,0.6855948441038147,19680,0,0,0,0,0,0.057589054107666016,10.965522841107187
machine-3-7,11,W2_f0995,D_quarantine,0.41278260188732163,0.40421166309349027,0.8685559809323422,0.7718155599679012,0.013158360157051395,0.5852534562211982,1.0,0.7903225806451613,255,7169,0.9647058823529412,0.03835960384990933,0.9381292457759972,26929,1,98,0,2288,0,0.06907796859741211,10.965522841107187
machine-3-7,11,W2_f0995,H_hold,0.268965931698705,0.24227390147597969,0.8289268564294084,0.7374861181451999,0.25761380920377774,0.5967741935483871,1.0,0.14516129032258066,255,7169,0.984313725490196,1.0,0.6733321720954537,19328,0,70,0,11617,57,2.5711517333984375,10.965522841107187
machine-3-7,11,W2_f0995,D_trail512,0.4190282611543696,0.4109606460823789,0.874647491865779,0.780681446050381,0.013158360157051395,0.5852534562211982,1.0,0.14516129032258066,255,7169,0.9647058823529412,0.03835960384990933,0.9158334784880683,26289,1,81,0,5264,3,0.19961810111999512,10.965522841107187
machine-3-7,11,W2_f0995,DE_stab,0.5635570400834002,0.5792821330347692,0.8759870557111662,0.7820151473387834,0.014573237593293481,0.5852534562211982,1.0,0.4216589861751152,255,7169,0.9647058823529412,0.043939182591714324,0.920292631945654,26417,2,81,0,5392,3,0.199448823928833,10.965522841107187
machine-3-7,11,W2_f0995,DE_stab512,0.33340925520351494,0.3237580016059051,0.871707965917137,0.7781795743533578,0.017685967953026068,0.5852534562211982,1.0,0.14516129032258066,255,7169,0.9647058823529412,0.05621425582368531,0.9113743250304825,26161,1,81,0,5392,4,0.25405311584472656,10.965522841107187
machine-3-7,11,W2_f0995,C_lb,0.2456618672206346,0.21478362363526202,0.7801470225148519,0.6874593609872323,0.2588164550245835,0.5967741935483871,1.0,0.21889400921658986,255,7169,0.984313725490196,1.0,0.6449050688033444,18512,0,0,39,0,0,0.06383633613586426,10.965522841107187
machine-3-7,11,W2_f0995,DE_stab_lb,0.5588173947889884,0.5895973949992456,0.8149353557403006,0.7178658187616986,0.03660995366276396,0.5852534562211982,1.0,0.4377880184331797,255,7169,0.9647058823529412,0.1258195006277026,0.8539278871276781,24512,6,111,46,8432,7,0.38089990615844727,10.965522841107187
machine-3-7,11,W2_f0995,rand_DE,0.35395501760154985,0.31776815777565165,0.8482180447469626,0.7586228466518996,0.003820169077853631,0.3548387096774194,1.0,0.9124423963133641,255,7169,0.5725490196078431,0.0016738736225414982,0.91527608430587,26273,0,0,0,0,0,0.07675623893737793,10.965522841107187
machine-3-7,11,W3_b01,A_no_update,0.17052016753993077,0.13085484572289555,0.8052426179720376,0.7239770542088773,0.26808390223196915,0.6036866359447005,1.0,0.0,255,7169,0.9921568627450981,1.0,0.0,0,0,0,0,0,0,0.027480125427246094,9.21701235863507
machine-3-7,11,W3_b01,B_always,0.1704808788205157,0.1212641134364948,0.8440268239889267,0.7650972557082888,0.004987442962753352,0.16589861751152074,1.0,1.0,255,7169,0.25098039215686274,0.002650299902357372,1.0,28705,0,0,0,0,0,0.567511796951294,9.21701235863507
machine-3-7,11,W3_b01,C_threshold,0.2422457492796821,0.20688558821920902,0.8663397855011549,0.7926458811173686,0.25856885147324116,0.5990783410138248,1.0,0.21889400921658986,255,7169,0.9882352941176471,1.0,0.6711025953666608,19264,0,0,0,0,0,0.4181070327758789,9.21701235863507
machine-3-7,11,W3_b01,D_quarantine,0.41988864677557564,0.3871791055299977,0.92568921753227,0.8610245603488423,0.014325634041951116,0.5852534562211982,1.0,0.7903225806451613,255,7169,0.9647058823529412,0.03919654066118008,0.920292631945654,26417,1,122,0,2800,0,0.43430089950561523,9.21701235863507
machine-3-7,11,W3_b01,H_hold,0.24179933831592484,0.20641821904758853,0.8686080488242587,0.8016178830075665,0.2586042234091472,0.5990783410138248,1.0,0.14516129032258066,255,7169,0.9882352941176471,1.0,0.6532659815363178,18752,0,82,0,12577,57,3.019545078277588,9.21701235863507
machine-3-7,11,W3_b01,D_trail512,0.4202343236504743,0.38905382522170234,0.9309903939027249,0.8755722062650058,0.014254890170139011,0.5852534562211982,1.0,0.14516129032258066,255,7169,0.9647058823529412,0.03877807225554471,0.8940951053823376,25665,1,96,0,6368,3,0.528203010559082,9.21701235863507
machine-3-7,11,W3_b01,DE_stab,0.561427632025738,0.544574437431551,0.9319461254392887,0.876352711666398,0.00993951398960065,0.5852534562211982,1.0,0.4216589861751152,255,7169,0.9647058823529412,0.021760357093039476,0.8985542588399233,25793,2,96,0,6496,3,0.5246899127960205,9.21701235863507
machine-3-7,11,W3_b01,DE_stab512,0.4202343236504743,0.38905382522170234,0.9309903939027249,0.8755722062650058,0.014254890170139011,0.5852534562211982,1.0,0.14516129032258066,255,7169,0.9647058823529412,0.03877807225554471,0.8940951053823376,25665,1,96,0,6368,3,0.5700230598449707,9.21701235863507
machine-3-7,11,W3_b01,C_lb,0.27268102454532905,0.24331937615193674,0.8448698508066084,0.7599578112237272,0.2610802589225708,0.6036866359447005,1.0,0.16129032258064516,255,7169,0.9921568627450981,1.0,0.5089008883469779,14608,0,0,224,0,0,0.19675803184509277,9.21701235863507
machine-3-7,11,W3_b01,DE_stab_lb,0.5526249436961869,0.5722173570661979,0.8765465265367435,0.7961564235028094,0.016306462452690035,0.5898617511520737,1.0,0.3640552995391705,255,7169,0.9725490196078431,0.03780164597572883,0.6070022644138652,17424,3,163,349,11600,4,0.6142261028289795,9.21701235863507
machine-3-7,11,W3_b01,rand_DE,0.1942679022102327,0.1424404368775631,0.8370519479503907,0.7595730802941315,0.005022814898659403,0.16359447004608296,1.0,0.9216589861751152,255,7169,0.24705882352941178,0.002650299902357372,0.9035708064797073,25937,0,0,0,0,0,0.47214698791503906,9.21701235863507
machine-3-7,22,W1,A_no_update,0.19846524954734845,0.1621744091580992,0.8310140211094946,0.748908319365222,0.2635916663719005,0.5967741935483871,1.0,0.0,318,7490,0.789308176100629,0.9606141522029372,0.0,22956,0,0,0,0,0,16.06632709503174,8.925697285643402
machine-3-7,22,W1,B_always,0.13333314426982684,0.08838250459373506,0.7958559472178545,0.7171247604040354,0.009727282374164339,0.1359447004608295,1.0,1.0,318,7490,0.16037735849056603,0.008411214953271028,1.0,51661,0,0,0,0,0,26.0680251121521,8.925697285643402
machine-3-7,22,W1,C_threshold,0.281586357142699,0.2520412282402422,0.8521134676596009,0.7727395091646729,0.2622121608715645,0.5990783410138248,1.0,0.16129032258064516,318,7490,0.7924528301886793,0.9606141522029372,0.6181501480578296,40700,0,0,0,0,0,23.58748698234558,8.925697285643402
machine-3-7,22,W1,D_quarantine,0.39625415192052127,0.36610379019644246,0.9036499392254673,0.832599093989428,0.019100845389268154,0.5875576036866359,1.0,0.7327188940092166,318,7490,0.7767295597484277,0.04312416555407209,0.8495035708064798,47341,1,235,0,4832,0,24.77439594268799,8.925697285643402
machine-3-7,22,W1,H_hold,0.2815112637050586,0.25210789904284725,0.851188893119355,0.7718090805464621,0.2622829047433766,0.5990783410138248,1.0,0.013824884792626729,318,7490,0.7924528301886793,0.9606141522029372,0.5674272774777913,39244,0,128,0,16513,59,40.1376690864563,8.925697285643402
machine-3-7,22,W1,D_trail512,0.4977240176644528,0.4920387443385299,0.903587699878842,0.8300918431500778,0.015492907926850836,0.5875576036866359,1.0,0.2534562211981567,318,7490,0.7767295597484277,0.02923898531375167,0.7764849329385125,45245,1,171,0,12144,5,23.242247104644775,8.925697285643402
machine-3-7,22,W1,DE_stab,0.57358959758027,0.5911092019686738,0.9006533444774798,0.8275618124579959,0.018994729581549998,0.5875576036866359,1.0,0.5483870967741935,318,7490,0.7767295597484277,0.04232309746328438,0.7932067584044592,45725,3,169,0,12112,5,20.986337184906006,8.925697285643402
machine-3-7,22,W1,DE_stab512,0.4977240176644528,0.4920387443385299,0.903587699878842,0.8300918431500778,0.015492907926850836,0.5875576036866359,1.0,0.2534562211981567,318,7490,0.7767295597484277,0.02923898531375167,0.7764849329385125,45245,1,171,0,12144,5,15.184700965881348,8.925697285643402
machine-3-7,22,W1,C_lb,0.2738338311143483,0.24719767635321113,0.8485429831297817,0.7688491259790243,0.2630257153974037,0.5990783410138248,1.0,0.12442396313364056,318,7490,0.7924528301886793,0.9606141522029372,0.41470127155547815,34860,0,0,342,0,0,12.465580701828003,8.925697285643402
machine-3-7,22,W1,DE_stab_lb,0.5691339698478863,0.5860695264585636,0.8906294009372648,0.8123791424897311,0.0206925825050405,0.5875576036866359,1.0,0.5483870967741935,318,7490,0.7767295597484277,0.046328437917222964,0.5289670789061139,38140,3,207,404,14352,5,13.250164031982422,8.925697285643402
machine-3-7,22,W1,rand_DE,0.14658273332523852,0.09591090870504858,0.8039281347277364,0.7237000283790508,0.009868770117788547,0.14055299539170507,1.0,0.880184331797235,318,7490,0.16666666666666666,0.008811748998664886,0.8026824595018289,45997,0,0,0,0,0,13.966825008392334,8.925697285643402
machine-3-7,22,W2_f0995,A_no_update,0.1608641078179389,0.12041159741182164,0.7987087808374361,0.7192060809736965,0.27862473913197267,0.5967741935483871,1.0,0.0,255,7169,0.9803921568627451,1.0,0.0,0,0,0,0,0,0,0.02598881721496582,10.94727606338183
machine-3-7,22,W2_f0995,B_always,0.3288497642699799,0.2957393945806901,0.8582356836192009,0.7666139293379564,0.003926284885571787,0.31105990783410137,1.0,1.0,255,7169,0.4980392156862745,0.0019528525596317478,1.0,28705,0,0,0,0,0,0.08161783218383789,10.94727606338183
machine-3-7,22,W2_f0995,C_threshold,0.2540243115733826,0.22258150451623834,0.8250431736644497,0.7312472095699181,0.25761380920377774,0.5967741935483871,1.0,0.21889400921658986,255,7169,0.984313725490196,1.0,0.6855948441038147,19680,0,0,0,0,0,0.06787896156311035,10.94727606338183
machine-3-7,22,W2_f0995,D_quarantine,0.41166275840117844,0.40382234831346103,0.86943267050862,0.7724397034821144,0.013158360157051395,0.5852534562211982,1.0,0.7903225806451613,255,7169,0.9647058823529412,0.03835960384990933,0.9381292457759972,26929,1,98,0,2288,0,0.07688498497009277,10.94727606338183
machine-3-7,22,W2_f0995,H_hold,0.26526057114428486,0.2381128565674234,0.8295921277868009,0.7380981585891782,0.25761380920377774,0.5967741935483871,1.0,0.14516129032258066,255,7169,0.984313725490196,1.0,0.6733321720954537,19328,0,70,0,11617,57,2.560755968093872,10.94727606338183
machine-3-7,22,W2_f0995,D_trail512,0.41797502584382595,0.4111186535615928,0.8753912430750881,0.7811352908086595,0.013158360157051395,0.5852534562211982,1.0,0.14516129032258066,255,7169,0.9647058823529412,0.03835960384990933,0.9158334784880683,26289,1,81,0,5264,3,0.1995241641998291,10.94727606338183
machine-3-7,22,W2_f0995,DE_stab,0.5635125436066638,0.5794872713861958,0.8767466735599958,0.7824989848906412,0.014643981465105585,0.5852534562211982,1.0,0.4216589861751152,255,7169,0.9647058823529412,0.044218161528804575,0.920292631945654,26417,2,81,0,5392,3,0.19611597061157227,10.94727606338183
machine-3-7,22,W2_f0995,DE_stab512,0.33213967851012033,0.322214403684262,0.8723209708719752,0.7786268174369626,0.017685967953026068,0.5852534562211982,1.0,0.14516129032258066,255,7169,0.9647058823529412,0.05621425582368531,0.9113743250304825,26161,1,81,0,5392,4,0.24997711181640625,10.94727606338183
machine-3-7,22,W2_f0995,C_lb,0.2428778150969515,0.21004897923507898,0.7808784842360399,0.68833844324687,0.2588871988963956,0.5967741935483871,1.0,0.21889400921658986,255,7169,0.984313725490196,1.0,0.6449050688033444,18512,0,0,37,0,0,0.05592203140258789,10.94727606338183
machine-3-7,22,W2_f0995,DE_stab_lb,0.558700923967938,0.5891680765865508,0.8157476049111801,0.7187260332721144,0.038166318842630255,0.5852534562211982,1.0,0.4377880184331797,255,7169,0.9647058823529412,0.13167805830659784,0.8533704929454798,24496,6,111,43,8496,7,0.3903179168701172,10.94727606338183
machine-3-7,22,W2_f0995,rand_DE,0.3245142043811108,0.28980917748846763,0.8480304280270486,0.7551857784605123,0.003926284885571787,0.31105990783410137,1.0,0.9792626728110599,255,7169,0.4980392156862745,0.0019528525596317478,0.9297683330430239,26689,0,0,0,0,0,0.09290599822998047,10.94727606338183
machine-3-7,22,W3_b01,A_no_update,0.16756017328300823,0.12818575479453825,0.8002496535338259,0.717259279713282,0.28095928690177213,0.5990783410138248,1.0,0.0,255,7169,0.984313725490196,1.0,0.0,0,0,0,0,0,0,0.027498960494995117,9.863520430810492
machine-3-7,22,W3_b01,B_always,0.16890851238863036,0.1193175442277793,0.8430942313201861,0.7654647489317921,0.004173888436914152,0.16129032258064516,1.0,1.0,255,7169,0.24313725490196078,0.0006974473427256243,1.0,28705,0,0,0,0,0,0.5764579772949219,9.863520430810492
machine-3-7,22,W3_b01,C_threshold,0.2423268157020841,0.20859910668273604,0.8662538283530454,0.7948801812347153,0.2582151321141806,0.5967741935483871,1.0,0.21889400921658986,255,7169,0.984313725490196,1.0,0.6766765371886431,19424,0,0,0,0,0,0.39365601539611816,9.863520430810492
machine-3-7,22,W3_b01,D_quarantine,0.4292186614404734,0.3953880513648514,0.9240999482662318,0.8632431305499911,0.013547451452017968,0.5829493087557603,1.0,0.7903225806451613,255,7169,0.9607843137254902,0.03752266703863858,0.932555303954015,26769,1,103,0,2448,0,0.5934078693389893,9.863520430810492
machine-3-7,22,W3_b01,H_hold,0.23992997730397517,0.20660691682351967,0.8693821086399189,0.8032128802095975,0.2582151321141806,0.5967741935483871,1.0,0.14516129032258066,255,7169,0.984313725490196,1.0,0.6616268942692911,18992,0,77,0,12177,57,2.9510679244995117,9.863520430810492
machine-3-7,22,W3_b01,D_trail512,0.42976461773947644,0.397841652297902,0.9328559770857131,0.8785542886679238,0.013547451452017968,0.5829493087557603,1.0,0.14516129032258066,255,7169,0.9607843137254902,0.03752266703863858,0.9085873541194914,26081,1,83,0,5536,3,0.6150610446929932,9.863520430810492
machine-3-7,22,W3_b01,DE_stab,0.5625887329199618,0.5503744449767549,0.9357220001179544,0.8809088044660573,0.009019843656043296,0.5829493087557603,1.0,0.4216589861751152,255,7169,0.9607843137254902,0.019668015064862602,0.9130465075770772,26209,1,83,0,5408,2,0.5411040782928467,9.863520430810492
machine-3-7,22,W3_b01,DE_stab512,0.42976461773947644,0.397841652297902,0.9328559770857131,0.8785542886679238,0.013547451452017968,0.5829493087557603,1.0,0.14516129032258066,255,7169,0.9607843137254902,0.03752266703863858,0.9085873541194914,26081,1,83,0,5536,3,0.45926713943481445,9.863520430810492
machine-3-7,22,W3_b01,C_lb,0.2754710312019819,0.24504771087625515,0.8444715799190327,0.7535360525604147,0.25892257083230164,0.5990783410138248,1.0,0.16129032258064516,255,7169,0.984313725490196,1.0,0.5874934680369274,16864,0,0,141,0,0,0.2760128974914551,9.863520430810492
machine-3-7,22,W3_b01,DE_stab_lb,0.5500300255518811,0.5658433043209031,0.890079530965574,0.7979053782784039,0.011000672066782215,0.5875576036866359,1.0,0.3640552995391705,255,7169,0.9647058823529412,0.024550146463941974,0.7424490506880335,21312,1,122,216,7984,2,0.3959670066833496,9.863520430810492
machine-3-7,22,W3_b01,rand_DE,0.16755694100301785,0.11818467155535063,0.8389755276892246,0.7591608831378069,0.0041385165010081005,0.16129032258064516,1.0,0.9815668202764977,255,7169,0.24313725490196078,0.0006974473427256243,0.9191778435812576,26385,0,0,0,0,0,0.5168068408966064,9.863520430810492
machine-3-7,33,W1,A_no_update,0.19980785402685694,0.16387850082039035,0.831721086881678,0.7501932008619016,0.2635209225000884,0.5967741935483871,1.0,0.0,318,7234,0.789308176100629,0.9933646668509815,0.0,22956,0,0,0,0,0,18.253971099853516,8.920067610903347
machine-3-7,33,W1,B_always,0.12992375275003826,0.08482102108960884,0.7886639550206379,0.7109136440641083,0.010399349156379328,0.1359447004608295,1.0,1.0,318,7234,0.16037735849056603,0.008294166436273155,1.0,51661,0,0,0,0,0,28.139456033706665,8.920067610903347
machine-3-7,33,W1,C_threshold,0.2638171162535148,0.23580833102827684,0.850604019781467,0.7671975662804061,0.26256588023062505,0.5990783410138248,1.0,0.16129032258064516,318,7234,0.7924528301886793,0.9933646668509815,0.6131336004180457,40556,0,0,0,0,0,25.780396699905396,8.920067610903347
machine-3-7,33,W1,D_quarantine,0.40292812758415764,0.3795603066777008,0.8983369602155196,0.8258188480909017,0.019631424427858937,0.5875576036866359,1.0,0.7327188940092166,318,7234,0.7767295597484277,0.04409731821951894,0.8422574464379028,47133,1,249,0,5040,0,26.522568941116333,8.920067610903347
machine-3-7,33,W1,H_hold,0.2638107970067265,0.2359935689241725,0.8488714799340873,0.7648199853719928,0.2626012521665311,0.5990783410138248,1.0,0.013824884792626729,318,7234,0.7924528301886793,0.9933646668509815,0.5573941821982233,38956,0,133,0,16961,58,40.86928391456604,8.920067610903347
machine-3-7,33,W1,D_trail512,0.5162286575678889,0.523959672230671,0.8966439570103745,0.8209360946481283,0.015952743093629516,0.5875576036866359,1.0,0.2534562211981567,318,7234,0.7767295597484277,0.029582526956040918,0.7653370492945479,44925,1,181,0,12784,4,21.45535397529602,8.920067610903347
machine-3-7,33,W1,DE_stab,0.570454716661175,0.5892760775005462,0.8956863627012284,0.821621935294786,0.01938382087651657,0.5875576036866359,1.0,0.5483870967741935,318,7234,0.7767295597484277,0.042991429361349184,0.7742553562097195,45181,2,180,0,12752,4,16.625670909881592,8.920067610903347
machine-3-7,33,W1,DE_stab512,0.5162286575678889,0.523959672230671,0.8966439570103745,0.8209360946481283,0.015952743093629516,0.5875576036866359,1.0,0.2534562211981567,318,7234,0.7767295597484277,0.029582526956040918,0.7653370492945479,44925,1,181,0,12784,4,14.744498014450073,8.920067610903347
machine-3-7,33,W1,C_lb,0.24296872700298772,0.21150858189829325,0.8454948324668582,0.7618417335704285,0.26316720314102793,0.5990783410138248,1.0,0.12442396313364056,318,7234,0.7924528301886793,0.9933646668509815,0.41470127155547815,34860,0,0,341,0,0,12.695271253585815,8.920067610903347
machine-3-7,33,W1,DE_stab_lb,0.5665188676846452,0.5855572421443558,0.8879334180774227,0.8087016429367705,0.020940186056382867,0.5875576036866359,1.0,0.5483870967741935,318,7234,0.7767295597484277,0.046862040364943326,0.5172618010799512,37804,2,209,398,14608,4,13.24396800994873,8.920067610903347
machine-3-7,33,W1,rand_DE,0.132258942696525,0.08749929132648035,0.7850373325170334,0.7080894313382639,0.010611580771815642,0.1359447004608295,1.0,0.847926267281106,318,7234,0.16037735849056603,0.009261819187171689,0.7770074899843233,45260,0,0,0,0,0,14.038166046142578,8.920067610903347
machine-3-7,33,W2_f0995,A_no_update,0.16046314285933969,0.12046927876725969,0.7988570990359114,0.7193535998768992,0.27791730041385165,0.5967741935483871,1.0,0.0,255,7169,0.9803921568627451,1.0,0.0,0,0,0,0,0,0,0.026033878326416016,10.96562843905526
machine-3-7,33,W2_f0995,B_always,0.3356246361660681,0.3023312095374068,0.8597277055930131,0.7683380259558287,0.003890912949665735,0.3225806451612903,1.0,1.0,255,7169,0.5176470588235295,0.0019528525596317478,1.0,28705,0,0,0,0,0,0.08480000495910645,10.96562843905526
machine-3-7,33,W2_f0995,C_threshold,0.2525629314462888,0.22203197086902404,0.8252449205506874,0.7320269814519023,0.25761380920377774,0.5967741935483871,1.0,0.21889400921658986,255,7169,0.984313725490196,1.0,0.6855948441038147,19680,0,0,0,0,0,0.06052112579345703,10.96562843905526
machine-3-7,33,W2_f0995,D_quarantine,0.411238388244149,0.40232705124317913,0.8696847908552613,0.7735335031729604,0.013158360157051395,0.5852534562211982,1.0,0.7903225806451613,255,7169,0.9647058823529412,0.03835960384990933,0.9381292457759972,26929,1,98,0,2288,0,0.08780813217163086,10.96562843905526
machine-3-7,33,W2_f0995,H_hold,0.2635430348353531,0.23645729044920372,0.8298205441246763,0.7392829961887961,0.25761380920377774,0.5967741935483871,1.0,0.14516129032258066,255,7169,0.984313725490196,1.0,0.6733321720954537,19328,0,70,0,11617,57,2.540117025375366,10.96562843905526
machine-3-7,33,W2_f0995,D_trail512,0.4172216178598682,0.4097859624805916,0.8757396706126521,0.7826973203884,0.013158360157051395,0.5852534562211982,1.0,0.14516129032258066,255,7169,0.9647058823529412,0.03835960384990933,0.9158334784880683,26289,1,81,0,5264,3,0.19354701042175293,10.96562843905526
machine-3-7,33,W2_f0995,DE_stab,0.5635195917845663,0.5795939054282093,0.877139732380574,0.7840932893243423,0.01471472533691769,0.5852534562211982,1.0,0.4216589861751152,255,7169,0.9647058823529412,0.04449714046589483,0.920292631945654,26417,2,81,0,5392,3,0.19802618026733398,10.96562843905526
machine-3-7,33,W2_f0995,DE_stab512,0.33136337460077125,0.3220689778324791,0.8727394178116074,0.780166922936614,0.017685967953026068,0.5852534562211982,1.0,0.14516129032258066,255,7169,0.9647058823529412,0.05621425582368531,0.9113743250304825,26161,1,81,0,5392,4,0.24053573608398438,10.96562843905526
machine-3-7,33,W2_f0995,C_lb,0.2418439063539303,0.20933656242334553,0.7808360595710078,0.6889697589508521,0.2588164550245835,0.5967741935483871,1.0,0.21889400921658986,255,7169,0.984313725490196,1.0,0.6454624629855426,18528,0,0,38,0,0,0.05372309684753418,10.96562843905526
machine-3-7,33,W2_f0995,DE_stab_lb,0.5587031954704742,0.5889708583853641,0.8155972204757415,0.7192708751880866,0.038272434650348415,0.5852534562211982,1.0,0.4377880184331797,255,7169,0.9647058823529412,0.13223601618077835,0.8539278871276781,24512,6,111,44,8464,7,0.37125515937805176,10.96562843905526
machine-3-7,33,W2_f0995,rand_DE,0.3514599836267424,0.3212374586498234,0.8540153653205866,0.7633067755839752,0.004032400693289944,0.3686635944700461,1.0,0.9101382488479263,255,7169,0.596078431372549,0.0023713209652671224,0.9191778435812576,26385,0,0,0,0,0,0.07081198692321777,10.96562843905526
machine-3-7,33,W3_b01,A_no_update,0.1591908513249748,0.1205672496530128,0.8013019379941291,0.7203870472208824,0.2713027483994199,0.5990783410138248,1.0,0.0,255,7169,0.984313725490196,1.0,0.0,0,0,0,0,0,0,0.02321481704711914,9.701842009549807
machine-3-7,33,W3_b01,B_always,0.17131295600682936,0.12268760940702815,0.845788057166445,0.7663124528611903,0.004244632308726256,0.16129032258064516,1.0,1.0,255,7169,0.24313725490196078,0.0008369368112707491,1.0,28705,0,0,0,0,0,0.44682979583740234,9.701842009549807
machine-3-7,33,W3_b01,C_threshold,0.21539435515602298,0.1778822916378202,0.8625410016831188,0.7894602063275992,0.2582151321141806,0.5967741935483871,1.0,0.21889400921658986,255,7169,0.984313725490196,1.0,0.6766765371886431,19424,0,0,0,0,0,0.3191487789154053,9.701842009549807
machine-3-7,33,W3_b01,D_quarantine,0.40364377286353426,0.3731143065722233,0.9264993771541105,0.8625828815804638,0.013582823387924022,0.5829493087557603,1.0,0.7903225806451613,255,7169,0.9607843137254902,0.03766215650718371,0.9319979097718167,26753,1,105,0,2464,0,0.3922717571258545,9.701842009549807
machine-3-7,33,W3_b01,H_hold,0.2143906138649452,0.1751083092946555,0.86586636872206,0.7986575616804245,0.2582151321141806,0.5967741935483871,1.0,0.14516129032258066,255,7169,0.984313725490196,1.0,0.6616268942692911,18992,0,78,0,12209,57,2.82987380027771,9.701842009549807
machine-3-7,33,W3_b01,D_trail512,0.4041303817985194,0.37560818081557734,0.9353489707505777,0.8786282926259946,0.013582823387924022,0.5829493087557603,1.0,0.14516129032258066,255,7169,0.9607843137254902,0.03766215650718371,0.9080299599372932,26065,1,85,0,5616,3,0.43390488624572754,9.701842009549807
machine-3-7,33,W3_b01,DE_stab,0.5607889060766866,0.5432926198120385,0.9385555951667892,0.881360407915033,0.009055215591949347,0.5829493087557603,1.0,0.4216589861751152,255,7169,0.9607843137254902,0.019807504533407728,0.9124891133948789,26193,1,85,0,5488,2,0.4475829601287842,9.701842009549807
machine-3-7,33,W3_b01,DE_stab512,0.4041303817985194,0.37560818081557734,0.9353489707505777,0.8786282926259946,0.013582823387924022,0.5829493087557603,1.0,0.14516129032258066,255,7169,0.9607843137254902,0.03766215650718371,0.9080299599372932,26065,1,85,0,5616,3,0.5749189853668213,9.701842009549807
machine-3-7,33,W3_b01,C_lb,0.22957584069211512,0.1931005954029422,0.8387014020597612,0.7473585966111077,0.25909943051183193,0.6013824884792627,1.0,0.16129032258064516,255,7169,0.9882352941176471,1.0,0.5852638913081345,16800,0,0,140,0,0,0.33849024772644043,9.701842009549807
machine-3-7,33,W3_b01,DE_stab_lb,0.5508976112608228,0.5686766159056208,0.88794126282188,0.7943788207192174,0.011672738848997206,0.5898617511520737,1.0,0.3640552995391705,255,7169,0.9686274509803922,0.026642488492118845,0.7168089183069152,20576,1,132,246,8592,2,0.41208720207214355,9.701842009549807
machine-3-7,33,W3_b01,rand_DE,0.171569455708675,0.12296291406546656,0.8485533948053818,0.7691541070485184,0.004244632308726256,0.16129032258064516,1.0,0.9447004608294931,255,7169,0.24313725490196078,0.0008369368112707491,0.9141612959414737,26241,0,0,0,0,0,0.37056612968444824,9.701842009549807
machine-1-6,11,W1,A_no_update,0.8758034338499792,0.8769853229385857,0.9379644300453002,0.9158459908542025,0.4488263850658125,0.8940129449838188,0.9666666666666667,0.0,2946,510,0.9996605566870332,0.058823529411764705,0.0,18942,0,0,0,0,0,11.180341958999634,11.795265566494896
machine-1-6,11,W1,B_always,0.5747450096855585,0.6422452312478423,0.8860256779575997,0.8313799673875727,0.005355087332966318,0.1610032362459547,0.9333333333333333,1.0,2946,510,0.164969450101833,0.03137254901960784,1.0,42631,0,0,0,0,0,20.84564995765686,11.795265566494896
machine-1-6,11,W1,C_threshold,0.8975741023722338,0.9256470954717082,0.9719255089240785,0.9445809684248581,0.006756418597667784,0.8203883495145631,0.9333333333333333,0.10436893203883495,2946,510,0.9745417515274949,0.041176470588235294,0.7858921862467813,37559,0,0,0,0,0,19.62217879295349,11.795265566494896
machine-1-6,11,W1,D_quarantine,0.7138968034361513,0.7673842423449642,0.9215591687599077,0.8766089246488588,0.006756418597667784,0.3492448759439051,0.9333333333333333,0.6610032362459547,2946,510,0.3822131704005431,0.041176470588235294,0.8730212334838955,39623,3,115,0,4544,0,19.224913835525513,11.795265566494896
machine-1-6,11,W1,H_hold,0.9024754112366967,0.9285005515248794,0.9748295163922663,0.9533038587305189,0.007356989139682699,0.8203883495145631,0.9333333333333333,0.081445523193096,2946,510,0.9745417515274949,0.056862745098039215,0.7524167335050023,36766,0,69,0,8073,24,24.444690942764282,11.795265566494896
machine-1-6,11,W1,D_trail512,0.7512732815922515,0.7990276153598904,0.9434248551743251,0.913154592331971,0.007356989139682699,0.3832254584681769,0.9333333333333333,0.44390507011866237,2946,510,0.4243041412084182,0.056862745098039215,0.8091519270547511,38110,5,69,0,8009,19,22.806273698806763,11.795265566494896
machine-1-6,11,W1,DE_stab,0.8064385648675897,0.8475963395389035,0.9506434405551917,0.9186198436519007,0.00720684650417897,0.5199568500539374,0.9333333333333333,0.27184466019417475,2946,510,0.597080787508486,0.056862745098039215,0.7929418717548229,37726,3,70,0,7913,20,23.25636386871338,11.795265566494896
machine-1-6,11,W1,DE_stab512,0.8037726005626182,0.8457770620248904,0.9500444364537372,0.917470491249319,0.007356989139682699,0.5202265372168284,0.9333333333333333,0.27130528586839264,2946,510,0.597080787508486,0.056862745098039215,0.7821351682215374,37470,2,70,0,7913,20,23.365663051605225,11.795265566494896
machine-1-6,11,W1,C_lb,0.8761990813093344,0.876654432726617,0.9395605624024367,0.9202806649596513,0.43161002952805166,0.889697950377562,0.9666666666666667,0.0010787486515641855,2946,510,0.9989816700610998,0.058823529411764705,0.17898602727004095,23182,0,0,93,0,0,13.84355902671814,11.795265566494896
machine-1-6,11,W1,DE_stab_lb,0.8523799960877333,0.8830303911366669,0.9676541982033854,0.9500218370882759,0.012161553475802013,0.6094929881337648,0.9333333333333333,0.19336569579288027,2946,510,0.6826205023761032,0.058823529411764705,0.5335809869559711,31582,4,62,353,8361,26,20.8510320186615,11.795265566494896
machine-1-6,11,W1,rand_DE,0.575559956256142,0.6421153262226614,0.8862460863500746,0.8314028990971845,0.005505229968470047,0.16531823085221142,0.9333333333333333,0.7624056094929881,2946,510,0.16870332654446707,0.03137254901960784,0.795348051838406,37783,0,0,0,0,0,16.064778327941895,11.795265566494896
machine-1-6,11,W2_f0995,A_no_update,0.8762619384585913,0.8783459643018721,0.9367867633528972,0.916020711855335,0.5567288924478254,0.9261057173678533,0.9666666666666667,0.0,3121,2127,0.9897468760012816,0.2849083215796897,0.0,0,0,0,0,0,0,0.03430509567260742,14.589236988060303
machine-1-6,11,W2_f0995,B_always,0.6445943468233697,0.6902037657794973,0.9066170722818526,0.8741944882697893,0.009058605675391622,0.1669363538295577,0.9333333333333333,1.0,3121,2127,0.1736622877282922,0.05594734367653973,1.0,23689,0,0,0,0,0,0.12246417999267578,14.589236988060303
machine-1-6,11,W2_f0995,C_threshold,0.902454152412034,0.9190438222919959,0.966516464814318,0.9465015429706766,0.00410389870376858,0.8009708737864077,0.9333333333333333,0.12648327939590076,3121,2127,0.9269464915091317,0.006582040432534086,0.8122335261091645,19241,0,0,0,0,0,0.0854349136352539,14.589236988060303
machine-1-6,11,W2_f0995,D_quarantine,0.6553948378092244,0.6814452407783332,0.9221087474908822,0.8953090792239683,0.027275912116510686,0.36192017259978426,0.9333333333333333,0.6140776699029126,3121,2127,0.4053188080743351,0.22425952045133993,0.8885558698129934,21049,3,91,0,4176,0,0.0903010368347168,14.589236988060303
machine-1-6,11,W2_f0995,H_hold,0.8156421178403567,0.8263458226846712,0.9424698770718838,0.9232723622500707,0.0999949952454832,0.8176914778856527,0.9333333333333333,0.08171521035598706,3121,2127,0.9464915091316886,0.8881053126469205,0.7105407573135211,16832,0,46,0,8329,39,2.1475448608398438,14.589236988060303
machine-1-6,11,W2_f0995,D_trail512,0.6783623493473562,0.7202626238243871,0.9239255399739285,0.8951402497421095,0.010810269756268455,0.2408306364617044,0.9333333333333333,0.4962243797195254,3121,2127,0.2611342518423582,0.0691114245416079,0.8469753894212504,20064,4,61,0,6601,13,0.7813429832458496,14.589236988060303
machine-1-6,11,W2_f0995,DE_stab,0.7040376332085979,0.7349024406375059,0.9286119777465173,0.9013769931488853,0.017316450628096693,0.3807982740021575,0.9333333333333333,0.3724379719525351,3121,2127,0.42742710669657163,0.12929007992477667,0.8381949428004559,19856,5,57,0,6937,17,1.000006914138794,14.589236988060303
machine-1-6,11,W2_f0995,DE_stab512,0.6998978779572641,0.7295282355186039,0.9315150927719307,0.9061435291790415,0.017216355537760873,0.38457389428263217,0.9333333333333333,0.3193096008629989,3121,2127,0.4319128484460109,0.12929007992477667,0.8192832116172063,19408,3,58,0,6905,17,0.9730360507965088,14.589236988060303
machine-1-6,11,W2_f0995,C_lb,0.876411039364154,0.8806203803050735,0.947943735422151,0.9316113320059667,0.10800260247234873,0.8333333333333334,0.9333333333333333,0.05177993527508091,3121,2127,0.9612303748798462,0.840620592383639,0.6213854531639157,14720,0,0,126,0,0,0.06997203826904297,14.589236988060303
machine-1-6,11,W2_f0995,DE_stab_lb,0.6374031836625034,0.6710313671804601,0.891793163570842,0.8567867899531524,0.03398228316901056,0.44929881337648325,0.9333333333333333,0.2777777777777778,3121,2127,0.48413969881448254,0.1462153267512929,0.7328295833509224,17360,6,57,124,7641,22,1.2614860534667969,14.589236988060303
machine-1-6,11,W2_f0995,rand_DE,0.6446249488623992,0.6874160605503623,0.9037553164345559,0.8714208379297981,0.009458986036734899,0.1814994606256742,0.9333333333333333,0.81957928802589,3121,2127,0.19096443447612946,0.05876821814762576,0.8338469331757355,19753,0,0,0,0,0,0.11527800559997559,14.589236988060303
machine-1-6,11,W3_b01,A_no_update,0.877923442523831,0.8902201609640142,0.9409185834957599,0.9107308428983802,0.4541314248536109,0.8915857605177994,0.9666666666666667,0.0,3116,1876,0.9823491655969191,0.2889125799573561,0.0,0,0,0,0,0,0,0.03246784210205078,13.012250576220335
machine-1-6,11,W3_b01,B_always,0.6175004253640687,0.689060856996331,0.9021301036034043,0.8495358954005225,0.003503328161753666,0.14401294498381878,0.9333333333333333,1.0,3116,1876,0.14569961489088576,0.004797441364605544,1.0,23689,0,0,0,0,0,0.7735137939453125,13.012250576220335
machine-1-6,11,W3_b01,C_threshold,0.897806711764237,0.9245610123904906,0.9714269319936041,0.9447644221017517,0.003903708523096942,0.778856526429342,0.9333333333333333,0.11758360302049622,3116,1876,0.9001925545571245,0.005330490405117271,0.8048039174300308,19065,0,0,0,0,0,0.581866979598999,13.012250576220335
machine-1-6,11,W3_b01,D_quarantine,0.6783510553777236,0.7301238101549953,0.9162153221062191,0.8739352074330377,0.012662028927481106,0.39509169363538293,0.9333333333333333,0.6310679611650486,3116,1876,0.4435173299101412,0.09861407249466951,0.8851787749588417,20969,3,93,0,4256,0,0.635551929473877,13.012250576220335
machine-1-6,11,W3_b01,H_hold,0.88129059884888,0.8902764447220576,0.9605104116226819,0.9407087353266077,0.08412992342725589,0.8220064724919094,0.9333333333333333,0.081445523193096,3116,1876,0.9499358151476252,0.8459488272921108,0.7139178521676728,16912,0,52,0,8441,38,2.591136932373047,13.012250576220335
machine-1-6,11,W3_b01,D_trail512,0.6714376196724804,0.7167511528003797,0.9281247891142314,0.8935624765857663,0.02777638756818978,0.3460086299892125,0.9333333333333333,0.46116504854368934,3116,1876,0.38350449293966626,0.25906183368869934,0.8321161720629828,19712,5,64,0,7305,16,1.4566500186920166,13.012250576220335
machine-1-6,11,W3_b01,DE_stab,0.7653827380156268,0.8010035145443429,0.9478859294535323,0.9204214000603703,0.01831740153145488,0.4091154261057174,0.9333333333333333,0.34034519956850057,3116,1876,0.4586007702182285,0.15831556503198294,0.8213094685296973,19456,4,61,0,7209,19,1.4919369220733643,13.012250576220335
machine-1-6,11,W3_b01,DE_stab512,0.7683201409175134,0.803555926695648,0.9487802537530282,0.9215351941410143,0.01831740153145488,0.43338727076591155,0.9333333333333333,0.3187702265372168,3116,1876,0.4874839537869063,0.15831556503198294,0.8179323736755456,19376,4,60,0,7257,21,1.4589927196502686,13.012250576220335
machine-1-6,11,W3_b01,C_lb,0.8729219240466606,0.8882869872783049,0.9365385114401468,0.9020260793060851,0.12486862519393424,0.8519417475728155,0.9666666666666667,0.041531823085221145,3116,1876,0.9775353016688062,0.4653518123667377,0.23504580184895943,5568,0,0,245,0,0,0.14501190185546875,13.012250576220335
machine-1-6,11,W3_b01,DE_stab_lb,0.682107311421926,0.7151610812230806,0.9065458390526561,0.8742529310612072,0.022421300235223464,0.43392664509169365,0.9333333333333333,0.1890507011866235,3116,1876,0.49005134788189986,0.14925373134328357,0.6774452277428342,16048,5,71,178,8281,21,1.376798152923584,13.012250576220335
machine-1-6,11,W3_b01,rand_DE,0.6189647167775134,0.6875443598888141,0.9000215316477033,0.847836283196113,0.003503328161753666,0.14967637540453074,0.9333333333333333,0.8449298813376483,3116,1876,0.1527599486521181,0.004797441364605544,0.8318206762632445,19705,0,0,0,0,0,0.321382999420166,13.012250576220335
machine-1-6,22,W1,A_no_update,0.8750430611317163,0.8775284510404454,0.9398500900918452,0.9180924548223726,0.4360142135028277,0.8980582524271845,0.9666666666666667,0.0,2946,510,0.9993211133740665,0.052941176470588235,0.0,18942,0,0,0,0,0,12.373236894607544,11.995390173974444
machine-1-6,22,W1,B_always,0.5775463961675102,0.6452660183333772,0.8878842422579164,0.8325059359249972,0.005505229968470047,0.16154261057173677,0.9333333333333333,1.0,2946,510,0.1659877800407332,0.029411764705882353,1.0,42631,0,0,0,0,0,19.11605215072632,11.995390173974444
machine-1-6,22,W1,C_threshold,0.8950875364520741,0.9253557422619548,0.9736024300324929,0.9446498782797271,0.006356038236324508,0.8187702265372169,0.9333333333333333,0.10329018338727076,2946,510,0.9725050916496945,0.03137254901960784,0.789269281100933,37639,0,0,0,0,0,17.904250144958496,11.995390173974444
machine-1-6,22,W1,D_quarantine,0.6838973074477297,0.7429610801515927,0.9157236741172681,0.8677914393539018,0.006356038236324508,0.3144552319309601,0.9333333333333333,0.5736245954692557,2946,510,0.3391038696537678,0.03137254901960784,0.8628899489214403,39383,2,115,0,4272,0,17.530715227127075,11.995390173974444
machine-1-6,22,W1,H_hold,0.8985774354548193,0.9272139186190385,0.9762903588245805,0.9526234456174574,0.006956608778339423,0.8187702265372169,0.9333333333333333,0.08036677454153182,2946,510,0.9721656483367278,0.050980392156862744,0.7551184093883236,36830,0,65,0,7881,24,23.73614001274109,11.995390173974444
machine-1-6,22,W1,D_trail512,0.7239549451156355,0.7790691822253362,0.9368241226955686,0.899991892243694,0.006956608778339423,0.35032362459546923,0.9333333333333333,0.4341963322545847,2946,510,0.3818737270875764,0.050980392156862744,0.8105027649964118,38142,4,69,0,7721,16,21.690253257751465,11.995390173974444
machine-1-6,22,W1,DE_stab,0.78157851182032,0.8281972047604752,0.9487850104784561,0.9140434828945103,0.006906561233171513,0.4528047464940669,0.9333333333333333,0.2837108953613808,2946,510,0.5132382892057027,0.050980392156862744,0.7976698045506353,37838,3,67,0,7705,20,22.839705228805542,11.995390173974444
machine-1-6,22,W1,DE_stab512,0.7774107561642315,0.8255667766628388,0.9480095303141747,0.9126534892614002,0.006956608778339423,0.45307443365695793,0.9333333333333333,0.28317152103559873,2946,510,0.5132382892057027,0.050980392156862744,0.7868631010173498,37582,2,67,0,7705,20,22.925354957580566,11.995390173974444
machine-1-6,22,W1,C_lb,0.8747731315477119,0.8773388755634802,0.9408578937381279,0.9204462011294764,0.4201991892297683,0.8918554476806904,0.9666666666666667,0.0010787486515641855,2946,510,0.9986422267481331,0.052941176470588235,0.17560893241588924,23102,0,0,99,0,0,13.883482217788696,11.995390173974444
machine-1-6,22,W1,DE_stab_lb,0.8503005503942505,0.8812621126576186,0.9685357393253095,0.9493519315302071,0.012662028927481106,0.6197411003236246,0.9333333333333333,0.1930960086299892,2946,510,0.6965376782077393,0.052941176470588235,0.527502216218498,31438,4,65,360,8489,26,20.438441038131714,11.995390173974444
machine-1-6,22,W1,rand_DE,0.5793922296344832,0.6478106307286582,0.88967540949778,0.8347943153871044,0.005805515239477504,0.16585760517799353,0.9333333333333333,0.8635382955771306,2946,510,0.17073998642226748,0.03137254901960784,0.7872430241884419,37591,0,0,0,0,0,15.503044843673706,11.995390173974444
machine-1-6,22,W2_f0995,A_no_update,0.8762653257550239,0.8784766456881364,0.9369905356821819,0.9161384140175886,0.5643861668585156,0.9282632146709816,0.9666666666666667,0.0,3121,2127,0.9903876962512015,0.29760225669957685,0.0,0,0,0,0,0,0,0.0338129997253418,14.458328616631453
machine-1-6,22,W2_f0995,B_always,0.6513771005333888,0.6976770759702059,0.908032178823327,0.8757338214561654,0.008608177768880437,0.1725997842502697,0.9333333333333333,1.0,3121,2127,0.1800704902274912,0.05077574047954866,1.0,23689,0,0,0,0,0,0.10361599922180176,14.458328616631453
machine-1-6,22,W2_f0995,C_threshold,0.9023188772904522,0.9190087696812996,0.9665465237372874,0.9465326472230605,0.004203993794104399,0.8039374325782093,0.9333333333333333,0.12648327939590076,3121,2127,0.9301505927587311,0.007052186177715092,0.8122335261091645,19241,0,0,0,0,0,0.09647893905639648,14.458328616631453
machine-1-6,22,W2_f0995,D_quarantine,0.727223079129197,0.7576146348167827,0.9326152523068774,0.9055158765444216,0.014563835643861668,0.3748651564185545,0.9333333333333333,0.674487594390507,3121,2127,0.42037808394745274,0.10437235543018336,0.8980117354046182,21273,3,89,0,3952,0,0.09650087356567383,14.458328616631453
machine-1-6,22,W2_f0995,H_hold,0.8159870302606818,0.8268781131821037,0.9427149353816173,0.9233446261542856,0.10009509033581902,0.8190399137001079,0.9333333333333333,0.08171521035598706,3121,2127,0.9474527395065684,0.8885754583921015,0.7125670142260121,16880,0,46,0,8281,39,2.1601130962371826,14.458328616631453
machine-1-6,22,W2_f0995,D_trail512,0.7044821096361783,0.7443508481026594,0.9333755199018678,0.9071007762120508,0.010910364846604273,0.2740021574973031,0.9333333333333333,0.48327939590075514,3121,2127,0.29990387696251203,0.06958157028678891,0.8469753894212504,20064,5,57,0,6729,16,0.9440932273864746,14.458328616631453
machine-1-6,22,W2_f0995,DE_stab,0.704557516374094,0.7355669013686945,0.9286824440445204,0.9015374476302649,0.017466593263600422,0.38915857605177995,0.9333333333333333,0.3724379719525351,3121,2127,0.4367190003204101,0.12976022566995768,0.840221199712947,19904,5,56,0,6857,18,1.046529769897461,14.458328616631453
machine-1-6,22,W2_f0995,DE_stab512,0.6811496369204989,0.7112424336927902,0.9324790721752001,0.9077565839651228,0.01971873279615635,0.4279935275080906,0.9333333333333333,0.29314994606256745,3121,2127,0.48285805831464274,0.152327221438646,0.8152306977922242,19312,3,56,0,6937,19,1.1095659732818604,14.458328616631453
machine-1-6,22,W2_f0995,C_lb,0.8759591573848055,0.8797379018661459,0.9469225380584757,0.9308925464088403,0.11090536009208748,0.8344120819848975,0.9333333333333333,0.04746494066882417,3121,2127,0.9618711951297662,0.8533145275035261,0.592342437418211,14032,0,0,158,0,0,0.07938265800476074,14.458328616631453
machine-1-6,22,W2_f0995,DE_stab_lb,0.6409617565748317,0.6715004321719381,0.9030251834507308,0.8723641896155176,0.03503328161753666,0.4463322545846818,0.9333333333333333,0.3554476806903991,3121,2127,0.4802947773149632,0.15420780441937001,0.7335050023217528,17376,7,59,144,7641,19,1.1063580513000488,14.458328616631453
machine-1-6,22,W2_f0995,rand_DE,0.6542672759661812,0.6996840719907854,0.9089100271160764,0.8773855861558232,0.008458035133376708,0.1836569579288026,0.9333333333333333,0.8381877022653722,3121,2127,0.1932073053508491,0.048895157498824636,0.842247456625438,19952,0,0,0,0,0,0.0902552604675293,14.458328616631453
machine-1-6,22,W3_b01,A_no_update,0.8744659516648617,0.8859217863003832,0.9398149682452893,0.91081453891445,0.4908663230068565,0.8942826321467098,0.9666666666666667,0.0,2944,0,1.0,,0.0,0,0,0,0,0,0,0.037132978439331055,12.732897982773581
machine-1-6,22,W3_b01,B_always,0.6267889308943229,0.6951283455918884,0.9037127102703559,0.8530492182244114,0.003953756068264851,0.16585760517799353,0.9333333333333333,1.0,2944,0,0.16915760869565216,,1.0,23689,0,0,0,0,0,0.7330849170684814,12.732897982773581
machine-1-6,22,W3_b01,C_threshold,0.9008293834429558,0.9273283682666885,0.9723229587769444,0.9458201445634409,0.004254041339272309,0.8055555555555556,0.9333333333333333,0.11326860841423948,2944,0,0.9605978260869565,,0.801426822575879,18985,0,0,0,0,0,0.6734068393707275,12.732897982773581
machine-1-6,22,W3_b01,D_quarantine,0.7220823011088001,0.7693637833538151,0.930507295328069,0.892679929698046,0.013012361743656473,0.4034519956850054,0.9333333333333333,0.5922330097087378,2944,0,0.44972826086956524,,0.8763983283380472,20761,3,96,0,4464,0,0.7506930828094482,12.732897982773581
machine-1-6,22,W3_b01,H_hold,0.912182278076363,0.9317868086369405,0.9752471413610833,0.9539338261315888,0.004904659426455132,0.8190399137001079,0.9333333333333333,0.09897518878101402,2944,0,0.9765625,,0.7726793026299126,18304,0,65,0,7465,22,1.622633934020996,12.732897982773581
machine-1-6,22,W3_b01,D_trail512,0.7195313478030971,0.7536605957507756,0.9319115680190645,0.9018953388675013,0.02177068214804064,0.37594390507011866,0.9333333333333333,0.5,2944,0,0.4279891304347826,,0.8287390772088311,19632,6,66,0,7705,18,1.5144257545471191,12.732897982773581
machine-1-6,22,W3_b01,DE_stab,0.7746434551001885,0.8067970423711368,0.9446805962222934,0.9158600954077896,0.012862219108152745,0.43635382955771307,0.9333333333333333,0.366235167206041,2944,0,0.4904891304347826,,0.8132044408797332,19264,4,66,0,7561,18,1.4453270435333252,12.732897982773581
machine-1-6,22,W3_b01,DE_stab512,0.7648588355796886,0.7981348401398892,0.9410797145162082,0.9116619593900074,0.013462789650167659,0.42691477885652646,0.9333333333333333,0.31014023732470336,2944,0,0.4789402173913043,,0.8050994132297691,19072,3,68,0,7561,18,1.3172898292541504,12.732897982773581
machine-1-6,22,W3_b01,C_lb,0.871843079006427,0.8904538752854616,0.9407166260167326,0.9077868513923179,0.12752114508783344,0.8478964401294499,0.9666666666666667,0.05016181229773463,2944,0,0.9925271739130435,,0.29515809025286,6992,0,0,150,0,0,0.10385894775390625,12.732897982773581
machine-1-6,22,W3_b01,DE_stab_lb,0.7060483393557799,0.737746039514753,0.9155382423344874,0.8828495282492479,0.024273059406436114,0.4614347357065804,0.9333333333333333,0.26240560949298813,2944,0,0.5244565217391305,,0.6706910380345308,15888,6,72,194,8489,22,1.389503002166748,12.732897982773581
machine-1-6,22,W3_b01,rand_DE,0.6415273128353193,0.7052545874050314,0.9074455172665918,0.8601769577538791,0.003953756068264851,0.17367853290183388,0.9333333333333333,0.830906148867314,2944,0,0.17866847826086957,,0.8081810122841825,19145,0,0,0,0,0,0.36830878257751465,12.732897982773581
machine-1-6,33,W1,A_no_update,0.8818376040593118,0.9004440232973411,0.9478425914551704,0.9198887270846895,0.4108402982833692,0.8988673139158576,0.9666666666666667,0.0,2946,510,0.9989816700610998,0.060784313725490195,0.0,18942,0,0,0,0,0,10.899765014648438,11.998932751945024
machine-1-6,33,W1,B_always,0.5884116902841342,0.6548612451412695,0.8908759064611699,0.8372942159128843,0.005104849607126771,0.15911542610571736,0.9333333333333333,1.0,2946,510,0.16225390359809913,0.029411764705882353,1.0,42631,0,0,0,0,0,17.85191774368286,11.998932751945024
machine-1-6,33,W1,C_threshold,0.8971917628576591,0.9258108105797204,0.9726475341332292,0.9451722124151709,0.005555277513637956,0.8176914778856527,0.9333333333333333,0.1000539374325782,2946,510,0.973183978275628,0.03529411764705882,0.793321794925915,37735,0,0,0,0,0,16.87203288078308,11.998932751945024
machine-1-6,33,W1,D_quarantine,0.7233676145201865,0.7753731391995867,0.9242388937902586,0.8805441895798851,0.005555277513637956,0.3492448759439051,0.9333333333333333,0.656688241639698,2946,510,0.384928716904277,0.03529411764705882,0.8804508421630293,39799,3,104,0,4368,0,16.428141117095947,11.998932751945024
machine-1-6,33,W1,H_hold,0.9004639156314512,0.9278068501907593,0.9760824833431428,0.9529755668100446,0.006356038236324508,0.8176914778856527,0.9333333333333333,0.081445523193096,2946,510,0.973183978275628,0.058823529411764705,0.7591709232133057,36926,0,65,0,7785,24,22.23869514465332,11.998932751945024
machine-1-6,33,W1,D_trail512,0.7369778133519236,0.7871896536077037,0.9393748966142763,0.9046151152116625,0.006356038236324508,0.3629989212513484,0.9333333333333333,0.4266450916936354,2946,510,0.4008825526137135,0.058823529411764705,0.8132044408797332,38206,4,68,0,7625,16,20.17421293258667,11.998932751945024
machine-1-6,33,W1,DE_stab,0.8105866704336935,0.8512983187527611,0.9537682309639594,0.9215118710131691,0.006255943145988689,0.5218446601941747,0.9333333333333333,0.27184466019417475,2946,510,0.6018329938900203,0.058823529411764705,0.7996960614631263,37886,3,66,0,7625,20,21.441663026809692,11.998932751945024
machine-1-6,33,W1,DE_stab512,0.8070630643723214,0.849157810129895,0.9531078883760813,0.9202997432242398,0.006356038236324508,0.5218446601941747,0.9333333333333333,0.27130528586839264,2946,510,0.6018329938900203,0.058823529411764705,0.7888893579298408,37630,2,66,0,7625,20,21.608204126358032,11.998932751945024
machine-1-6,33,W1,C_lb,0.8821414332766689,0.9007145236966926,0.9491310046142828,0.9231600657085935,0.3970271758170262,0.8932038834951457,0.9666666666666667,0.0010787486515641855,2946,510,0.9989816700610998,0.058823529411764705,0.17425809447422855,23070,0,0,108,0,0,12.518789291381836,11.998932751945024
machine-1-6,33,W1,DE_stab_lb,0.8084630113055571,0.8388850943600011,0.9513304127287576,0.9296359791532268,0.010610079575596816,0.587378640776699,0.9333333333333333,0.14023732470334413,2946,510,0.6795655125594026,0.058823529411764705,0.49170501076448986,30590,4,69,398,8857,23,18.43597102165222,11.998932751945024
machine-1-6,33,W1,rand_DE,0.6077301227546714,0.6712873085326266,0.9005442218722159,0.8514804814303902,0.00520494469746259,0.16127292340884575,0.9333333333333333,0.807982740021575,2946,510,0.16463000678886625,0.029411764705882353,0.8176368778758073,38311,0,0,0,0,0,15.717309951782227,11.998932751945024
machine-1-6,33,W2_f0995,A_no_update,0.8762972401187775,0.8785258688619949,0.9369096923794445,0.915891712553031,0.5536759921925829,0.9250269687162891,0.9666666666666667,0.0,3121,2127,0.9897468760012816,0.2867889045604137,0.0,0,0,0,0,0,0,0.03641510009765625,14.556558147847925
machine-1-6,33,W2_f0995,B_always,0.6484934575547423,0.6946603850968739,0.9075009483284561,0.8750352073952457,0.008658225314048347,0.16720604099244876,0.9333333333333333,1.0,3121,2127,0.1736622877282922,0.05218617771509168,1.0,23689,0,0,0,0,0,0.1304028034210205,14.556558147847925
machine-1-6,33,W2_f0995,C_threshold,0.9022602154504484,0.9190384656876184,0.9666000876492035,0.946457069761041,0.004053851158600671,0.8012405609492989,0.9333333333333333,0.12648327939590076,3121,2127,0.9269464915091317,0.007052186177715092,0.8122335261091645,19241,0,0,0,0,0,0.11268806457519531,14.556558147847925
machine-1-6,33,W2_f0995,D_quarantine,0.6552689258549552,0.6813321070438991,0.9222411897276788,0.8953471547700629,0.027225864571342774,0.3651564185544768,0.9333333333333333,0.6140776699029126,3121,2127,0.40884331944889457,0.22472966619652093,0.8885558698129934,21049,3,91,0,4176,0,0.12629294395446777,14.556558147847925
machine-1-6,33,W2_f0995,H_hold,0.8149816358084334,0.825850494714638,0.9424230717395631,0.9230415267211511,0.0999449477003153,0.8182308522114348,0.9333333333333333,0.08171521035598706,3121,2127,0.9464915091316886,0.8885754583921015,0.7125670142260121,16880,0,46,0,8281,39,2.341888904571533,14.556558147847925
machine-1-6,33,W2_f0995,D_trail512,0.7024561379992883,0.7422948656293354,0.9327787509590383,0.9064327062705254,0.010760222211100545,0.26537216828478966,0.9333333333333333,0.48327939590075514,3121,2127,0.28965075296379367,0.06958157028678891,0.8469753894212504,20064,5,57,0,6729,16,0.9902207851409912,14.556558147847925
machine-1-6,33,W2_f0995,DE_stab,0.6812202511454793,0.7126991616094588,0.9216447225342344,0.8929092940342948,0.018867924528301886,0.35949298813376485,0.9333333333333333,0.37648327939590076,3121,2127,0.40147388657481575,0.14480488951574988,0.8395457807421166,19888,5,57,0,6905,19,1.1638047695159912,14.556558147847925
machine-1-6,33,W2_f0995,DE_stab512,0.690181897180211,0.7207768302411561,0.9213154305642544,0.8912218900296167,0.01876782943796607,0.42179072276159657,0.9333333333333333,0.28451995685005393,3121,2127,0.4754886254405639,0.14480488951574988,0.8145552788213939,19296,3,55,0,6921,21,1.28709077835083,14.556558147847925
machine-1-6,33,W2_f0995,C_lb,0.8765341862785293,0.8806662683336857,0.9478829466633002,0.9316598476211515,0.10855312546919574,0.8336030204962244,0.9333333333333333,0.05177993527508091,3121,2127,0.9615507850048062,0.84109073812882,0.6193591962514247,14672,0,0,129,0,0,0.06726789474487305,14.556558147847925
machine-1-6,33,W2_f0995,DE_stab_lb,0.6372737733112541,0.6710835932073196,0.8916639506021236,0.8563458775588697,0.03383214053350683,0.4487594390507012,0.9333333333333333,0.2820927723840345,3121,2127,0.48413969881448254,0.1466854724964739,0.7314787454092617,17328,6,57,126,7657,22,1.326707124710083,14.556558147847925
machine-1-6,33,W2_f0995,rand_DE,0.6423333142478138,0.6872478547937896,0.9080011195136394,0.8770500934895702,0.009559081127070717,0.1739482200647249,0.9333333333333333,0.8330636461704423,3121,2127,0.18199295097725088,0.05829807240244476,0.8399257039132086,19897,0,0,0,0,0,0.1127629280090332,14.556558147847925
machine-1-6,33,W3_b01,A_no_update,0.8784710535507199,0.8915712032345657,0.9419125305690172,0.9120592556456142,0.41038987037685803,0.883764832793959,0.9666666666666667,0.0,2944,0,0.9996603260869565,,0.0,0,0,0,0,0,0,0.03829693794250488,13.230912894970885
machine-1-6,33,W3_b01,B_always,0.6324534091503211,0.6985095994295801,0.9060054702286021,0.857450844483489,0.0033531855262499376,0.15075512405609492,0.9333333333333333,1.0,2944,0,0.15081521739130435,,1.0,23689,0,0,0,0,0,0.856590986251831,13.230912894970885
machine-1-6,33,W3_b01,C_threshold,0.900561397959122,0.9268081080515648,0.9727777947870562,0.94714986653718,0.003703518342425304,0.7651024811218986,0.9333333333333333,0.11353829557713054,2944,0,0.9106657608695652,,0.8068301743425218,19113,0,0,0,0,0,0.8712072372436523,13.230912894970885
machine-1-6,33,W3_b01,D_quarantine,0.7014587187418612,0.7504293766426924,0.9223670457268595,0.882312509181457,0.01241179120164156,0.39751887810140235,0.9333333333333333,0.6270226537216829,2944,0,0.444633152173913,,0.887880450842163,21033,3,90,0,4192,0,0.8231630325317383,13.230912894970885
machine-1-6,33,W3_b01,H_hold,0.9157795080384155,0.9354008098523384,0.9772516149361253,0.9565403476344598,0.004254041339272309,0.8166127292340885,0.9333333333333333,0.09492988133764833,2944,0,0.975203804347826,,0.7801089113090464,18480,0,59,0,7097,22,1.731046199798584,13.230912894970885
machine-1-6,33,W3_b01,D_trail512,0.7166159852836247,0.752122615380303,0.9349246662783743,0.9057694278280657,0.020169160702667534,0.3422330097087379,0.9333333333333333,0.4959546925566343,2944,0,0.3882472826086957,,0.8361686858879649,19808,6,60,0,7337,18,1.6293036937713623,13.230912894970885
machine-1-6,33,W3_b01,DE_stab,0.7659845626408478,0.8009164643015635,0.9438886424807557,0.9134479805437603,0.01236174365647365,0.4153182308522114,0.9333333333333333,0.3751348435814455,2944,0,0.46841032608695654,,0.822660306471358,19488,4,60,0,7145,19,1.5474281311035156,13.230912894970885
machine-1-6,33,W3_b01,DE_stab512,0.7786767110721615,0.8129446697761415,0.9471062458845827,0.9170651979142862,0.013112456833992293,0.4298813376483279,0.9333333333333333,0.3017799352750809,2944,0,0.48709239130434784,,0.8111781839672422,19216,3,60,0,7161,20,1.7203741073608398,13.230912894970885
machine-1-6,33,W3_b01,C_lb,0.870466580340284,0.8870750933436357,0.9391137551273201,0.9066710192374233,0.13688003603423252,0.8481661272923409,0.9666666666666667,0.05016181229773463,2944,0,0.9928668478260869,,0.297184347165351,7040,0,0,144,0,0,0.1987152099609375,13.230912894970885
machine-1-6,33,W3_b01,DE_stab_lb,0.6914773720058635,0.7216267334764119,0.9104213932144458,0.8801656611537163,0.023722536409589108,0.42529665587918014,0.9333333333333333,0.20199568500539375,2944,0,0.48233695652173914,,0.6740681328886825,15968,5,68,192,8057,21,1.7973320484161377,13.230912894970885
machine-1-6,33,W3_b01,rand_DE,0.6403869197522081,0.7037994763379293,0.9095598785539153,0.8635372023055127,0.0034032330714178468,0.1634304207119741,0.9333333333333333,0.8193096008629989,2944,0,0.16644021739130435,,0.8331715142049052,19737,0,0,0,0,0,0.6674551963806152,13.230912894970885
machine-2-7,11,W1,A_no_update,0.8577395730992847,0.8547714298788274,0.9920646830794992,0.975095141894131,0.004037974139782637,0.8177458033573142,0.95,0.0,305,79,1.0,0.5316455696202531,0.0,18948,0,0,0,0,0,8.548726797103882,8.780346111846008
machine-2-7,11,W1,B_always,0.31603011186690555,0.40400003029493925,0.9610718099088933,0.8667131675474948,0.0030929163623867003,0.2422062350119904,0.95,1.0,305,79,0.22950819672131148,0.3037974683544304,1.0,42644,0,0,0,0,0,17.358086824417114,8.780346111846008
machine-2-7,11,W1,C_threshold,0.8691551691642326,0.8636048236076769,0.9953500937416511,0.982441951417602,0.003909102624683191,0.8201438848920863,0.95,0.0815347721822542,305,79,1.0,0.5316455696202531,0.950708980418636,41476,0,0,0,0,0,16.762465953826904,8.780346111846008
machine-2-7,11,W1,D_quarantine,0.8691551691642326,0.8636048236076769,0.9953500937416511,0.982441951417602,0.003909102624683191,0.8201438848920863,0.95,0.0815347721822542,305,79,1.0,0.5316455696202531,0.950708980418636,41476,0,42,0,1168,0,16.65243101119995,8.780346111846008
machine-2-7,11,W1,H_hold,0.8671920878855524,0.8621548724023251,0.9952352608032723,0.9820089802121962,0.003995016968082821,0.8201438848920863,0.95,0.0815347721822542,305,79,1.0,0.5316455696202531,0.9439567859554355,41316,0,33,0,2384,2,16.529988288879395,8.780346111846008
machine-2-7,11,W1,D_trail512,0.8671920878855524,0.8621548724023251,0.9952352608032723,0.9820089802121962,0.003995016968082821,0.8201438848920863,0.95,0.0815347721822542,305,79,1.0,0.5316455696202531,0.9439567859554355,41316,0,33,0,2384,2,17.133506059646606,8.780346111846008
machine-2-7,11,W1,DE_stab,0.7778892351563935,0.809435690383722,0.9923702665248022,0.955945514648035,0.003995016968082821,0.7266187050359713,0.95,0.6211031175059952,305,79,0.8721311475409836,0.5316455696202531,0.9561107359891965,41604,1,33,0,2352,1,17.04098105430603,8.780346111846008
machine-2-7,11,W1,DE_stab512,0.8671920878855524,0.8621548724023251,0.9952352608032723,0.9820089802121962,0.003995016968082821,0.8201438848920863,0.95,0.0815347721822542,305,79,1.0,0.5316455696202531,0.9439567859554355,41316,0,33,0,2384,2,17.114203929901123,8.780346111846008
machine-2-7,11,W1,C_lb,0.863375139003213,0.8581285864434194,0.9942862192621525,0.9798035363538714,0.004037974139782637,0.8201438848920863,0.95,0.014388489208633094,305,79,1.0,0.5316455696202531,0.9135719108710331,40596,0,0,47,0,0,17.01691699028015,8.780346111846008
machine-2-7,11,W1,DE_stab_lb,0.7731053729303379,0.8037588203955836,0.9906403553947023,0.9402093858226706,0.004037974139782637,0.7266187050359713,0.95,0.5155875299760192,305,79,0.8721311475409836,0.5316455696202531,0.924375422012154,40852,1,32,37,2352,1,17.48438596725464,8.780346111846008
machine-2-7,11,W1,rand_DE,0.3298244489195763,0.4181146236364476,0.9624843215051322,0.8718764753650923,0.003135873534086516,0.2637889688249401,0.95,0.9304556354916067,305,79,0.25901639344262295,0.3037974683544304,0.9594868332207968,41684,0,0,0,0,0,17.190624952316284,8.780346111846008
machine-2-7,11,W2_f0995,A_no_update,0.7932893422136704,0.7446911764243542,0.9637703914303485,0.9084247872976159,0.002706301817088363,0.7769784172661871,0.9,0.0,305,79,0.980327868852459,0.4936708860759494,0.0,0,0,0,0,0,0,0.034005165100097656,17.00836840542499
machine-2-7,11,W2_f0995,B_always,0.4462976135908188,0.5236767747200057,0.967459353726889,0.9161643922543996,0.004682331715279866,0.328537170263789,0.9,1.0,305,79,0.3639344262295082,0.6835443037974683,1.0,23696,0,0,0,0,0,0.18636608123779297,17.00836840542499
machine-2-7,11,W2_f0995,C_threshold,0.814257941883227,0.8016248662423794,0.9809497180309159,0.9344123309540004,0.002061944241591134,0.7721822541966427,0.9,0.09112709832134293,305,79,0.9704918032786886,0.4810126582278481,0.9675894665766374,22928,0,0,0,0,0,0.17212224006652832,17.00836840542499
machine-2-7,11,W2_f0995,D_quarantine,0.814257941883227,0.8016248662423794,0.9809497180309159,0.9344123309540004,0.002061944241591134,0.7721822541966427,0.9,0.09112709832134293,305,79,0.9704918032786886,0.4810126582278481,0.9675894665766374,22928,0,26,0,768,0,0.1320960521697998,17.00836840542499
machine-2-7,11,W2_f0995,H_hold,0.8141611706459119,0.8017357031047293,0.980968188316367,0.934015311913878,0.002061944241591134,0.7721822541966427,0.9,0.09112709832134293,305,79,0.9704918032786886,0.4810126582278481,0.9669142471303174,22912,0,25,0,1584,2,0.2591280937194824,17.00836840542499
machine-2-7,11,W2_f0995,D_trail512,0.8141611706459119,0.8017357031047293,0.980968188316367,0.934015311913878,0.002061944241591134,0.7721822541966427,0.9,0.09112709832134293,305,79,0.9704918032786886,0.4810126582278481,0.9669142471303174,22912,0,25,0,1584,2,0.2688162326812744,17.00836840542499
machine-2-7,11,W2_f0995,DE_stab,0.6730178653749537,0.6389222100475792,0.9697720448141647,0.9216744478896028,0.01649555393272907,0.6402877697841727,0.9,0.7074340527577938,305,79,0.7901639344262295,0.6835443037974683,0.9770425388251182,23152,2,24,0,1824,3,0.3579556941986084,17.00836840542499
machine-2-7,11,W2_f0995,DE_stab512,0.8141611706459119,0.8017357031047293,0.980968188316367,0.934015311913878,0.002061944241591134,0.7721822541966427,0.9,0.09112709832134293,305,79,0.9704918032786886,0.4810126582278481,0.9669142471303174,22912,0,25,0,1584,2,0.27165913581848145,17.00836840542499
machine-2-7,11,W2_f0995,C_lb,0.7970036694850263,0.774374630370225,0.9742480290072074,0.9325478660844682,0.002061944241591134,0.7721822541966427,0.9,0.045563549160671464,305,79,0.9704918032786886,0.4810126582278481,0.9567859554355166,22672,0,0,8,0,0,0.12476873397827148,17.00836840542499
machine-2-7,11,W2_f0995,DE_stab_lb,0.6553708613380654,0.6319909295172975,0.9594683856327137,0.9141865080898037,0.01649555393272907,0.6402877697841727,0.9,0.6235011990407674,305,79,0.7901639344262295,0.6835443037974683,0.9655638082376773,22880,2,24,9,1824,3,0.307844877243042,17.00836840542499
machine-2-7,11,W2_f0995,rand_DE,0.44108731423145947,0.5186575664382874,0.9669234846157753,0.9162948089915027,0.004682331715279866,0.328537170263789,0.9,0.9928057553956835,305,79,0.3639344262295082,0.6835443037974683,0.9729912221471978,23056,0,0,0,0,0,0.14881587028503418,17.00836840542499
machine-2-7,11,W3_b01,A_no_update,0.8345145501447282,0.8474933640138593,0.9905203718867759,0.9528965856053504,0.0023626444434898405,0.7793764988009593,0.95,0.0,305,79,0.9737704918032787,0.4936708860759494,0.0,0,0,0,0,0,0,0.04644513130187988,13.949012952827081
machine-2-7,11,W3_b01,B_always,0.34663925943925855,0.46489059447617476,0.9696549016019659,0.8828895816290822,0.0023626444434898405,0.19904076738609114,0.95,1.0,305,79,0.18032786885245902,0.4050632911392405,1.0,23696,0,0,0,0,0,1.1534450054168701,13.949012952827081
machine-2-7,11,W3_b01,C_threshold,0.8645977202271569,0.8861502680888306,0.9962258077115973,0.9830843517118948,0.0022767301000902102,0.7769784172661871,0.95,0.0815347721822542,305,79,0.9704918032786886,0.4936708860759494,0.9648885887913572,22864,0,0,0,0,0,1.1977369785308838,13.949012952827081
machine-2-7,11,W3_b01,D_quarantine,0.8645977202271569,0.8861502680888306,0.9962258077115973,0.9830843517118948,0.0022767301000902102,0.7769784172661871,0.95,0.0815347721822542,305,79,0.9704918032786886,0.4936708860759494,0.9648885887913572,22864,0,28,0,832,0,1.174652099609375,13.949012952827081
machine-2-7,11,W3_b01,H_hold,0.8636741930316026,0.8893716157009581,0.9963917442137304,0.9829750530088409,0.0022767301000902102,0.7769784172661871,0.95,0.0815347721822542,305,79,0.9704918032786886,0.4936708860759494,0.962862930452397,22816,0,26,0,1712,2,0.8677847385406494,13.949012952827081
machine-2-7,11,W3_b01,D_trail512,0.8636741930316026,0.8893716157009581,0.9963917442137304,0.9829750530088409,0.0022767301000902102,0.7769784172661871,0.95,0.0815347721822542,305,79,0.9704918032786886,0.4936708860759494,0.962862930452397,22816,0,26,0,1712,2,0.8002097606658936,13.949012952827081
machine-2-7,11,W3_b01,DE_stab,0.7497624445367975,0.8010074522898913,0.9911589511633476,0.955411073864393,0.003049959190686885,0.6522781774580336,0.95,0.6594724220623501,305,79,0.8,0.6962025316455697,0.974341661039838,23088,1,26,0,1696,1,1.0435280799865723,13.949012952827081
machine-2-7,11,W3_b01,DE_stab512,0.8636741930316026,0.8893716157009581,0.9963917442137304,0.9829750530088409,0.0022767301000902102,0.7769784172661871,0.95,0.0815347721822542,305,79,0.9704918032786886,0.4936708860759494,0.962862930452397,22816,0,26,0,1712,2,1.035304069519043,13.949012952827081
machine-2-7,11,W3_b01,C_lb,0.8495425234617947,0.8802174280703516,0.9952898292136063,0.9754999900590717,0.0023196872717900253,0.7769784172661871,0.95,0.014388489208633094,305,79,0.9704918032786886,0.4936708860759494,0.9446320054017556,22384,0,0,21,0,0,0.842505931854248,13.949012952827081
machine-2-7,11,W3_b01,DE_stab_lb,0.6947695431546168,0.7233193498772226,0.9819503086989995,0.922128125069857,0.01211392241934791,0.6642685851318945,0.95,0.5539568345323741,305,79,0.8163934426229508,0.6962025316455697,0.9345037137069547,22144,1,31,35,2112,1,1.140294075012207,13.949012952827081
machine-2-7,11,W3_b01,rand_DE,0.3456887418617304,0.4631000064745863,0.969058579179926,0.8815470927523629,0.0023626444434898405,0.19904076738609114,0.95,1.0,305,79,0.18032786885245902,0.4050632911392405,0.9729912221471978,23056,0,0,0,0,0,1.1432130336761475,13.949012952827081
machine-2-7,22,W1,A_no_update,0.855853551875025,0.864123785671878,0.9936321747164532,0.9765289018838627,0.004037974139782637,0.8129496402877698,0.95,0.0,305,79,1.0,0.5316455696202531,0.0,18948,0,0,0,0,0,12.49871301651001,8.792277255235303
machine-2-7,22,W1,B_always,0.34405817513848763,0.44472782142006906,0.9649257793880021,0.8752927551854304,0.002706301817088363,0.27817745803357313,0.9,1.0,305,79,0.28852459016393445,0.3037974683544304,1.0,42644,0,0,0,0,0,19.55442976951599,8.792277255235303
machine-2-7,22,W1,C_threshold,0.8704201574170711,0.877320418866428,0.9962500836825667,0.9839856281991891,0.0036943167661841144,0.815347721822542,0.95,0.0815347721822542,305,79,1.0,0.5316455696202531,0.9527346387575962,41524,0,0,0,0,0,18.811362981796265,8.792277255235303
machine-2-7,22,W1,D_quarantine,0.8704201574170711,0.877320418866428,0.9962500836825667,0.9839856281991891,0.0036943167661841144,0.815347721822542,0.95,0.0815347721822542,305,79,1.0,0.5316455696202531,0.9527346387575962,41524,0,38,0,1120,0,18.794631004333496,8.792277255235303
machine-2-7,22,W1,H_hold,0.8687936502069207,0.8748230056180784,0.9961425493748828,0.9836344507451729,0.0037372739378839295,0.815347721822542,0.95,0.0815347721822542,305,79,1.0,0.5316455696202531,0.9473328831870358,41396,0,31,0,2240,2,19.756269216537476,8.792277255235303
machine-2-7,22,W1,D_trail512,0.8687936502069207,0.8748230056180784,0.9961425493748828,0.9836344507451729,0.0037372739378839295,0.815347721822542,0.95,0.0815347721822542,305,79,1.0,0.5316455696202531,0.9473328831870358,41396,0,31,0,2240,2,19.24717116355896,8.792277255235303
machine-2-7,22,W1,DE_stab,0.7817237630148116,0.8146253816677272,0.9933910736031052,0.961393143314293,0.0037372739378839295,0.7242206235011991,0.95,0.6211031175059952,305,79,0.8754098360655738,0.5316455696202531,0.9594868332207968,41684,1,31,0,2208,1,18.28837513923645,8.792277255235303
machine-2-7,22,W1,DE_stab512,0.8687936502069207,0.8748230056180784,0.9961425493748828,0.9836344507451729,0.0037372739378839295,0.815347721822542,0.95,0.0815347721822542,305,79,1.0,0.5316455696202531,0.9473328831870358,41396,0,31,0,2240,2,18.775636911392212,8.792277255235303
machine-2-7,22,W1,C_lb,0.8628971120492467,0.8667233979833857,0.9951324563408511,0.9806285818889886,0.003952059796383006,0.815347721822542,0.95,0.014388489208633094,305,79,1.0,0.5316455696202531,0.9189736664415935,40724,0,0,40,0,0,17.999567985534668,8.792277255235303
machine-2-7,22,W1,DE_stab_lb,0.7740064167753294,0.8036169013685255,0.9915670848928045,0.9455302032698341,0.003952059796383006,0.7242206235011991,0.95,0.5539568345323741,305,79,0.8754098360655738,0.5316455696202531,0.9297771775827144,40980,1,31,31,2288,1,17.638143301010132,8.792277255235303
machine-2-7,22,W1,rand_DE,0.3842423516322128,0.4851141184709159,0.9681872071842851,0.8794574890369075,0.002749258988788178,0.33093525179856115,0.9,0.8537170263788969,305,79,0.36065573770491804,0.3037974683544304,0.9446320054017556,41332,0,0,0,0,0,16.42072081565857,8.792277255235303
machine-2-7,22,W2_f0995,A_no_update,0.7930837062405415,0.7446653501164832,0.9640319412966829,0.9087847210096522,0.002749258988788178,0.7745803357314148,0.9,0.0,305,79,0.980327868852459,0.4936708860759494,0.0,0,0,0,0,0,0,0.03848385810852051,17.037872246306026
machine-2-7,22,W2_f0995,B_always,0.4535066197980618,0.5164934837161971,0.9675003001000378,0.9182043943435396,0.005498517977576356,0.33093525179856115,0.9,1.0,305,79,0.36721311475409835,0.6835443037974683,1.0,23696,0,0,0,0,0,0.15150809288024902,17.037872246306026
machine-2-7,22,W2_f0995,C_threshold,0.8134397858878778,0.7961992511947996,0.9806122596310372,0.9357771740423718,0.002061944241591134,0.7721822541966427,0.9,0.09112709832134293,305,79,0.9704918032786886,0.4810126582278481,0.9675894665766374,22928,0,0,0,0,0,0.1221158504486084,17.037872246306026
machine-2-7,22,W2_f0995,D_quarantine,0.8134397858878778,0.7961992511947996,0.9806122596310372,0.9357771740423718,0.002061944241591134,0.7721822541966427,0.9,0.09112709832134293,305,79,0.9704918032786886,0.4810126582278481,0.9675894665766374,22928,0,26,0,768,0,0.11271190643310547,17.037872246306026
machine-2-7,22,W2_f0995,H_hold,0.8133387209219475,0.7962525161292444,0.9805985381820946,0.9353723258774311,0.002061944241591134,0.7721822541966427,0.9,0.09112709832134293,305,79,0.9704918032786886,0.4810126582278481,0.9669142471303174,22912,0,25,0,1584,2,0.21632719039916992,17.037872246306026
machine-2-7,22,W2_f0995,D_trail512,0.8133387209219475,0.7962525161292444,0.9805985381820946,0.9353723258774311,0.002061944241591134,0.7721822541966427,0.9,0.09112709832134293,305,79,0.9704918032786886,0.4810126582278481,0.9669142471303174,22912,0,25,0,1584,2,0.2249898910522461,17.037872246306026
machine-2-7,22,W2_f0995,DE_stab,0.8133387209219475,0.7962525161292444,0.9805985381820946,0.9353723258774311,0.002061944241591134,0.7721822541966427,0.9,0.09112709832134293,305,79,0.9704918032786886,0.4810126582278481,0.9669142471303174,22912,0,25,0,1584,2,0.21913504600524902,17.037872246306026
machine-2-7,22,W2_f0995,DE_stab512,0.8133387209219475,0.7962525161292444,0.9805985381820946,0.9353723258774311,0.002061944241591134,0.7721822541966427,0.9,0.09112709832134293,305,79,0.9704918032786886,0.4810126582278481,0.9669142471303174,22912,0,25,0,1584,2,0.23499393463134766,17.037872246306026
machine-2-7,22,W2_f0995,C_lb,0.7965668081373138,0.7721976238557255,0.9743572023960821,0.9336689761554733,0.002061944241591134,0.7721822541966427,0.9,0.045563549160671464,305,79,0.9704918032786886,0.4810126582278481,0.9567859554355166,22672,0,0,8,0,0,0.1259307861328125,17.037872246306026
machine-2-7,22,W2_f0995,DE_stab_lb,0.7965702334571642,0.7722018536558217,0.9743626165653771,0.9336635163710605,0.002061944241591134,0.7721822541966427,0.9,0.045563549160671464,305,79,0.9704918032786886,0.4810126582278481,0.9561107359891965,22656,0,25,8,1584,2,0.25150012969970703,17.037872246306026
machine-2-7,22,W2_f0995,rand_DE,0.46323953286455777,0.5289461769021266,0.9684639119142384,0.920131698241218,0.006142875553073586,0.33093525179856115,0.9,0.9568345323741008,305,79,0.36721311475409835,0.6835443037974683,0.9716407832545577,23024,0,0,0,0,0,0.10870003700256348,17.037872246306026
machine-2-7,22,W3_b01,A_no_update,0.8439518954012171,0.8623127207122709,0.9900039555752781,0.95343864948421,0.0023626444434898405,0.7841726618705036,0.95,0.0,305,79,0.980327868852459,0.4936708860759494,0.0,0,0,0,0,0,0,0.04879117012023926,13.847921094156117
machine-2-7,22,W3_b01,B_always,0.3448526992898738,0.4769980520409518,0.9699094366725572,0.8819481293696947,0.0021908157566905796,0.19664268585131894,0.95,1.0,305,79,0.18032786885245902,0.43037974683544306,1.0,23696,0,0,0,0,0,0.9753730297088623,13.847921094156117
machine-2-7,22,W3_b01,C_threshold,0.8665899829344169,0.8893254090089919,0.996549928495623,0.982586069123137,0.0022767301000902102,0.7769784172661871,0.95,0.0815347721822542,305,79,0.9704918032786886,0.4936708860759494,0.9648885887913572,22864,0,0,0,0,0,0.972423791885376,13.847921094156117
machine-2-7,22,W3_b01,D_quarantine,0.8665899829344169,0.8893254090089919,0.996549928495623,0.982586069123137,0.0022767301000902102,0.7769784172661871,0.95,0.0815347721822542,305,79,0.9704918032786886,0.4936708860759494,0.9648885887913572,22864,0,28,0,832,0,0.7772040367126465,13.847921094156117
machine-2-7,22,W3_b01,H_hold,0.8658413026101038,0.8911277880778512,0.996639228568766,0.9825247753169947,0.0022767301000902102,0.7769784172661871,0.95,0.0815347721822542,305,79,0.9704918032786886,0.4936708860759494,0.962862930452397,22816,0,26,0,1712,2,0.6868648529052734,13.847921094156117
machine-2-7,22,W3_b01,D_trail512,0.8658413026101038,0.8911277880778512,0.996639228568766,0.9825247753169947,0.0022767301000902102,0.7769784172661871,0.95,0.0815347721822542,305,79,0.9704918032786886,0.4936708860759494,0.962862930452397,22816,0,26,0,1712,2,0.6946499347686768,13.847921094156117
machine-2-7,22,W3_b01,DE_stab,0.7427856756501642,0.8002612592843654,0.9913921361194983,0.954503771011285,0.0029210876755874395,0.6354916067146283,0.95,0.6594724220623501,305,79,0.7770491803278688,0.6455696202531646,0.9723160027008778,23040,1,26,0,1744,1,0.6867659091949463,13.847921094156117
machine-2-7,22,W3_b01,DE_stab512,0.8658413026101038,0.8911277880778512,0.996639228568766,0.9825247753169947,0.0022767301000902102,0.7769784172661871,0.95,0.0815347721822542,305,79,0.9704918032786886,0.4936708860759494,0.962862930452397,22816,0,26,0,1712,2,0.6882798671722412,13.847921094156117
machine-2-7,22,W3_b01,C_lb,0.8497301062452296,0.8805957412433603,0.9952316275547766,0.9728488011601114,0.0023626444434898405,0.7769784172661871,0.95,0.014388489208633094,305,79,0.9737704918032787,0.4936708860759494,0.9412559081701553,22304,0,0,25,0,0,0.622844934463501,13.847921094156117
machine-2-7,22,W3_b01,DE_stab_lb,0.6947408692329017,0.7287089825215196,0.9824512485851759,0.9204858631244411,0.015507538983633318,0.6642685851318945,0.95,0.5539568345323741,305,79,0.819672131147541,0.6962025316455697,0.9473328831870358,22448,2,27,30,2016,3,0.7480812072753906,13.847921094156117
machine-2-7,22,W3_b01,rand_DE,0.3529701235372769,0.4824697029583565,0.9714709132611554,0.8923934180547654,0.0021908157566905796,0.19664268585131894,0.95,0.9616306954436451,305,79,0.18032786885245902,0.43037974683544306,0.9716407832545577,23024,0,0,0,0,0,0.6632950305938721,13.847921094156117
machine-2-7,33,W1,A_no_update,0.8550182064275706,0.8578193839968984,0.9931700270257476,0.9758741398135411,0.0033936165642854074,0.815347721822542,0.95,0.0,305,79,0.9967213114754099,0.4936708860759494,0.0,18948,0,0,0,0,0,12.090687036514282,9.255966721009214
machine-2-7,33,W1,B_always,0.35159973450574683,0.43813599631993927,0.9636007941346112,0.8757103771856005,0.0026203874736887324,0.2733812949640288,0.9,1.0,305,79,0.2786885245901639,0.3037974683544304,1.0,42644,0,0,0,0,0,18.790736198425293,9.255966721009214
machine-2-7,33,W1,C_threshold,0.8669806675103894,0.8691902414327364,0.9961314766022297,0.9835159837248979,0.003522488079384853,0.8129496402877698,0.95,0.0815347721822542,305,79,0.9967213114754099,0.4936708860759494,0.9534098582039163,41540,0,0,0,0,0,18.350081205368042,9.255966721009214
machine-2-7,33,W1,D_quarantine,0.8669806675103894,0.8691902414327364,0.9961314766022297,0.9835159837248979,0.003522488079384853,0.8129496402877698,0.95,0.0815347721822542,305,79,0.9967213114754099,0.4936708860759494,0.9534098582039163,41540,0,40,0,1104,0,17.701844930648804,9.255966721009214
machine-2-7,33,W1,H_hold,0.8658219241750269,0.8683998358297577,0.9960389726790063,0.9831745926769045,0.0033936165642854074,0.8129496402877698,0.95,0.0815347721822542,305,79,0.9967213114754099,0.4936708860759494,0.949358541525996,41444,0,32,0,2224,2,18.640382289886475,9.255966721009214
machine-2-7,33,W1,D_trail512,0.8658219241750269,0.8683998358297577,0.9960389726790063,0.9831745926769045,0.0033936165642854074,0.8129496402877698,0.95,0.0815347721822542,305,79,0.9967213114754099,0.4936708860759494,0.949358541525996,41444,0,32,0,2224,2,17.282826900482178,9.255966721009214
machine-2-7,33,W1,DE_stab,0.7781741908015862,0.8093842273798377,0.9931373101849066,0.959230038538867,0.0033936165642854074,0.7218225419664268,0.95,0.6211031175059952,305,79,0.8721311475409836,0.4936708860759494,0.9615124915597569,41732,1,32,0,2192,1,17.14731502532959,9.255966721009214
machine-2-7,33,W1,DE_stab512,0.8658219241750269,0.8683998358297577,0.9960389726790063,0.9831745926769045,0.0033936165642854074,0.8129496402877698,0.95,0.0815347721822542,305,79,0.9967213114754099,0.4936708860759494,0.949358541525996,41444,0,32,0,2224,2,17.886253118515015,9.255966721009214
machine-2-7,33,W1,C_lb,0.8601634038252988,0.8623855748276971,0.9951464267551446,0.9788631142424863,0.0033936165642854074,0.8105515587529976,0.95,0.014388489208633094,305,79,0.9934426229508196,0.4936708860759494,0.9149223497636731,40628,0,0,49,0,0,17.36420488357544,9.255966721009214
machine-2-7,33,W1,DE_stab_lb,0.7701138036159927,0.7974269221445109,0.9910897298235665,0.9392325994868009,0.0033936165642854074,0.7194244604316546,0.95,0.5155875299760192,305,79,0.8688524590163934,0.4936708860759494,0.925050641458474,40868,1,31,39,2272,1,17.508272886276245,9.255966721009214
machine-2-7,33,W1,rand_DE,0.3508999836332735,0.43683300325742863,0.9629332479435511,0.8739243065790506,0.002577430301988917,0.2733812949640288,0.9,1.0,305,79,0.2786885245901639,0.3037974683544304,0.9540850776502363,41556,0,0,0,0,0,16.682090044021606,9.255966721009214
machine-2-7,33,W2_f0995,A_no_update,0.7925142300786467,0.7439962797130004,0.963716702860018,0.9083061657551402,0.002835173332187809,0.7745803357314148,0.9,0.0,305,79,0.980327868852459,0.4936708860759494,0.0,0,0,0,0,0,0,0.033956289291381836,17.060333672074602
machine-2-7,33,W2_f0995,B_always,0.49050323663456197,0.5546344386537726,0.9706013891354814,0.9212806223082877,0.00609991838137377,0.34532374100719426,0.9,1.0,305,79,0.38688524590163936,0.6835443037974683,1.0,23696,0,0,0,0,0,0.1474769115447998,17.060333672074602
machine-2-7,33,W2_f0995,C_threshold,0.8130183020057533,0.7988694317506148,0.9808691685376583,0.9354495869776107,0.002061944241591134,0.7697841726618705,0.9,0.09112709832134293,305,79,0.9672131147540983,0.4810126582278481,0.9675894665766374,22928,0,0,0,0,0,0.14139080047607422,17.060333672074602
machine-2-7,33,W2_f0995,D_quarantine,0.8130183020057533,0.7988694317506148,0.9808691685376583,0.9354495869776107,0.002061944241591134,0.7697841726618705,0.9,0.09112709832134293,305,79,0.9672131147540983,0.4810126582278481,0.9675894665766374,22928,0,26,0,768,0,0.12156367301940918,17.060333672074602
machine-2-7,33,W2_f0995,H_hold,0.8129194968497645,0.7990916968451103,0.9809112472126147,0.9350452538866713,0.002061944241591134,0.7697841726618705,0.9,0.09112709832134293,305,79,0.9672131147540983,0.4810126582278481,0.9669142471303174,22912,0,25,0,1584,2,0.21648478507995605,17.060333672074602
machine-2-7,33,W2_f0995,D_trail512,0.8129194968497645,0.7990916968451103,0.9809112472126147,0.9350452538866713,0.002061944241591134,0.7697841726618705,0.9,0.09112709832134293,305,79,0.9672131147540983,0.4810126582278481,0.9669142471303174,22912,0,25,0,1584,2,0.23871731758117676,17.060333672074602
machine-2-7,33,W2_f0995,DE_stab,0.8129194968497645,0.7990916968451103,0.9809112472126147,0.9350452538866713,0.002061944241591134,0.7697841726618705,0.9,0.09112709832134293,305,79,0.9672131147540983,0.4810126582278481,0.9669142471303174,22912,0,25,0,1584,2,0.23560404777526855,17.060333672074602
machine-2-7,33,W2_f0995,DE_stab512,0.8129194968497645,0.7990916968451103,0.9809112472126147,0.9350452538866713,0.002061944241591134,0.7697841726618705,0.9,0.09112709832134293,305,79,0.9672131147540983,0.4810126582278481,0.9669142471303174,22912,0,25,0,1584,2,0.23917818069458008,17.060333672074602
machine-2-7,33,W2_f0995,C_lb,0.7957779708564415,0.7714669704500924,0.97420404254622,0.9331558594354809,0.002061944241591134,0.7721822541966427,0.9,0.045563549160671464,305,79,0.9704918032786886,0.4810126582278481,0.9567859554355166,22672,0,0,8,0,0,0.11151981353759766,17.060333672074602
machine-2-7,33,W2_f0995,DE_stab_lb,0.7957815671511927,0.7714702823226782,0.9742083540641202,0.9331496785474666,0.002061944241591134,0.7721822541966427,0.9,0.045563549160671464,305,79,0.9704918032786886,0.4810126582278481,0.9561107359891965,22656,0,25,8,1584,2,0.27568578720092773,17.060333672074602
machine-2-7,33,W2_f0995,rand_DE,0.4838744627685413,0.5520487673714131,0.9701427863149693,0.9201371580256307,0.006142875553073586,0.34532374100719426,0.9,0.9928057553956835,305,79,0.38688524590163936,0.6835443037974683,0.9682646860229575,22944,0,0,0,0,0,0.13122320175170898,17.060333672074602
machine-2-7,33,W3_b01,A_no_update,0.8395926988875209,0.8462255599239019,0.9899417265113766,0.955599899993232,0.0022767301000902102,0.7769784172661871,0.95,0.0,305,79,0.9737704918032787,0.4936708860759494,0.0,0,0,0,0,0,0,0.04497790336608887,14.170488318191243
machine-2-7,33,W3_b01,B_always,0.3509106096297213,0.47429417649371647,0.9693062675589207,0.8829760110464829,0.0018042012113922419,0.19664268585131894,0.95,1.0,305,79,0.18032786885245902,0.379746835443038,1.0,23696,0,0,0,0,0,1.066098928451538,14.170488318191243
machine-2-7,33,W3_b01,C_threshold,0.8707426014938722,0.8909782470096643,0.9965096643014771,0.9835034159192685,0.0021908157566905796,0.7745803357314148,0.95,0.0815347721822542,305,79,0.9704918032786886,0.4936708860759494,0.9662390276839973,22896,0,0,0,0,0,0.9924850463867188,14.170488318191243
machine-2-7,33,W3_b01,D_quarantine,0.8707426014938722,0.8909782470096643,0.9965096643014771,0.9835034159192685,0.0021908157566905796,0.7745803357314148,0.95,0.0815347721822542,305,79,0.9704918032786886,0.4936708860759494,0.9662390276839973,22896,0,28,0,800,0,0.9556539058685303,14.170488318191243
machine-2-7,33,W3_b01,H_hold,0.8696206448131675,0.8918906108468573,0.9965420479709299,0.9833317932620698,0.0022337729283903947,0.7745803357314148,0.95,0.0815347721822542,305,79,0.9704918032786886,0.4936708860759494,0.9648885887913572,22864,0,27,0,1696,2,0.7974882125854492,14.170488318191243
machine-2-7,33,W3_b01,D_trail512,0.8696206448131675,0.8918906108468573,0.9965420479709299,0.9833317932620698,0.0022337729283903947,0.7745803357314148,0.95,0.0815347721822542,305,79,0.9704918032786886,0.4936708860759494,0.9648885887913572,22864,0,27,0,1696,2,0.8446581363677979,14.170488318191243
machine-2-7,33,W3_b01,DE_stab,0.7385947597755191,0.7815214581651336,0.9906344466347389,0.9546876009223122,0.005885132522874694,0.6498800959232613,0.95,0.6594724220623501,305,79,0.8,0.6962025316455697,0.9736664415935179,23072,1,27,0,1744,1,0.9496440887451172,14.170488318191243
machine-2-7,33,W3_b01,DE_stab512,0.8696206448131675,0.8918906108468573,0.9965420479709299,0.9833317932620698,0.0022337729283903947,0.7745803357314148,0.95,0.0815347721822542,305,79,0.9704918032786886,0.4936708860759494,0.9648885887913572,22864,0,27,0,1696,2,0.9289541244506836,14.170488318191243
machine-2-7,33,W3_b01,C_lb,0.8545939012073984,0.8835826006118547,0.995726829213597,0.9757666953768915,0.002405601615189656,0.7745803357314148,0.95,0.014388489208633094,305,79,0.9704918032786886,0.4936708860759494,0.9446320054017556,22384,0,0,20,0,0,0.827272891998291,14.170488318191243
machine-2-7,33,W3_b01,DE_stab_lb,0.6918460305466547,0.7202933904868987,0.9836836465673572,0.9264834878091771,0.015593453327032948,0.6618705035971223,0.95,0.5539568345323741,305,79,0.8163934426229508,0.6962025316455697,0.9439567859554355,22368,2,29,32,2128,3,0.8270747661590576,14.170488318191243
machine-2-7,33,W3_b01,rand_DE,0.35030552915604807,0.473292981502343,0.9690303047599622,0.8819169158852223,0.0018042012113922419,0.19664268585131894,0.95,1.0,305,79,0.18032786885245902,0.379746835443038,0.9756920999324781,23120,0,0,0,0,0,0.9352922439575195,14.170488318191243
