baseline,trace,event_id,anomaly_type,arm,duplicated_trace,dose,threshold,count,expected,coverage,eligible,alarm_fraction
PCA_SPE,6_5_1000000_93,gt_row_071,driver_failure,row_pooled,6_0_50000_49,1,12.74890970576502,54,64,0.84375,False,0.42592592592592593
PCA_SPE,6_5_1000000_93,gt_row_071,driver_failure,row_pooled,6_0_50000_49,4,12.559538714890708,54,64,0.84375,False,0.42592592592592593
PCA_SPE,6_5_1000000_93,gt_row_071,driver_failure,row_pooled,6_0_50000_49,16,11.449151228274022,54,64,0.84375,False,0.42592592592592593
PCA_SPE,6_5_1000000_93,gt_row_071,driver_failure,row_pooled,6_0_50000_49,64,6.072638702576529,54,64,0.84375,False,0.5185185185185185
PCA_SPE,6_5_1000000_93,gt_row_071,driver_failure,row_pooled,9_0_300000_5,1,12.74890970576502,54,64,0.84375,False,0.42592592592592593
PCA_SPE,6_5_1000000_93,gt_row_071,driver_failure,row_pooled,9_0_300000_5,4,13.115453252573758,54,64,0.84375,False,0.4074074074074074
PCA_SPE,6_5_1000000_93,gt_row_071,driver_failure,row_pooled,9_0_300000_5,16,13.265140959889946,54,64,0.84375,False,0.4074074074074074
PCA_SPE,6_5_1000000_93,gt_row_071,driver_failure,row_pooled,9_0_300000_5,64,13.346522004828731,54,64,0.84375,False,0.4074074074074074
PCA_SPE,6_5_1000000_93,gt_row_071,driver_failure,row_pooled,10_0_100000_10,1,12.74890970576502,54,64,0.84375,False,0.42592592592592593
PCA_SPE,6_5_1000000_93,gt_row_071,driver_failure,row_pooled,10_0_100000_10,4,11.3601767974293,54,64,0.84375,False,0.42592592592592593
PCA_SPE,6_5_1000000_93,gt_row_071,driver_failure,row_pooled,10_0_100000_10,16,6.06384612305029,54,64,0.84375,False,0.5185185185185185
PCA_SPE,6_5_1000000_93,gt_row_071,driver_failure,row_pooled,10_0_100000_10,64,4.478488964720642,54,64,0.84375,False,0.5185185185185185
PCA_SPE,6_5_1000000_93,gt_row_071,driver_failure,trace_balanced,6_0_50000_49,1,7.883212560760596,54,64,0.84375,False,0.48148148148148145
PCA_SPE,6_5_1000000_93,gt_row_071,driver_failure,trace_balanced,6_0_50000_49,4,7.883212560760596,54,64,0.84375,False,0.48148148148148145
PCA_SPE,6_5_1000000_93,gt_row_071,driver_failure,trace_balanced,6_0_50000_49,16,7.883212560760596,54,64,0.84375,False,0.48148148148148145
PCA_SPE,6_5_1000000_93,gt_row_071,driver_failure,trace_balanced,6_0_50000_49,64,7.883212560760596,54,64,0.84375,False,0.48148148148148145
PCA_SPE,6_5_1000000_93,gt_row_071,driver_failure,trace_balanced,9_0_300000_5,1,7.883212560760596,54,64,0.84375,False,0.48148148148148145
PCA_SPE,6_5_1000000_93,gt_row_071,driver_failure,trace_balanced,9_0_300000_5,4,7.883212560760596,54,64,0.84375,False,0.48148148148148145
PCA_SPE,6_5_1000000_93,gt_row_071,driver_failure,trace_balanced,9_0_300000_5,16,7.883212560760596,54,64,0.84375,False,0.48148148148148145
PCA_SPE,6_5_1000000_93,gt_row_071,driver_failure,trace_balanced,9_0_300000_5,64,7.883212560760596,54,64,0.84375,False,0.48148148148148145
PCA_SPE,6_5_1000000_93,gt_row_071,driver_failure,trace_balanced,10_0_100000_10,1,7.883212560760596,54,64,0.84375,False,0.48148148148148145
PCA_SPE,6_5_1000000_93,gt_row_071,driver_failure,trace_balanced,10_0_100000_10,4,7.883212560760596,54,64,0.84375,False,0.48148148148148145
PCA_SPE,6_5_1000000_93,gt_row_071,driver_failure,trace_balanced,10_0_100000_10,16,7.883212560760596,54,64,0.84375,False,0.48148148148148145
PCA_SPE,6_5_1000000_93,gt_row_071,driver_failure,trace_balanced,10_0_100000_10,64,7.883212560760596,54,64,0.84375,False,0.48148148148148145
PCA_SPE,6_5_1000000_93,gt_row_071,driver_failure,identity_deduplicated_pooled,6_0_50000_49,1,12.74890970576502,54,64,0.84375,False,0.42592592592592593
PCA_SPE,6_5_1000000_93,gt_row_071,driver_failure,identity_deduplicated_pooled,6_0_50000_49,4,12.74890970576502,54,64,0.84375,False,0.42592592592592593
PCA_SPE,6_5_1000000_93,gt_row_071,driver_failure,identity_deduplicated_pooled,6_0_50000_49,16,12.74890970576502,54,64,0.84375,False,0.42592592592592593
PCA_SPE,6_5_1000000_93,gt_row_071,driver_failure,identity_deduplicated_pooled,6_0_50000_49,64,12.74890970576502,54,64,0.84375,False,0.42592592592592593
PCA_SPE,6_5_1000000_93,gt_row_071,driver_failure,identity_deduplicated_pooled,9_0_300000_5,1,12.74890970576502,54,64,0.84375,False,0.42592592592592593
PCA_SPE,6_5_1000000_93,gt_row_071,driver_failure,identity_deduplicated_pooled,9_0_300000_5,4,12.74890970576502,54,64,0.84375,False,0.42592592592592593
PCA_SPE,6_5_1000000_93,gt_row_071,driver_failure,identity_deduplicated_pooled,9_0_300000_5,16,12.74890970576502,54,64,0.84375,False,0.42592592592592593
PCA_SPE,6_5_1000000_93,gt_row_071,driver_failure,identity_deduplicated_pooled,9_0_300000_5,64,12.74890970576502,54,64,0.84375,False,0.42592592592592593
PCA_SPE,6_5_1000000_93,gt_row_071,driver_failure,identity_deduplicated_pooled,10_0_100000_10,1,12.74890970576502,54,64,0.84375,False,0.42592592592592593
PCA_SPE,6_5_1000000_93,gt_row_071,driver_failure,identity_deduplicated_pooled,10_0_100000_10,4,12.74890970576502,54,64,0.84375,False,0.42592592592592593
PCA_SPE,6_5_1000000_93,gt_row_071,driver_failure,identity_deduplicated_pooled,10_0_100000_10,16,12.74890970576502,54,64,0.84375,False,0.42592592592592593
PCA_SPE,6_5_1000000_93,gt_row_071,driver_failure,identity_deduplicated_pooled,10_0_100000_10,64,12.74890970576502,54,64,0.84375,False,0.42592592592592593
PCA_SPE,9_5_1000000_84,gt_row_064,driver_failure,row_pooled,6_0_50000_49,1,12.74890970576502,42,69,0.6086956521739131,False,0.35714285714285715
PCA_SPE,9_5_1000000_84,gt_row_064,driver_failure,row_pooled,6_0_50000_49,4,12.559538714890708,42,69,0.6086956521739131,False,0.35714285714285715
PCA_SPE,9_5_1000000_84,gt_row_064,driver_failure,row_pooled,6_0_50000_49,16,11.449151228274022,42,69,0.6086956521739131,False,0.35714285714285715
PCA_SPE,9_5_1000000_84,gt_row_064,driver_failure,row_pooled,6_0_50000_49,64,6.072638702576529,42,69,0.6086956521739131,False,0.42857142857142855
PCA_SPE,9_5_1000000_84,gt_row_064,driver_failure,row_pooled,9_0_300000_5,1,12.74890970576502,42,69,0.6086956521739131,False,0.35714285714285715
PCA_SPE,9_5_1000000_84,gt_row_064,driver_failure,row_pooled,9_0_300000_5,4,13.115453252573758,42,69,0.6086956521739131,False,0.35714285714285715
PCA_SPE,9_5_1000000_84,gt_row_064,driver_failure,row_pooled,9_0_300000_5,16,13.265140959889946,42,69,0.6086956521739131,False,0.35714285714285715
PCA_SPE,9_5_1000000_84,gt_row_064,driver_failure,row_pooled,9_0_300000_5,64,13.346522004828731,42,69,0.6086956521739131,False,0.35714285714285715
PCA_SPE,9_5_1000000_84,gt_row_064,driver_failure,row_pooled,10_0_100000_10,1,12.74890970576502,42,69,0.6086956521739131,False,0.35714285714285715
PCA_SPE,9_5_1000000_84,gt_row_064,driver_failure,row_pooled,10_0_100000_10,4,11.3601767974293,42,69,0.6086956521739131,False,0.35714285714285715
PCA_SPE,9_5_1000000_84,gt_row_064,driver_failure,row_pooled,10_0_100000_10,16,6.06384612305029,42,69,0.6086956521739131,False,0.42857142857142855
PCA_SPE,9_5_1000000_84,gt_row_064,driver_failure,row_pooled,10_0_100000_10,64,4.478488964720642,42,69,0.6086956521739131,False,0.7857142857142857
PCA_SPE,9_5_1000000_84,gt_row_064,driver_failure,trace_balanced,6_0_50000_49,1,7.883212560760596,42,69,0.6086956521739131,False,0.35714285714285715
PCA_SPE,9_5_1000000_84,gt_row_064,driver_failure,trace_balanced,6_0_50000_49,4,7.883212560760596,42,69,0.6086956521739131,False,0.35714285714285715
PCA_SPE,9_5_1000000_84,gt_row_064,driver_failure,trace_balanced,6_0_50000_49,16,7.883212560760596,42,69,0.6086956521739131,False,0.35714285714285715
PCA_SPE,9_5_1000000_84,gt_row_064,driver_failure,trace_balanced,6_0_50000_49,64,7.883212560760596,42,69,0.6086956521739131,False,0.35714285714285715
PCA_SPE,9_5_1000000_84,gt_row_064,driver_failure,trace_balanced,9_0_300000_5,1,7.883212560760596,42,69,0.6086956521739131,False,0.35714285714285715
PCA_SPE,9_5_1000000_84,gt_row_064,driver_failure,trace_balanced,9_0_300000_5,4,7.883212560760596,42,69,0.6086956521739131,False,0.35714285714285715
PCA_SPE,9_5_1000000_84,gt_row_064,driver_failure,trace_balanced,9_0_300000_5,16,7.883212560760596,42,69,0.6086956521739131,False,0.35714285714285715
PCA_SPE,9_5_1000000_84,gt_row_064,driver_failure,trace_balanced,9_0_300000_5,64,7.883212560760596,42,69,0.6086956521739131,False,0.35714285714285715
PCA_SPE,9_5_1000000_84,gt_row_064,driver_failure,trace_balanced,10_0_100000_10,1,7.883212560760596,42,69,0.6086956521739131,False,0.35714285714285715
PCA_SPE,9_5_1000000_84,gt_row_064,driver_failure,trace_balanced,10_0_100000_10,4,7.883212560760596,42,69,0.6086956521739131,False,0.35714285714285715
PCA_SPE,9_5_1000000_84,gt_row_064,driver_failure,trace_balanced,10_0_100000_10,16,7.883212560760596,42,69,0.6086956521739131,False,0.35714285714285715
PCA_SPE,9_5_1000000_84,gt_row_064,driver_failure,trace_balanced,10_0_100000_10,64,7.883212560760596,42,69,0.6086956521739131,False,0.35714285714285715
PCA_SPE,9_5_1000000_84,gt_row_064,driver_failure,identity_deduplicated_pooled,6_0_50000_49,1,12.74890970576502,42,69,0.6086956521739131,False,0.35714285714285715
PCA_SPE,9_5_1000000_84,gt_row_064,driver_failure,identity_deduplicated_pooled,6_0_50000_49,4,12.74890970576502,42,69,0.6086956521739131,False,0.35714285714285715
PCA_SPE,9_5_1000000_84,gt_row_064,driver_failure,identity_deduplicated_pooled,6_0_50000_49,16,12.74890970576502,42,69,0.6086956521739131,False,0.35714285714285715
PCA_SPE,9_5_1000000_84,gt_row_064,driver_failure,identity_deduplicated_pooled,6_0_50000_49,64,12.74890970576502,42,69,0.6086956521739131,False,0.35714285714285715
PCA_SPE,9_5_1000000_84,gt_row_064,driver_failure,identity_deduplicated_pooled,9_0_300000_5,1,12.74890970576502,42,69,0.6086956521739131,False,0.35714285714285715
PCA_SPE,9_5_1000000_84,gt_row_064,driver_failure,identity_deduplicated_pooled,9_0_300000_5,4,12.74890970576502,42,69,0.6086956521739131,False,0.35714285714285715
PCA_SPE,9_5_1000000_84,gt_row_064,driver_failure,identity_deduplicated_pooled,9_0_300000_5,16,12.74890970576502,42,69,0.6086956521739131,False,0.35714285714285715
PCA_SPE,9_5_1000000_84,gt_row_064,driver_failure,identity_deduplicated_pooled,9_0_300000_5,64,12.74890970576502,42,69,0.6086956521739131,False,0.35714285714285715
PCA_SPE,9_5_1000000_84,gt_row_064,driver_failure,identity_deduplicated_pooled,10_0_100000_10,1,12.74890970576502,42,69,0.6086956521739131,False,0.35714285714285715
PCA_SPE,9_5_1000000_84,gt_row_064,driver_failure,identity_deduplicated_pooled,10_0_100000_10,4,12.74890970576502,42,69,0.6086956521739131,False,0.35714285714285715
PCA_SPE,9_5_1000000_84,gt_row_064,driver_failure,identity_deduplicated_pooled,10_0_100000_10,16,12.74890970576502,42,69,0.6086956521739131,False,0.35714285714285715
PCA_SPE,9_5_1000000_84,gt_row_064,driver_failure,identity_deduplicated_pooled,10_0_100000_10,64,12.74890970576502,42,69,0.6086956521739131,False,0.35714285714285715
PCA_SPE,9_5_1000000_84,gt_row_073,executor_failure,row_pooled,6_0_50000_49,1,12.74890970576502,327,328,0.9969512195121951,True,0.45565749235474007
PCA_SPE,9_5_1000000_84,gt_row_073,executor_failure,row_pooled,6_0_50000_49,4,12.559538714890708,327,328,0.9969512195121951,True,0.45565749235474007
PCA_SPE,9_5_1000000_84,gt_row_073,executor_failure,row_pooled,6_0_50000_49,16,11.449151228274022,327,328,0.9969512195121951,True,0.4617737003058104
PCA_SPE,9_5_1000000_84,gt_row_073,executor_failure,row_pooled,6_0_50000_49,64,6.072638702576529,327,328,0.9969512195121951,True,0.6574923547400612
PCA_SPE,9_5_1000000_84,gt_row_073,executor_failure,row_pooled,9_0_300000_5,1,12.74890970576502,327,328,0.9969512195121951,True,0.45565749235474007
PCA_SPE,9_5_1000000_84,gt_row_073,executor_failure,row_pooled,9_0_300000_5,4,13.115453252573758,327,328,0.9969512195121951,True,0.4525993883792049
PCA_SPE,9_5_1000000_84,gt_row_073,executor_failure,row_pooled,9_0_300000_5,16,13.265140959889946,327,328,0.9969512195121951,True,0.4525993883792049
PCA_SPE,9_5_1000000_84,gt_row_073,executor_failure,row_pooled,9_0_300000_5,64,13.346522004828731,327,328,0.9969512195121951,True,0.4525993883792049
PCA_SPE,9_5_1000000_84,gt_row_073,executor_failure,row_pooled,10_0_100000_10,1,12.74890970576502,327,328,0.9969512195121951,True,0.45565749235474007
PCA_SPE,9_5_1000000_84,gt_row_073,executor_failure,row_pooled,10_0_100000_10,4,11.3601767974293,327,328,0.9969512195121951,True,0.4648318042813456
PCA_SPE,9_5_1000000_84,gt_row_073,executor_failure,row_pooled,10_0_100000_10,16,6.06384612305029,327,328,0.9969512195121951,True,0.6574923547400612
PCA_SPE,9_5_1000000_84,gt_row_073,executor_failure,row_pooled,10_0_100000_10,64,4.478488964720642,327,328,0.9969512195121951,True,0.8195718654434251
PCA_SPE,9_5_1000000_84,gt_row_073,executor_failure,trace_balanced,6_0_50000_49,1,7.883212560760596,327,328,0.9969512195121951,True,0.5382262996941896
PCA_SPE,9_5_1000000_84,gt_row_073,executor_failure,trace_balanced,6_0_50000_49,4,7.883212560760596,327,328,0.9969512195121951,True,0.5382262996941896
PCA_SPE,9_5_1000000_84,gt_row_073,executor_failure,trace_balanced,6_0_50000_49,16,7.883212560760596,327,328,0.9969512195121951,True,0.5382262996941896
PCA_SPE,9_5_1000000_84,gt_row_073,executor_failure,trace_balanced,6_0_50000_49,64,7.883212560760596,327,328,0.9969512195121951,True,0.5382262996941896
PCA_SPE,9_5_1000000_84,gt_row_073,executor_failure,trace_balanced,9_0_300000_5,1,7.883212560760596,327,328,0.9969512195121951,True,0.5382262996941896
PCA_SPE,9_5_1000000_84,gt_row_073,executor_failure,trace_balanced,9_0_300000_5,4,7.883212560760596,327,328,0.9969512195121951,True,0.5382262996941896
PCA_SPE,9_5_1000000_84,gt_row_073,executor_failure,trace_balanced,9_0_300000_5,16,7.883212560760596,327,328,0.9969512195121951,True,0.5382262996941896
PCA_SPE,9_5_1000000_84,gt_row_073,executor_failure,trace_balanced,9_0_300000_5,64,7.883212560760596,327,328,0.9969512195121951,True,0.5382262996941896
PCA_SPE,9_5_1000000_84,gt_row_073,executor_failure,trace_balanced,10_0_100000_10,1,7.883212560760596,327,328,0.9969512195121951,True,0.5382262996941896
PCA_SPE,9_5_1000000_84,gt_row_073,executor_failure,trace_balanced,10_0_100000_10,4,7.883212560760596,327,328,0.9969512195121951,True,0.5382262996941896
PCA_SPE,9_5_1000000_84,gt_row_073,executor_failure,trace_balanced,10_0_100000_10,16,7.883212560760596,327,328,0.9969512195121951,True,0.5382262996941896
PCA_SPE,9_5_1000000_84,gt_row_073,executor_failure,trace_balanced,10_0_100000_10,64,7.883212560760596,327,328,0.9969512195121951,True,0.5382262996941896
PCA_SPE,9_5_1000000_84,gt_row_073,executor_failure,identity_deduplicated_pooled,6_0_50000_49,1,12.74890970576502,327,328,0.9969512195121951,True,0.45565749235474007
PCA_SPE,9_5_1000000_84,gt_row_073,executor_failure,identity_deduplicated_pooled,6_0_50000_49,4,12.74890970576502,327,328,0.9969512195121951,True,0.45565749235474007
PCA_SPE,9_5_1000000_84,gt_row_073,executor_failure,identity_deduplicated_pooled,6_0_50000_49,16,12.74890970576502,327,328,0.9969512195121951,True,0.45565749235474007
PCA_SPE,9_5_1000000_84,gt_row_073,executor_failure,identity_deduplicated_pooled,6_0_50000_49,64,12.74890970576502,327,328,0.9969512195121951,True,0.45565749235474007
PCA_SPE,9_5_1000000_84,gt_row_073,executor_failure,identity_deduplicated_pooled,9_0_300000_5,1,12.74890970576502,327,328,0.9969512195121951,True,0.45565749235474007
PCA_SPE,9_5_1000000_84,gt_row_073,executor_failure,identity_deduplicated_pooled,9_0_300000_5,4,12.74890970576502,327,328,0.9969512195121951,True,0.45565749235474007
PCA_SPE,9_5_1000000_84,gt_row_073,executor_failure,identity_deduplicated_pooled,9_0_300000_5,16,12.74890970576502,327,328,0.9969512195121951,True,0.45565749235474007
PCA_SPE,9_5_1000000_84,gt_row_073,executor_failure,identity_deduplicated_pooled,9_0_300000_5,64,12.74890970576502,327,328,0.9969512195121951,True,0.45565749235474007
PCA_SPE,9_5_1000000_84,gt_row_073,executor_failure,identity_deduplicated_pooled,10_0_100000_10,1,12.74890970576502,327,328,0.9969512195121951,True,0.45565749235474007
PCA_SPE,9_5_1000000_84,gt_row_073,executor_failure,identity_deduplicated_pooled,10_0_100000_10,4,12.74890970576502,327,328,0.9969512195121951,True,0.45565749235474007
PCA_SPE,9_5_1000000_84,gt_row_073,executor_failure,identity_deduplicated_pooled,10_0_100000_10,16,12.74890970576502,327,328,0.9969512195121951,True,0.45565749235474007
PCA_SPE,9_5_1000000_84,gt_row_073,executor_failure,identity_deduplicated_pooled,10_0_100000_10,64,12.74890970576502,327,328,0.9969512195121951,True,0.45565749235474007
PCA_SPE,10_5_1000000_85,gt_row_065,driver_failure,row_pooled,6_0_50000_49,1,12.74890970576502,46,64,0.71875,False,0.2391304347826087
PCA_SPE,10_5_1000000_85,gt_row_065,driver_failure,row_pooled,6_0_50000_49,4,12.559538714890708,46,64,0.71875,False,0.2391304347826087
PCA_SPE,10_5_1000000_85,gt_row_065,driver_failure,row_pooled,6_0_50000_49,16,11.449151228274022,46,64,0.71875,False,0.2391304347826087
PCA_SPE,10_5_1000000_85,gt_row_065,driver_failure,row_pooled,6_0_50000_49,64,6.072638702576529,46,64,0.71875,False,0.2826086956521739
PCA_SPE,10_5_1000000_85,gt_row_065,driver_failure,row_pooled,9_0_300000_5,1,12.74890970576502,46,64,0.71875,False,0.2391304347826087
PCA_SPE,10_5_1000000_85,gt_row_065,driver_failure,row_pooled,9_0_300000_5,4,13.115453252573758,46,64,0.71875,False,0.2391304347826087
PCA_SPE,10_5_1000000_85,gt_row_065,driver_failure,row_pooled,9_0_300000_5,16,13.265140959889946,46,64,0.71875,False,0.2391304347826087
PCA_SPE,10_5_1000000_85,gt_row_065,driver_failure,row_pooled,9_0_300000_5,64,13.346522004828731,46,64,0.71875,False,0.2391304347826087
PCA_SPE,10_5_1000000_85,gt_row_065,driver_failure,row_pooled,10_0_100000_10,1,12.74890970576502,46,64,0.71875,False,0.2391304347826087
PCA_SPE,10_5_1000000_85,gt_row_065,driver_failure,row_pooled,10_0_100000_10,4,11.3601767974293,46,64,0.71875,False,0.2391304347826087
PCA_SPE,10_5_1000000_85,gt_row_065,driver_failure,row_pooled,10_0_100000_10,16,6.06384612305029,46,64,0.71875,False,0.2826086956521739
PCA_SPE,10_5_1000000_85,gt_row_065,driver_failure,row_pooled,10_0_100000_10,64,4.478488964720642,46,64,0.71875,False,0.32608695652173914
PCA_SPE,10_5_1000000_85,gt_row_065,driver_failure,trace_balanced,6_0_50000_49,1,7.883212560760596,46,64,0.71875,False,0.2608695652173913
PCA_SPE,10_5_1000000_85,gt_row_065,driver_failure,trace_balanced,6_0_50000_49,4,7.883212560760596,46,64,0.71875,False,0.2608695652173913
PCA_SPE,10_5_1000000_85,gt_row_065,driver_failure,trace_balanced,6_0_50000_49,16,7.883212560760596,46,64,0.71875,False,0.2608695652173913
PCA_SPE,10_5_1000000_85,gt_row_065,driver_failure,trace_balanced,6_0_50000_49,64,7.883212560760596,46,64,0.71875,False,0.2608695652173913
PCA_SPE,10_5_1000000_85,gt_row_065,driver_failure,trace_balanced,9_0_300000_5,1,7.883212560760596,46,64,0.71875,False,0.2608695652173913
PCA_SPE,10_5_1000000_85,gt_row_065,driver_failure,trace_balanced,9_0_300000_5,4,7.883212560760596,46,64,0.71875,False,0.2608695652173913
PCA_SPE,10_5_1000000_85,gt_row_065,driver_failure,trace_balanced,9_0_300000_5,16,7.883212560760596,46,64,0.71875,False,0.2608695652173913
PCA_SPE,10_5_1000000_85,gt_row_065,driver_failure,trace_balanced,9_0_300000_5,64,7.883212560760596,46,64,0.71875,False,0.2608695652173913
PCA_SPE,10_5_1000000_85,gt_row_065,driver_failure,trace_balanced,10_0_100000_10,1,7.883212560760596,46,64,0.71875,False,0.2608695652173913
PCA_SPE,10_5_1000000_85,gt_row_065,driver_failure,trace_balanced,10_0_100000_10,4,7.883212560760596,46,64,0.71875,False,0.2608695652173913
PCA_SPE,10_5_1000000_85,gt_row_065,driver_failure,trace_balanced,10_0_100000_10,16,7.883212560760596,46,64,0.71875,False,0.2608695652173913
PCA_SPE,10_5_1000000_85,gt_row_065,driver_failure,trace_balanced,10_0_100000_10,64,7.883212560760596,46,64,0.71875,False,0.2608695652173913
PCA_SPE,10_5_1000000_85,gt_row_065,driver_failure,identity_deduplicated_pooled,6_0_50000_49,1,12.74890970576502,46,64,0.71875,False,0.2391304347826087
PCA_SPE,10_5_1000000_85,gt_row_065,driver_failure,identity_deduplicated_pooled,6_0_50000_49,4,12.74890970576502,46,64,0.71875,False,0.2391304347826087
PCA_SPE,10_5_1000000_85,gt_row_065,driver_failure,identity_deduplicated_pooled,6_0_50000_49,16,12.74890970576502,46,64,0.71875,False,0.2391304347826087
PCA_SPE,10_5_1000000_85,gt_row_065,driver_failure,identity_deduplicated_pooled,6_0_50000_49,64,12.74890970576502,46,64,0.71875,False,0.2391304347826087
PCA_SPE,10_5_1000000_85,gt_row_065,driver_failure,identity_deduplicated_pooled,9_0_300000_5,1,12.74890970576502,46,64,0.71875,False,0.2391304347826087
PCA_SPE,10_5_1000000_85,gt_row_065,driver_failure,identity_deduplicated_pooled,9_0_300000_5,4,12.74890970576502,46,64,0.71875,False,0.2391304347826087
PCA_SPE,10_5_1000000_85,gt_row_065,driver_failure,identity_deduplicated_pooled,9_0_300000_5,16,12.74890970576502,46,64,0.71875,False,0.2391304347826087
PCA_SPE,10_5_1000000_85,gt_row_065,driver_failure,identity_deduplicated_pooled,9_0_300000_5,64,12.74890970576502,46,64,0.71875,False,0.2391304347826087
PCA_SPE,10_5_1000000_85,gt_row_065,driver_failure,identity_deduplicated_pooled,10_0_100000_10,1,12.74890970576502,46,64,0.71875,False,0.2391304347826087
PCA_SPE,10_5_1000000_85,gt_row_065,driver_failure,identity_deduplicated_pooled,10_0_100000_10,4,12.74890970576502,46,64,0.71875,False,0.2391304347826087
PCA_SPE,10_5_1000000_85,gt_row_065,driver_failure,identity_deduplicated_pooled,10_0_100000_10,16,12.74890970576502,46,64,0.71875,False,0.2391304347826087
PCA_SPE,10_5_1000000_85,gt_row_065,driver_failure,identity_deduplicated_pooled,10_0_100000_10,64,12.74890970576502,46,64,0.71875,False,0.2391304347826087
CAUSAL_LSTM_REFERENCE,6_5_1000000_93,gt_row_071,driver_failure,row_pooled,6_0_50000_49,1,23.245849609375,22,64,0.34375,False,0.4090909090909091
CAUSAL_LSTM_REFERENCE,6_5_1000000_93,gt_row_071,driver_failure,row_pooled,6_0_50000_49,4,22.95048713684082,22,64,0.34375,False,0.4090909090909091
CAUSAL_LSTM_REFERENCE,6_5_1000000_93,gt_row_071,driver_failure,row_pooled,6_0_50000_49,16,21.467472076416016,22,64,0.34375,False,0.4090909090909091
CAUSAL_LSTM_REFERENCE,6_5_1000000_93,gt_row_071,driver_failure,row_pooled,6_0_50000_49,64,12.285924911499023,22,64,0.34375,False,0.6818181818181818
CAUSAL_LSTM_REFERENCE,6_5_1000000_93,gt_row_071,driver_failure,row_pooled,9_0_300000_5,1,23.245849609375,22,64,0.34375,False,0.4090909090909091
CAUSAL_LSTM_REFERENCE,6_5_1000000_93,gt_row_071,driver_failure,row_pooled,9_0_300000_5,4,23.666261672973633,22,64,0.34375,False,0.4090909090909091
CAUSAL_LSTM_REFERENCE,6_5_1000000_93,gt_row_071,driver_failure,row_pooled,9_0_300000_5,16,23.815832138061523,22,64,0.34375,False,0.4090909090909091
CAUSAL_LSTM_REFERENCE,6_5_1000000_93,gt_row_071,driver_failure,row_pooled,9_0_300000_5,64,23.84708595275879,22,64,0.34375,False,0.4090909090909091
CAUSAL_LSTM_REFERENCE,6_5_1000000_93,gt_row_071,driver_failure,row_pooled,10_0_100000_10,1,23.245849609375,22,64,0.34375,False,0.4090909090909091
CAUSAL_LSTM_REFERENCE,6_5_1000000_93,gt_row_071,driver_failure,row_pooled,10_0_100000_10,4,22.022903442382812,22,64,0.34375,False,0.4090909090909091
CAUSAL_LSTM_REFERENCE,6_5_1000000_93,gt_row_071,driver_failure,row_pooled,10_0_100000_10,16,13.335293769836426,22,64,0.34375,False,0.5454545454545454
CAUSAL_LSTM_REFERENCE,6_5_1000000_93,gt_row_071,driver_failure,row_pooled,10_0_100000_10,64,10.783551216125488,22,64,0.34375,False,0.6818181818181818
CAUSAL_LSTM_REFERENCE,6_5_1000000_93,gt_row_071,driver_failure,trace_balanced,6_0_50000_49,1,18.82008934020996,22,64,0.34375,False,0.45454545454545453
CAUSAL_LSTM_REFERENCE,6_5_1000000_93,gt_row_071,driver_failure,trace_balanced,6_0_50000_49,4,18.82008934020996,22,64,0.34375,False,0.45454545454545453
CAUSAL_LSTM_REFERENCE,6_5_1000000_93,gt_row_071,driver_failure,trace_balanced,6_0_50000_49,16,18.82008934020996,22,64,0.34375,False,0.45454545454545453
CAUSAL_LSTM_REFERENCE,6_5_1000000_93,gt_row_071,driver_failure,trace_balanced,6_0_50000_49,64,18.82008934020996,22,64,0.34375,False,0.45454545454545453
CAUSAL_LSTM_REFERENCE,6_5_1000000_93,gt_row_071,driver_failure,trace_balanced,9_0_300000_5,1,18.82008934020996,22,64,0.34375,False,0.45454545454545453
CAUSAL_LSTM_REFERENCE,6_5_1000000_93,gt_row_071,driver_failure,trace_balanced,9_0_300000_5,4,18.82008934020996,22,64,0.34375,False,0.45454545454545453
CAUSAL_LSTM_REFERENCE,6_5_1000000_93,gt_row_071,driver_failure,trace_balanced,9_0_300000_5,16,18.82008934020996,22,64,0.34375,False,0.45454545454545453
CAUSAL_LSTM_REFERENCE,6_5_1000000_93,gt_row_071,driver_failure,trace_balanced,9_0_300000_5,64,18.82008934020996,22,64,0.34375,False,0.45454545454545453
CAUSAL_LSTM_REFERENCE,6_5_1000000_93,gt_row_071,driver_failure,trace_balanced,10_0_100000_10,1,18.82008934020996,22,64,0.34375,False,0.45454545454545453
CAUSAL_LSTM_REFERENCE,6_5_1000000_93,gt_row_071,driver_failure,trace_balanced,10_0_100000_10,4,18.82008934020996,22,64,0.34375,False,0.45454545454545453
CAUSAL_LSTM_REFERENCE,6_5_1000000_93,gt_row_071,driver_failure,trace_balanced,10_0_100000_10,16,18.82008934020996,22,64,0.34375,False,0.45454545454545453
CAUSAL_LSTM_REFERENCE,6_5_1000000_93,gt_row_071,driver_failure,trace_balanced,10_0_100000_10,64,18.82008934020996,22,64,0.34375,False,0.45454545454545453
CAUSAL_LSTM_REFERENCE,6_5_1000000_93,gt_row_071,driver_failure,identity_deduplicated_pooled,6_0_50000_49,1,23.245849609375,22,64,0.34375,False,0.4090909090909091
CAUSAL_LSTM_REFERENCE,6_5_1000000_93,gt_row_071,driver_failure,identity_deduplicated_pooled,6_0_50000_49,4,23.245849609375,22,64,0.34375,False,0.4090909090909091
CAUSAL_LSTM_REFERENCE,6_5_1000000_93,gt_row_071,driver_failure,identity_deduplicated_pooled,6_0_50000_49,16,23.245849609375,22,64,0.34375,False,0.4090909090909091
CAUSAL_LSTM_REFERENCE,6_5_1000000_93,gt_row_071,driver_failure,identity_deduplicated_pooled,6_0_50000_49,64,23.245849609375,22,64,0.34375,False,0.4090909090909091
CAUSAL_LSTM_REFERENCE,6_5_1000000_93,gt_row_071,driver_failure,identity_deduplicated_pooled,9_0_300000_5,1,23.245849609375,22,64,0.34375,False,0.4090909090909091
CAUSAL_LSTM_REFERENCE,6_5_1000000_93,gt_row_071,driver_failure,identity_deduplicated_pooled,9_0_300000_5,4,23.245849609375,22,64,0.34375,False,0.4090909090909091
CAUSAL_LSTM_REFERENCE,6_5_1000000_93,gt_row_071,driver_failure,identity_deduplicated_pooled,9_0_300000_5,16,23.245849609375,22,64,0.34375,False,0.4090909090909091
CAUSAL_LSTM_REFERENCE,6_5_1000000_93,gt_row_071,driver_failure,identity_deduplicated_pooled,9_0_300000_5,64,23.245849609375,22,64,0.34375,False,0.4090909090909091
CAUSAL_LSTM_REFERENCE,6_5_1000000_93,gt_row_071,driver_failure,identity_deduplicated_pooled,10_0_100000_10,1,23.245849609375,22,64,0.34375,False,0.4090909090909091
CAUSAL_LSTM_REFERENCE,6_5_1000000_93,gt_row_071,driver_failure,identity_deduplicated_pooled,10_0_100000_10,4,23.245849609375,22,64,0.34375,False,0.4090909090909091
CAUSAL_LSTM_REFERENCE,6_5_1000000_93,gt_row_071,driver_failure,identity_deduplicated_pooled,10_0_100000_10,16,23.245849609375,22,64,0.34375,False,0.4090909090909091
CAUSAL_LSTM_REFERENCE,6_5_1000000_93,gt_row_071,driver_failure,identity_deduplicated_pooled,10_0_100000_10,64,23.245849609375,22,64,0.34375,False,0.4090909090909091
CAUSAL_LSTM_REFERENCE,9_5_1000000_84,gt_row_064,driver_failure,row_pooled,6_0_50000_49,1,23.245849609375,10,69,0.14492753623188406,False,0.7
CAUSAL_LSTM_REFERENCE,9_5_1000000_84,gt_row_064,driver_failure,row_pooled,6_0_50000_49,4,22.95048713684082,10,69,0.14492753623188406,False,0.7
CAUSAL_LSTM_REFERENCE,9_5_1000000_84,gt_row_064,driver_failure,row_pooled,6_0_50000_49,16,21.467472076416016,10,69,0.14492753623188406,False,0.7
CAUSAL_LSTM_REFERENCE,9_5_1000000_84,gt_row_064,driver_failure,row_pooled,6_0_50000_49,64,12.285924911499023,10,69,0.14492753623188406,False,1.0
CAUSAL_LSTM_REFERENCE,9_5_1000000_84,gt_row_064,driver_failure,row_pooled,9_0_300000_5,1,23.245849609375,10,69,0.14492753623188406,False,0.7
CAUSAL_LSTM_REFERENCE,9_5_1000000_84,gt_row_064,driver_failure,row_pooled,9_0_300000_5,4,23.666261672973633,10,69,0.14492753623188406,False,0.6
CAUSAL_LSTM_REFERENCE,9_5_1000000_84,gt_row_064,driver_failure,row_pooled,9_0_300000_5,16,23.815832138061523,10,69,0.14492753623188406,False,0.6
CAUSAL_LSTM_REFERENCE,9_5_1000000_84,gt_row_064,driver_failure,row_pooled,9_0_300000_5,64,23.84708595275879,10,69,0.14492753623188406,False,0.6
CAUSAL_LSTM_REFERENCE,9_5_1000000_84,gt_row_064,driver_failure,row_pooled,10_0_100000_10,1,23.245849609375,10,69,0.14492753623188406,False,0.7
CAUSAL_LSTM_REFERENCE,9_5_1000000_84,gt_row_064,driver_failure,row_pooled,10_0_100000_10,4,22.022903442382812,10,69,0.14492753623188406,False,0.7
CAUSAL_LSTM_REFERENCE,9_5_1000000_84,gt_row_064,driver_failure,row_pooled,10_0_100000_10,16,13.335293769836426,10,69,0.14492753623188406,False,1.0
CAUSAL_LSTM_REFERENCE,9_5_1000000_84,gt_row_064,driver_failure,row_pooled,10_0_100000_10,64,10.783551216125488,10,69,0.14492753623188406,False,1.0
CAUSAL_LSTM_REFERENCE,9_5_1000000_84,gt_row_064,driver_failure,trace_balanced,6_0_50000_49,1,18.82008934020996,10,69,0.14492753623188406,False,0.9
CAUSAL_LSTM_REFERENCE,9_5_1000000_84,gt_row_064,driver_failure,trace_balanced,6_0_50000_49,4,18.82008934020996,10,69,0.14492753623188406,False,0.9
CAUSAL_LSTM_REFERENCE,9_5_1000000_84,gt_row_064,driver_failure,trace_balanced,6_0_50000_49,16,18.82008934020996,10,69,0.14492753623188406,False,0.9
CAUSAL_LSTM_REFERENCE,9_5_1000000_84,gt_row_064,driver_failure,trace_balanced,6_0_50000_49,64,18.82008934020996,10,69,0.14492753623188406,False,0.9
CAUSAL_LSTM_REFERENCE,9_5_1000000_84,gt_row_064,driver_failure,trace_balanced,9_0_300000_5,1,18.82008934020996,10,69,0.14492753623188406,False,0.9
CAUSAL_LSTM_REFERENCE,9_5_1000000_84,gt_row_064,driver_failure,trace_balanced,9_0_300000_5,4,18.82008934020996,10,69,0.14492753623188406,False,0.9
CAUSAL_LSTM_REFERENCE,9_5_1000000_84,gt_row_064,driver_failure,trace_balanced,9_0_300000_5,16,18.82008934020996,10,69,0.14492753623188406,False,0.9
CAUSAL_LSTM_REFERENCE,9_5_1000000_84,gt_row_064,driver_failure,trace_balanced,9_0_300000_5,64,18.82008934020996,10,69,0.14492753623188406,False,0.9
CAUSAL_LSTM_REFERENCE,9_5_1000000_84,gt_row_064,driver_failure,trace_balanced,10_0_100000_10,1,18.82008934020996,10,69,0.14492753623188406,False,0.9
CAUSAL_LSTM_REFERENCE,9_5_1000000_84,gt_row_064,driver_failure,trace_balanced,10_0_100000_10,4,18.82008934020996,10,69,0.14492753623188406,False,0.9
CAUSAL_LSTM_REFERENCE,9_5_1000000_84,gt_row_064,driver_failure,trace_balanced,10_0_100000_10,16,18.82008934020996,10,69,0.14492753623188406,False,0.9
CAUSAL_LSTM_REFERENCE,9_5_1000000_84,gt_row_064,driver_failure,trace_balanced,10_0_100000_10,64,18.82008934020996,10,69,0.14492753623188406,False,0.9
CAUSAL_LSTM_REFERENCE,9_5_1000000_84,gt_row_064,driver_failure,identity_deduplicated_pooled,6_0_50000_49,1,23.245849609375,10,69,0.14492753623188406,False,0.7
CAUSAL_LSTM_REFERENCE,9_5_1000000_84,gt_row_064,driver_failure,identity_deduplicated_pooled,6_0_50000_49,4,23.245849609375,10,69,0.14492753623188406,False,0.7
CAUSAL_LSTM_REFERENCE,9_5_1000000_84,gt_row_064,driver_failure,identity_deduplicated_pooled,6_0_50000_49,16,23.245849609375,10,69,0.14492753623188406,False,0.7
CAUSAL_LSTM_REFERENCE,9_5_1000000_84,gt_row_064,driver_failure,identity_deduplicated_pooled,6_0_50000_49,64,23.245849609375,10,69,0.14492753623188406,False,0.7
CAUSAL_LSTM_REFERENCE,9_5_1000000_84,gt_row_064,driver_failure,identity_deduplicated_pooled,9_0_300000_5,1,23.245849609375,10,69,0.14492753623188406,False,0.7
CAUSAL_LSTM_REFERENCE,9_5_1000000_84,gt_row_064,driver_failure,identity_deduplicated_pooled,9_0_300000_5,4,23.245849609375,10,69,0.14492753623188406,False,0.7
CAUSAL_LSTM_REFERENCE,9_5_1000000_84,gt_row_064,driver_failure,identity_deduplicated_pooled,9_0_300000_5,16,23.245849609375,10,69,0.14492753623188406,False,0.7
CAUSAL_LSTM_REFERENCE,9_5_1000000_84,gt_row_064,driver_failure,identity_deduplicated_pooled,9_0_300000_5,64,23.245849609375,10,69,0.14492753623188406,False,0.7
CAUSAL_LSTM_REFERENCE,9_5_1000000_84,gt_row_064,driver_failure,identity_deduplicated_pooled,10_0_100000_10,1,23.245849609375,10,69,0.14492753623188406,False,0.7
CAUSAL_LSTM_REFERENCE,9_5_1000000_84,gt_row_064,driver_failure,identity_deduplicated_pooled,10_0_100000_10,4,23.245849609375,10,69,0.14492753623188406,False,0.7
CAUSAL_LSTM_REFERENCE,9_5_1000000_84,gt_row_064,driver_failure,identity_deduplicated_pooled,10_0_100000_10,16,23.245849609375,10,69,0.14492753623188406,False,0.7
CAUSAL_LSTM_REFERENCE,9_5_1000000_84,gt_row_064,driver_failure,identity_deduplicated_pooled,10_0_100000_10,64,23.245849609375,10,69,0.14492753623188406,False,0.7
CAUSAL_LSTM_REFERENCE,9_5_1000000_84,gt_row_073,executor_failure,row_pooled,6_0_50000_49,1,23.245849609375,327,328,0.9969512195121951,True,0.9908256880733946
CAUSAL_LSTM_REFERENCE,9_5_1000000_84,gt_row_073,executor_failure,row_pooled,6_0_50000_49,4,22.95048713684082,327,328,0.9969512195121951,True,0.9908256880733946
CAUSAL_LSTM_REFERENCE,9_5_1000000_84,gt_row_073,executor_failure,row_pooled,6_0_50000_49,16,21.467472076416016,327,328,0.9969512195121951,True,0.9969418960244648
CAUSAL_LSTM_REFERENCE,9_5_1000000_84,gt_row_073,executor_failure,row_pooled,6_0_50000_49,64,12.285924911499023,327,328,0.9969512195121951,True,1.0
CAUSAL_LSTM_REFERENCE,9_5_1000000_84,gt_row_073,executor_failure,row_pooled,9_0_300000_5,1,23.245849609375,327,328,0.9969512195121951,True,0.9908256880733946
CAUSAL_LSTM_REFERENCE,9_5_1000000_84,gt_row_073,executor_failure,row_pooled,9_0_300000_5,4,23.666261672973633,327,328,0.9969512195121951,True,0.9877675840978594
CAUSAL_LSTM_REFERENCE,9_5_1000000_84,gt_row_073,executor_failure,row_pooled,9_0_300000_5,16,23.815832138061523,327,328,0.9969512195121951,True,0.9877675840978594
CAUSAL_LSTM_REFERENCE,9_5_1000000_84,gt_row_073,executor_failure,row_pooled,9_0_300000_5,64,23.84708595275879,327,328,0.9969512195121951,True,0.9877675840978594
CAUSAL_LSTM_REFERENCE,9_5_1000000_84,gt_row_073,executor_failure,row_pooled,10_0_100000_10,1,23.245849609375,327,328,0.9969512195121951,True,0.9908256880733946
CAUSAL_LSTM_REFERENCE,9_5_1000000_84,gt_row_073,executor_failure,row_pooled,10_0_100000_10,4,22.022903442382812,327,328,0.9969512195121951,True,0.9938837920489296
CAUSAL_LSTM_REFERENCE,9_5_1000000_84,gt_row_073,executor_failure,row_pooled,10_0_100000_10,16,13.335293769836426,327,328,0.9969512195121951,True,1.0
CAUSAL_LSTM_REFERENCE,9_5_1000000_84,gt_row_073,executor_failure,row_pooled,10_0_100000_10,64,10.783551216125488,327,328,0.9969512195121951,True,1.0
CAUSAL_LSTM_REFERENCE,9_5_1000000_84,gt_row_073,executor_failure,trace_balanced,6_0_50000_49,1,18.82008934020996,327,328,0.9969512195121951,True,1.0
CAUSAL_LSTM_REFERENCE,9_5_1000000_84,gt_row_073,executor_failure,trace_balanced,6_0_50000_49,4,18.82008934020996,327,328,0.9969512195121951,True,1.0
CAUSAL_LSTM_REFERENCE,9_5_1000000_84,gt_row_073,executor_failure,trace_balanced,6_0_50000_49,16,18.82008934020996,327,328,0.9969512195121951,True,1.0
CAUSAL_LSTM_REFERENCE,9_5_1000000_84,gt_row_073,executor_failure,trace_balanced,6_0_50000_49,64,18.82008934020996,327,328,0.9969512195121951,True,1.0
CAUSAL_LSTM_REFERENCE,9_5_1000000_84,gt_row_073,executor_failure,trace_balanced,9_0_300000_5,1,18.82008934020996,327,328,0.9969512195121951,True,1.0
CAUSAL_LSTM_REFERENCE,9_5_1000000_84,gt_row_073,executor_failure,trace_balanced,9_0_300000_5,4,18.82008934020996,327,328,0.9969512195121951,True,1.0
CAUSAL_LSTM_REFERENCE,9_5_1000000_84,gt_row_073,executor_failure,trace_balanced,9_0_300000_5,16,18.82008934020996,327,328,0.9969512195121951,True,1.0
CAUSAL_LSTM_REFERENCE,9_5_1000000_84,gt_row_073,executor_failure,trace_balanced,9_0_300000_5,64,18.82008934020996,327,328,0.9969512195121951,True,1.0
CAUSAL_LSTM_REFERENCE,9_5_1000000_84,gt_row_073,executor_failure,trace_balanced,10_0_100000_10,1,18.82008934020996,327,328,0.9969512195121951,True,1.0
CAUSAL_LSTM_REFERENCE,9_5_1000000_84,gt_row_073,executor_failure,trace_balanced,10_0_100000_10,4,18.82008934020996,327,328,0.9969512195121951,True,1.0
CAUSAL_LSTM_REFERENCE,9_5_1000000_84,gt_row_073,executor_failure,trace_balanced,10_0_100000_10,16,18.82008934020996,327,328,0.9969512195121951,True,1.0
CAUSAL_LSTM_REFERENCE,9_5_1000000_84,gt_row_073,executor_failure,trace_balanced,10_0_100000_10,64,18.82008934020996,327,328,0.9969512195121951,True,1.0
CAUSAL_LSTM_REFERENCE,9_5_1000000_84,gt_row_073,executor_failure,identity_deduplicated_pooled,6_0_50000_49,1,23.245849609375,327,328,0.9969512195121951,True,0.9908256880733946
CAUSAL_LSTM_REFERENCE,9_5_1000000_84,gt_row_073,executor_failure,identity_deduplicated_pooled,6_0_50000_49,4,23.245849609375,327,328,0.9969512195121951,True,0.9908256880733946
CAUSAL_LSTM_REFERENCE,9_5_1000000_84,gt_row_073,executor_failure,identity_deduplicated_pooled,6_0_50000_49,16,23.245849609375,327,328,0.9969512195121951,True,0.9908256880733946
CAUSAL_LSTM_REFERENCE,9_5_1000000_84,gt_row_073,executor_failure,identity_deduplicated_pooled,6_0_50000_49,64,23.245849609375,327,328,0.9969512195121951,True,0.9908256880733946
CAUSAL_LSTM_REFERENCE,9_5_1000000_84,gt_row_073,executor_failure,identity_deduplicated_pooled,9_0_300000_5,1,23.245849609375,327,328,0.9969512195121951,True,0.9908256880733946
CAUSAL_LSTM_REFERENCE,9_5_1000000_84,gt_row_073,executor_failure,identity_deduplicated_pooled,9_0_300000_5,4,23.245849609375,327,328,0.9969512195121951,True,0.9908256880733946
CAUSAL_LSTM_REFERENCE,9_5_1000000_84,gt_row_073,executor_failure,identity_deduplicated_pooled,9_0_300000_5,16,23.245849609375,327,328,0.9969512195121951,True,0.9908256880733946
CAUSAL_LSTM_REFERENCE,9_5_1000000_84,gt_row_073,executor_failure,identity_deduplicated_pooled,9_0_300000_5,64,23.245849609375,327,328,0.9969512195121951,True,0.9908256880733946
CAUSAL_LSTM_REFERENCE,9_5_1000000_84,gt_row_073,executor_failure,identity_deduplicated_pooled,10_0_100000_10,1,23.245849609375,327,328,0.9969512195121951,True,0.9908256880733946
CAUSAL_LSTM_REFERENCE,9_5_1000000_84,gt_row_073,executor_failure,identity_deduplicated_pooled,10_0_100000_10,4,23.245849609375,327,328,0.9969512195121951,True,0.9908256880733946
CAUSAL_LSTM_REFERENCE,9_5_1000000_84,gt_row_073,executor_failure,identity_deduplicated_pooled,10_0_100000_10,16,23.245849609375,327,328,0.9969512195121951,True,0.9908256880733946
CAUSAL_LSTM_REFERENCE,9_5_1000000_84,gt_row_073,executor_failure,identity_deduplicated_pooled,10_0_100000_10,64,23.245849609375,327,328,0.9969512195121951,True,0.9908256880733946
CAUSAL_LSTM_REFERENCE,10_5_1000000_85,gt_row_065,driver_failure,row_pooled,6_0_50000_49,1,23.245849609375,14,64,0.21875,False,0.5714285714285714
CAUSAL_LSTM_REFERENCE,10_5_1000000_85,gt_row_065,driver_failure,row_pooled,6_0_50000_49,4,22.95048713684082,14,64,0.21875,False,0.6428571428571429
CAUSAL_LSTM_REFERENCE,10_5_1000000_85,gt_row_065,driver_failure,row_pooled,6_0_50000_49,16,21.467472076416016,14,64,0.21875,False,0.6428571428571429
CAUSAL_LSTM_REFERENCE,10_5_1000000_85,gt_row_065,driver_failure,row_pooled,6_0_50000_49,64,12.285924911499023,14,64,0.21875,False,0.8571428571428571
CAUSAL_LSTM_REFERENCE,10_5_1000000_85,gt_row_065,driver_failure,row_pooled,9_0_300000_5,1,23.245849609375,14,64,0.21875,False,0.5714285714285714
CAUSAL_LSTM_REFERENCE,10_5_1000000_85,gt_row_065,driver_failure,row_pooled,9_0_300000_5,4,23.666261672973633,14,64,0.21875,False,0.5
CAUSAL_LSTM_REFERENCE,10_5_1000000_85,gt_row_065,driver_failure,row_pooled,9_0_300000_5,16,23.815832138061523,14,64,0.21875,False,0.5
CAUSAL_LSTM_REFERENCE,10_5_1000000_85,gt_row_065,driver_failure,row_pooled,9_0_300000_5,64,23.84708595275879,14,64,0.21875,False,0.5
CAUSAL_LSTM_REFERENCE,10_5_1000000_85,gt_row_065,driver_failure,row_pooled,10_0_100000_10,1,23.245849609375,14,64,0.21875,False,0.5714285714285714
CAUSAL_LSTM_REFERENCE,10_5_1000000_85,gt_row_065,driver_failure,row_pooled,10_0_100000_10,4,22.022903442382812,14,64,0.21875,False,0.6428571428571429
CAUSAL_LSTM_REFERENCE,10_5_1000000_85,gt_row_065,driver_failure,row_pooled,10_0_100000_10,16,13.335293769836426,14,64,0.21875,False,0.8571428571428571
CAUSAL_LSTM_REFERENCE,10_5_1000000_85,gt_row_065,driver_failure,row_pooled,10_0_100000_10,64,10.783551216125488,14,64,0.21875,False,1.0
CAUSAL_LSTM_REFERENCE,10_5_1000000_85,gt_row_065,driver_failure,trace_balanced,6_0_50000_49,1,18.82008934020996,14,64,0.21875,False,0.7142857142857143
CAUSAL_LSTM_REFERENCE,10_5_1000000_85,gt_row_065,driver_failure,trace_balanced,6_0_50000_49,4,18.82008934020996,14,64,0.21875,False,0.7142857142857143
CAUSAL_LSTM_REFERENCE,10_5_1000000_85,gt_row_065,driver_failure,trace_balanced,6_0_50000_49,16,18.82008934020996,14,64,0.21875,False,0.7142857142857143
CAUSAL_LSTM_REFERENCE,10_5_1000000_85,gt_row_065,driver_failure,trace_balanced,6_0_50000_49,64,18.82008934020996,14,64,0.21875,False,0.7142857142857143
CAUSAL_LSTM_REFERENCE,10_5_1000000_85,gt_row_065,driver_failure,trace_balanced,9_0_300000_5,1,18.82008934020996,14,64,0.21875,False,0.7142857142857143
CAUSAL_LSTM_REFERENCE,10_5_1000000_85,gt_row_065,driver_failure,trace_balanced,9_0_300000_5,4,18.82008934020996,14,64,0.21875,False,0.7142857142857143
CAUSAL_LSTM_REFERENCE,10_5_1000000_85,gt_row_065,driver_failure,trace_balanced,9_0_300000_5,16,18.82008934020996,14,64,0.21875,False,0.7142857142857143
CAUSAL_LSTM_REFERENCE,10_5_1000000_85,gt_row_065,driver_failure,trace_balanced,9_0_300000_5,64,18.82008934020996,14,64,0.21875,False,0.7142857142857143
CAUSAL_LSTM_REFERENCE,10_5_1000000_85,gt_row_065,driver_failure,trace_balanced,10_0_100000_10,1,18.82008934020996,14,64,0.21875,False,0.7142857142857143
CAUSAL_LSTM_REFERENCE,10_5_1000000_85,gt_row_065,driver_failure,trace_balanced,10_0_100000_10,4,18.82008934020996,14,64,0.21875,False,0.7142857142857143
CAUSAL_LSTM_REFERENCE,10_5_1000000_85,gt_row_065,driver_failure,trace_balanced,10_0_100000_10,16,18.82008934020996,14,64,0.21875,False,0.7142857142857143
CAUSAL_LSTM_REFERENCE,10_5_1000000_85,gt_row_065,driver_failure,trace_balanced,10_0_100000_10,64,18.82008934020996,14,64,0.21875,False,0.7142857142857143
CAUSAL_LSTM_REFERENCE,10_5_1000000_85,gt_row_065,driver_failure,identity_deduplicated_pooled,6_0_50000_49,1,23.245849609375,14,64,0.21875,False,0.5714285714285714
CAUSAL_LSTM_REFERENCE,10_5_1000000_85,gt_row_065,driver_failure,identity_deduplicated_pooled,6_0_50000_49,4,23.245849609375,14,64,0.21875,False,0.5714285714285714
CAUSAL_LSTM_REFERENCE,10_5_1000000_85,gt_row_065,driver_failure,identity_deduplicated_pooled,6_0_50000_49,16,23.245849609375,14,64,0.21875,False,0.5714285714285714
CAUSAL_LSTM_REFERENCE,10_5_1000000_85,gt_row_065,driver_failure,identity_deduplicated_pooled,6_0_50000_49,64,23.245849609375,14,64,0.21875,False,0.5714285714285714
CAUSAL_LSTM_REFERENCE,10_5_1000000_85,gt_row_065,driver_failure,identity_deduplicated_pooled,9_0_300000_5,1,23.245849609375,14,64,0.21875,False,0.5714285714285714
CAUSAL_LSTM_REFERENCE,10_5_1000000_85,gt_row_065,driver_failure,identity_deduplicated_pooled,9_0_300000_5,4,23.245849609375,14,64,0.21875,False,0.5714285714285714
CAUSAL_LSTM_REFERENCE,10_5_1000000_85,gt_row_065,driver_failure,identity_deduplicated_pooled,9_0_300000_5,16,23.245849609375,14,64,0.21875,False,0.5714285714285714
CAUSAL_LSTM_REFERENCE,10_5_1000000_85,gt_row_065,driver_failure,identity_deduplicated_pooled,9_0_300000_5,64,23.245849609375,14,64,0.21875,False,0.5714285714285714
CAUSAL_LSTM_REFERENCE,10_5_1000000_85,gt_row_065,driver_failure,identity_deduplicated_pooled,10_0_100000_10,1,23.245849609375,14,64,0.21875,False,0.5714285714285714
CAUSAL_LSTM_REFERENCE,10_5_1000000_85,gt_row_065,driver_failure,identity_deduplicated_pooled,10_0_100000_10,4,23.245849609375,14,64,0.21875,False,0.5714285714285714
CAUSAL_LSTM_REFERENCE,10_5_1000000_85,gt_row_065,driver_failure,identity_deduplicated_pooled,10_0_100000_10,16,23.245849609375,14,64,0.21875,False,0.5714285714285714
CAUSAL_LSTM_REFERENCE,10_5_1000000_85,gt_row_065,driver_failure,identity_deduplicated_pooled,10_0_100000_10,64,23.245849609375,14,64,0.21875,False,0.5714285714285714
