baseline,trace,arm,duplicated_trace,dose,alarm_fraction
CAUSAL_LSTM_REFERENCE,9_5_1000000_84,identity_deduplicated_pooled,10_0_100000_10,1,0.9908256880733946
CAUSAL_LSTM_REFERENCE,9_5_1000000_84,identity_deduplicated_pooled,10_0_100000_10,4,0.9908256880733946
CAUSAL_LSTM_REFERENCE,9_5_1000000_84,identity_deduplicated_pooled,10_0_100000_10,16,0.9908256880733946
CAUSAL_LSTM_REFERENCE,9_5_1000000_84,identity_deduplicated_pooled,10_0_100000_10,64,0.9908256880733946
CAUSAL_LSTM_REFERENCE,9_5_1000000_84,identity_deduplicated_pooled,6_0_50000_49,1,0.9908256880733946
CAUSAL_LSTM_REFERENCE,9_5_1000000_84,identity_deduplicated_pooled,6_0_50000_49,4,0.9908256880733946
CAUSAL_LSTM_REFERENCE,9_5_1000000_84,identity_deduplicated_pooled,6_0_50000_49,16,0.9908256880733946
CAUSAL_LSTM_REFERENCE,9_5_1000000_84,identity_deduplicated_pooled,6_0_50000_49,64,0.9908256880733946
CAUSAL_LSTM_REFERENCE,9_5_1000000_84,identity_deduplicated_pooled,9_0_300000_5,1,0.9908256880733946
CAUSAL_LSTM_REFERENCE,9_5_1000000_84,identity_deduplicated_pooled,9_0_300000_5,4,0.9908256880733946
CAUSAL_LSTM_REFERENCE,9_5_1000000_84,identity_deduplicated_pooled,9_0_300000_5,16,0.9908256880733946
CAUSAL_LSTM_REFERENCE,9_5_1000000_84,identity_deduplicated_pooled,9_0_300000_5,64,0.9908256880733946
CAUSAL_LSTM_REFERENCE,9_5_1000000_84,row_pooled,10_0_100000_10,1,0.9908256880733946
CAUSAL_LSTM_REFERENCE,9_5_1000000_84,row_pooled,10_0_100000_10,4,0.9938837920489296
CAUSAL_LSTM_REFERENCE,9_5_1000000_84,row_pooled,10_0_100000_10,16,1.0
CAUSAL_LSTM_REFERENCE,9_5_1000000_84,row_pooled,10_0_100000_10,64,1.0
CAUSAL_LSTM_REFERENCE,9_5_1000000_84,row_pooled,6_0_50000_49,1,0.9908256880733946
CAUSAL_LSTM_REFERENCE,9_5_1000000_84,row_pooled,6_0_50000_49,4,0.9908256880733946
CAUSAL_LSTM_REFERENCE,9_5_1000000_84,row_pooled,6_0_50000_49,16,0.9969418960244648
CAUSAL_LSTM_REFERENCE,9_5_1000000_84,row_pooled,6_0_50000_49,64,1.0
CAUSAL_LSTM_REFERENCE,9_5_1000000_84,row_pooled,9_0_300000_5,1,0.9908256880733946
CAUSAL_LSTM_REFERENCE,9_5_1000000_84,row_pooled,9_0_300000_5,4,0.9877675840978594
CAUSAL_LSTM_REFERENCE,9_5_1000000_84,row_pooled,9_0_300000_5,16,0.9877675840978594
CAUSAL_LSTM_REFERENCE,9_5_1000000_84,row_pooled,9_0_300000_5,64,0.9877675840978594
CAUSAL_LSTM_REFERENCE,9_5_1000000_84,trace_balanced,10_0_100000_10,1,1.0
CAUSAL_LSTM_REFERENCE,9_5_1000000_84,trace_balanced,10_0_100000_10,4,1.0
CAUSAL_LSTM_REFERENCE,9_5_1000000_84,trace_balanced,10_0_100000_10,16,1.0
CAUSAL_LSTM_REFERENCE,9_5_1000000_84,trace_balanced,10_0_100000_10,64,1.0
CAUSAL_LSTM_REFERENCE,9_5_1000000_84,trace_balanced,6_0_50000_49,1,1.0
CAUSAL_LSTM_REFERENCE,9_5_1000000_84,trace_balanced,6_0_50000_49,4,1.0
CAUSAL_LSTM_REFERENCE,9_5_1000000_84,trace_balanced,6_0_50000_49,16,1.0
CAUSAL_LSTM_REFERENCE,9_5_1000000_84,trace_balanced,6_0_50000_49,64,1.0
CAUSAL_LSTM_REFERENCE,9_5_1000000_84,trace_balanced,9_0_300000_5,1,1.0
CAUSAL_LSTM_REFERENCE,9_5_1000000_84,trace_balanced,9_0_300000_5,4,1.0
CAUSAL_LSTM_REFERENCE,9_5_1000000_84,trace_balanced,9_0_300000_5,16,1.0
CAUSAL_LSTM_REFERENCE,9_5_1000000_84,trace_balanced,9_0_300000_5,64,1.0
PCA_SPE,9_5_1000000_84,identity_deduplicated_pooled,10_0_100000_10,1,0.45565749235474007
PCA_SPE,9_5_1000000_84,identity_deduplicated_pooled,10_0_100000_10,4,0.45565749235474007
PCA_SPE,9_5_1000000_84,identity_deduplicated_pooled,10_0_100000_10,16,0.45565749235474007
PCA_SPE,9_5_1000000_84,identity_deduplicated_pooled,10_0_100000_10,64,0.45565749235474007
PCA_SPE,9_5_1000000_84,identity_deduplicated_pooled,6_0_50000_49,1,0.45565749235474007
PCA_SPE,9_5_1000000_84,identity_deduplicated_pooled,6_0_50000_49,4,0.45565749235474007
PCA_SPE,9_5_1000000_84,identity_deduplicated_pooled,6_0_50000_49,16,0.45565749235474007
PCA_SPE,9_5_1000000_84,identity_deduplicated_pooled,6_0_50000_49,64,0.45565749235474007
PCA_SPE,9_5_1000000_84,identity_deduplicated_pooled,9_0_300000_5,1,0.45565749235474007
PCA_SPE,9_5_1000000_84,identity_deduplicated_pooled,9_0_300000_5,4,0.45565749235474007
PCA_SPE,9_5_1000000_84,identity_deduplicated_pooled,9_0_300000_5,16,0.45565749235474007
PCA_SPE,9_5_1000000_84,identity_deduplicated_pooled,9_0_300000_5,64,0.45565749235474007
PCA_SPE,9_5_1000000_84,row_pooled,10_0_100000_10,1,0.45565749235474007
PCA_SPE,9_5_1000000_84,row_pooled,10_0_100000_10,4,0.4648318042813456
PCA_SPE,9_5_1000000_84,row_pooled,10_0_100000_10,16,0.6574923547400612
PCA_SPE,9_5_1000000_84,row_pooled,10_0_100000_10,64,0.8195718654434251
PCA_SPE,9_5_1000000_84,row_pooled,6_0_50000_49,1,0.45565749235474007
PCA_SPE,9_5_1000000_84,row_pooled,6_0_50000_49,4,0.45565749235474007
PCA_SPE,9_5_1000000_84,row_pooled,6_0_50000_49,16,0.4617737003058104
PCA_SPE,9_5_1000000_84,row_pooled,6_0_50000_49,64,0.6574923547400612
PCA_SPE,9_5_1000000_84,row_pooled,9_0_300000_5,1,0.45565749235474007
PCA_SPE,9_5_1000000_84,row_pooled,9_0_300000_5,4,0.4525993883792049
PCA_SPE,9_5_1000000_84,row_pooled,9_0_300000_5,16,0.4525993883792049
PCA_SPE,9_5_1000000_84,row_pooled,9_0_300000_5,64,0.4525993883792049
PCA_SPE,9_5_1000000_84,trace_balanced,10_0_100000_10,1,0.5382262996941896
PCA_SPE,9_5_1000000_84,trace_balanced,10_0_100000_10,4,0.5382262996941896
PCA_SPE,9_5_1000000_84,trace_balanced,10_0_100000_10,16,0.5382262996941896
PCA_SPE,9_5_1000000_84,trace_balanced,10_0_100000_10,64,0.5382262996941896
PCA_SPE,9_5_1000000_84,trace_balanced,6_0_50000_49,1,0.5382262996941896
PCA_SPE,9_5_1000000_84,trace_balanced,6_0_50000_49,4,0.5382262996941896
PCA_SPE,9_5_1000000_84,trace_balanced,6_0_50000_49,16,0.5382262996941896
PCA_SPE,9_5_1000000_84,trace_balanced,6_0_50000_49,64,0.5382262996941896
PCA_SPE,9_5_1000000_84,trace_balanced,9_0_300000_5,1,0.5382262996941896
PCA_SPE,9_5_1000000_84,trace_balanced,9_0_300000_5,4,0.5382262996941896
PCA_SPE,9_5_1000000_84,trace_balanced,9_0_300000_5,16,0.5382262996941896
PCA_SPE,9_5_1000000_84,trace_balanced,9_0_300000_5,64,0.5382262996941896
