machine,model,seed,n_params,nan_train,iters,best_val,train_state_norm_max,C,val_mse,val_mse_single,val_ratio,diverged,stream_state_norm_max,seconds,val_mse_persistent,val_mse_reset
machine-1-3,window_only,22,67419,False,1800,0.158364251255989,0.0,29,0.158364251255989,0.158364251255989,1.0,False,,28.8,,
machine-1-3,mlstm,22,74917,False,1200,0.1051709428429603,626.232666015625,29,0.1051709428429603,,0.6641078526804386,False,1964.045166015625,134.1,0.1051709428429603,0.108787901699543
machine-1-3,gdeltanet,22,74917,False,1400,0.0932869017124176,48.32550048828125,29,0.0932869017124176,,0.5890654044240281,False,87.005615234375,170.5,0.0932869017124176,0.09563909471035
machine-1-3,titans,22,65888,False,1200,0.0921196565032005,5.321296691894531,29,0.0921196565032005,,0.5816947686905236,False,3.86319637298584,520.0,0.0921196565032005,0.0993727594614029
machine-1-3,lstm,22,67133,False,1200,0.1088238134980201,22.73271369934082,29,0.1088238134980201,,0.6871741105390705,False,17.503734588623047,31.4,0.1088238134980201,0.1088266968727111
machine-1-3,mlstm_std,22,74917,False,3200,0.0796235278248786,0.0,29,0.0796235278248786,,0.5027872590776226,False,,66.9,,0.0796235278248786
machine-1-3,window_only,11,67419,False,2000,0.1914461106061935,0.0,29,0.1914461106061935,0.1914461106061935,1.0,False,,16.7,,
machine-1-3,mlstm,11,74917,False,1400,0.0971277430653572,514.65771484375,29,0.0971277430653572,,0.5073372488885391,False,1329.0994873046875,156.8,0.0971277430653572,0.1002286672592163
machine-1-3,gdeltanet,11,74917,False,2000,0.0892816334962844,30.61622428894043,29,0.0892816334962844,,0.4663538643516119,False,76.12946319580078,219.4,0.0892816334962844,0.0902258157730102
machine-1-3,titans,11,65888,False,1600,0.0912935361266136,18.079853057861328,29,0.0912935361266136,,0.4768628406058626,True,,685.4,0.0912935361266136,0.1025156676769256
machine-1-3,lstm,11,67133,False,1400,0.0880565643310546,67.9079818725586,29,0.0880565643310546,,0.4599548356048239,False,21.18291664123535,41.0,0.0880565643310546,0.0880571752786636
machine-1-3,mlstm_std,11,74917,False,3800,0.0783515647053718,0.0,29,0.0783515647053718,,0.4092617209996068,False,,80.9,,0.0783515647053718
machine-1-3,window_only,33,67419,False,1400,0.1655712276697158,0.0,29,0.1655712276697158,0.1655712276697158,1.0,False,,10.7,,
machine-1-3,mlstm,33,74917,False,1400,0.0972034335136413,508.26611328125,29,0.0972034335136413,,0.587079258164011,False,1795.9688720703125,159.9,0.0972034335136413,0.0955447778105735
machine-1-3,gdeltanet,33,74917,False,1200,0.0944529026746749,36.99091339111328,29,0.0944529026746749,,0.5704668860889958,False,39.66142272949219,108.8,0.0944529026746749,0.0955806523561477
machine-1-3,titans,33,65888,False,1600,0.0887418016791343,10.76841640472412,29,0.0887418016791343,,0.5359735681622046,True,inf,454.9,0.0887418016791343,0.092542789876461
machine-1-3,lstm,33,67133,False,2800,0.1037620455026626,52.54059600830078,29,0.1037620455026626,,0.6266912854547944,False,476.592041015625,14.9,0.1037620455026626,0.1037657111883163
machine-1-3,mlstm_std,33,74917,False,1800,0.0839051157236099,0.0,29,0.0839051157236099,,0.50676145188091,False,,12.4,,0.0839051157236099
machine-3-7,window_only,22,67419,False,1400,0.2442650347948074,0.0,29,0.2442650347948074,0.2442650347948074,1.0,False,,4.8,,
machine-3-7,mlstm,22,74917,False,1800,0.2525096535682678,358.556396484375,29,0.2525096535682678,,1.0337527586802844,False,2635.001220703125,206.4,0.2525096535682678,0.2500264942646026
machine-3-7,gdeltanet,22,74917,False,1600,0.2459687143564224,55.75449752807617,29,0.2459687143564224,,1.0069747172903651,False,29.83959197998047,202.2,0.2459687143564224,0.2494625449180603
machine-3-7,titans,22,65888,False,1400,0.2594475448131561,9.119086265563965,29,0.2594475448131561,,1.06215588748141,True,,594.5,0.2594475448131561,0.2601182758808136
machine-3-7,lstm,22,67133,False,1800,0.2013724744319915,18.04153823852539,29,0.2013724744319915,,0.8244015546521124,False,451.5450134277344,45.4,0.2013724744319915,0.2013724595308303
machine-3-7,mlstm_std,22,74917,False,4000,0.2177596390247345,0.0,29,0.2177596390247345,,0.89148919413563,False,,91.8,,0.2177596390247345
machine-3-7,window_only,11,67419,False,1400,0.2619861364364624,0.0,29,0.2619861364364624,0.2619861364364624,1.0,False,,4.8,,
machine-3-7,mlstm,11,74917,False,1800,0.2437365353107452,268.28485107421875,29,0.2437365353107452,,0.930341347927992,False,1603.964599609375,206.2,0.2437365353107452,0.245530217885971
machine-3-7,gdeltanet,11,74917,False,1400,0.2344521731138229,45.38105010986328,29,0.2344521731138229,,0.8949029757942284,False,46.88906478881836,185.7,0.2344521731138229,0.2340449541807174
machine-3-7,titans,11,65888,False,2400,0.2552474737167358,10.601659774780272,29,0.2552474737167358,,0.9742785522494208,False,6.96584939956665,962.2,0.2552474737167358,0.2569063305854797
machine-3-7,lstm,11,67133,False,1800,0.2038346529006958,25.96967887878418,29,0.2038346529006958,,0.7780360276816798,False,352.08612060546875,53.9,0.2038346529006958,0.203834667801857
machine-3-7,mlstm_std,11,74917,False,3600,0.2197192907333374,0.0,29,0.2197192907333374,,0.8386676246383149,False,,87.0,,0.2197192907333374
machine-3-7,window_only,33,67419,False,1600,0.2606486976146698,0.0,29,0.2606486976146698,0.2606486976146698,1.0,False,,5.9,,
machine-3-7,mlstm,33,74917,False,1600,0.245801493525505,317.14166259765625,29,0.245801493525505,,0.943037489828113,False,13099.1396484375,190.2,0.245801493525505,0.2474590539932251
machine-3-7,gdeltanet,33,74917,False,1600,0.2327446341514587,57.779048919677734,29,0.2327446341514587,,0.8929437832662297,False,52.64395904541016,205.2,0.2327446341514587,0.2347967624664306
machine-3-7,titans,33,65888,False,2800,0.257961094379425,11.70230770111084,29,0.257961094379425,,0.9896887908520534,False,35.948326110839844,1108.1,0.257961094379425,0.2599009275436401
machine-3-7,lstm,33,67133,False,1800,0.2029143273830413,19.62527847290039,29,0.2029143273830413,,0.7784973768908676,False,388.8756408691406,36.7,0.2029143273830413,0.2029136568307876
machine-3-7,mlstm_std,33,74917,False,4000,0.2180195748805999,0.0,29,0.2180195748805999,,0.8364498916580407,False,,99.9,,0.2180195748805999
machine-3-5,window_only,22,68328,False,1600,0.3001864552497864,0.0,26,0.3001864552497864,0.3001864552497864,1.0,False,,11.3,,
machine-3-5,mlstm,22,74146,False,1200,0.3826088905334472,1354.05078125,26,0.3826088905334472,,1.2745708003883014,False,397.6299743652344,116.7,0.3826088905334472,0.4268818497657776
machine-3-5,gdeltanet,22,74146,False,1200,0.3473277986049652,43.05189514160156,26,0.3473277986049652,,1.157040207946599,False,27.643918991088867,132.9,0.3473277986049652,0.3668476939201355
machine-3-5,titans,22,65117,False,1800,0.3443880379199981,17.336923599243164,26,0.3443880379199981,,1.1472470922561495,False,12.637142181396484,735.2,0.3443880379199981,0.2889561951160431
machine-3-5,lstm,22,66650,False,1400,0.2722476124763489,33.696231842041016,26,0.2722476124763489,,0.9069283697354384,False,41.667625427246094,44.4,0.2722476124763489,0.2722476422786712
machine-3-5,mlstm_std,22,74146,False,3200,0.231215089559555,0.0,26,0.231215089559555,,0.770238248648361,False,,82.7,,0.231215089559555
machine-3-5,window_only,11,68328,False,1600,0.3212312459945678,0.0,26,0.3212312459945678,0.3212312459945678,1.0,False,,16.2,,
machine-3-5,mlstm,11,74146,False,1200,0.3599640429019928,315.9752197265625,26,0.3599640429019928,,1.1205760566270688,False,511.2474060058594,144.4,0.3599640429019928,0.3642179369926452
machine-3-5,gdeltanet,11,74146,False,1400,0.3201751410961151,47.163570404052734,26,0.3201751410961151,,0.996712322005965,False,38.11013412475586,174.1,0.3201751410961151,0.3414728939533233
machine-3-5,titans,11,65117,True,7,inf,6.341480255126953,26,,,,True,,,,
machine-3-5,lstm,11,66650,False,1400,0.2682888805866241,14.826078414916992,26,0.2682888805866241,,0.8351892411834713,False,51.96156311035156,38.2,0.2682888805866241,0.2682897448539734
machine-3-5,mlstm_std,11,74146,False,2400,0.2376938760280609,0.0,26,0.2376938760280609,,0.739946312794492,False,,59.3,,0.2376938760280609
machine-3-5,window_only,33,68328,False,1600,0.3227434456348419,0.0,26,0.3227434456348419,0.3227434456348419,1.0,False,,21.4,,
machine-3-5,mlstm,33,74146,False,2200,0.2902558743953705,821.8663330078125,26,0.2902558743953705,,0.8993393307319756,False,209.2347717285156,197.7,0.2902558743953705,0.2880755364894867
machine-3-5,gdeltanet,33,74146,False,1600,0.2711563408374786,45.169734954833984,26,0.2711563408374786,,0.8401606430894653,False,29.26622772216797,197.5,0.2711563408374786,0.283444195985794
machine-3-5,titans,33,65117,False,2600,0.2980084419250488,21.787914276123047,26,0.2980084419250488,,0.9233601672029654,False,14.82293701171875,1049.9,0.2980084419250488,0.3021049797534942
machine-3-5,lstm,33,66650,False,1600,0.28800168633461,19.956193923950195,26,0.28800168633461,,0.892354872670166,False,70.84185028076172,42.4,0.28800168633461,0.2879996597766876
machine-3-5,mlstm_std,33,74146,False,2800,0.2285372465848922,0.0,26,0.2285372465848922,,0.7081080953800799,False,,55.3,,0.2285372465848922
machine-1-6,window_only,22,66713,False,1600,0.3069898784160614,0.0,33,0.3069898784160614,0.3069898784160614,1.0,False,,11.6,,
machine-1-6,mlstm,22,75945,False,1200,0.2337158918380737,532.0975952148438,33,0.2337158918380737,,0.7613146499941607,False,456.10943603515625,140.5,0.2337158918380737,0.2428323179483413
machine-1-6,gdeltanet,22,75945,False,2000,0.2393590360879898,56.06787109375,33,0.2393590360879898,,0.7796968334036996,False,40.35485076904297,211.6,0.2393590360879898,0.2620035707950592
machine-1-6,titans,22,66916,False,1200,0.2235849797725677,19.977937698364254,33,0.2235849797725677,,0.7283138484114596,False,8.844500541687012,516.4,0.2235849797725677,0.2184729725122451
machine-1-6,lstm,22,67777,False,3000,0.2051067650318145,29.72766494750977,33,0.2051067650318145,,0.6681222393717968,False,41.599029541015625,70.8,0.2051067650318145,0.2051149606704712
machine-1-6,mlstm_std,22,75945,False,3600,0.1909761875867843,0.0,33,0.1909761875867843,,0.622092782251132,False,,82.7,,0.1909761875867843
machine-1-6,window_only,11,66713,False,1800,0.2702054977416992,0.0,33,0.2702054977416992,0.2702054977416992,1.0,False,,20.6,,
machine-1-6,mlstm,11,75945,False,1200,0.2343624979257583,308.26007080078125,33,0.2343624979257583,,0.8673491097867865,False,310.86090087890625,113.1,0.2343624979257583,0.2448822259902954
machine-1-6,gdeltanet,11,75945,False,2000,0.23276287317276,50.05646896362305,33,0.23276287317276,,0.8614290794159482,False,33.415679931640625,236.7,0.23276287317276,0.3058455288410187
machine-1-6,titans,11,66916,False,1400,0.2215442210435867,25.32344627380371,33,0.2215442210435867,,0.819910116171545,False,69.99986267089844,602.6,0.2215442210435867,0.2181906849145889
machine-1-6,lstm,11,67777,False,2000,0.1936660856008529,26.93080139160156,33,0.1936660856008529,,0.7167362885635529,False,26.854106903076172,40.9,0.1936660856008529,0.193668246269226
machine-1-6,mlstm_std,11,75945,False,3800,0.1876321882009506,0.0,33,0.1876321882009506,,0.6944055164277824,False,,69.5,,0.1876321882009506
machine-1-6,window_only,33,66713,False,1600,0.2818075716495514,0.0,33,0.2818075716495514,0.2818075716495514,1.0,False,,21.1,,
machine-1-6,mlstm,33,75945,False,1200,0.2556546032428741,361.5578002929687,33,0.2556546032428741,,0.9071956503737932,False,400.8296203613281,143.8,0.2556546032428741,0.2632553279399872
machine-1-6,gdeltanet,33,75945,False,1200,0.2537377774715423,53.76639938354492,33,0.2537377774715423,,0.9003937544555548,False,22.01026725769043,151.4,0.2537377774715423,0.2572174072265625
machine-1-6,titans,33,66916,False,1200,0.2342800199985504,14.151653289794922,33,0.2342800199985504,,0.8313474993847751,False,9.903736114501951,513.4,0.2342800199985504,0.2349652647972107
machine-1-6,lstm,33,67777,False,1600,0.1938781291246414,24.911121368408203,33,0.1938781291246414,,0.6879805535024561,False,20.11111068725586,34.9,0.1938781291246414,0.1938780695199966
machine-1-6,mlstm_std,33,75945,False,2800,0.1953088194131851,0.0,33,0.1953088194131851,,0.6930573875994578,False,,54.8,,0.1953088194131851
machine-2-7,window_only,22,69743,False,1400,0.6580020189285278,0.0,30,0.6580020189285278,0.6580020189285278,1.0,False,,10.6,,
machine-2-7,mlstm,22,75174,False,1200,0.5753844976425171,922.7567749023438,30,0.5753844976425171,,0.8744418422597808,False,731.084228515625,137.6,0.5753844976425171,0.6298269033432007
machine-2-7,gdeltanet,22,75174,False,1200,0.5303562879562378,63.9490966796875,30,0.5303562879562378,,0.8060101226130814,False,61.51418685913086,154.3,0.5303562879562378,0.5647685527801514
machine-2-7,titans,22,66145,True,1000,0.547609269618988,14.087223052978516,30,,,,True,,,,
machine-2-7,lstm,22,67294,False,1200,0.5422451496124268,38.0704460144043,30,0.5422451496124268,,0.8240782459838097,False,13.766300201416016,39.2,0.5422451496124268,0.5422325134277344
machine-2-7,mlstm_std,22,75174,False,2600,0.434142142534256,0.0,30,0.434142142534256,,0.659788465757599,False,,61.2,,0.434142142534256
machine-2-7,window_only,11,69743,False,1400,0.649695634841919,0.0,30,0.649695634841919,0.649695634841919,1.0,False,,19.1,,
machine-2-7,mlstm,11,75174,False,1200,0.5743972063064575,813.871826171875,30,0.5743972063064575,,0.8841019940763759,False,552.0394897460938,140.2,0.5743972063064575,0.5810274481773376
machine-2-7,gdeltanet,11,75174,False,1200,0.5829965472221375,61.44440841674805,30,0.5829965472221375,,0.8973379471204075,False,65.60761260986328,148.7,0.5829965472221375,0.5766643285751343
machine-2-7,titans,11,66145,True,813,0.5699713826179504,10.049059867858888,30,,,,True,,,,
machine-2-7,lstm,11,67294,False,1200,0.5788459181785583,39.542362213134766,30,0.5788459181785583,,0.8909493725002486,False,16.744014739990234,38.1,0.5788459181785583,0.5788353085517883
machine-2-7,mlstm_std,11,75174,False,4000,0.4102181792259216,0.0,30,0.4102181792259216,,0.6314005470049588,False,,100.4,,0.4102181792259216
machine-2-7,window_only,33,69743,False,1600,0.6791385412216187,0.0,30,0.6791385412216187,0.6791385412216187,1.0,False,,12.8,,
machine-2-7,mlstm,33,75174,False,1600,0.6306876540184021,1891.687744140625,30,0.6306876540184021,,0.9286583159953428,False,1486.712646484375,167.0,0.6306876540184021,0.6310685873031616
machine-2-7,gdeltanet,33,75174,False,1200,0.585116982460022,61.56803512573242,30,0.585116982460022,,0.8615576159284483,False,73.21366119384766,148.3,0.585116982460022,0.585231602191925
machine-2-7,titans,33,66145,True,248,0.5544736981391907,16.208023071289062,30,,,,True,,,,
machine-2-7,lstm,33,67294,False,1800,0.5249437689781189,36.45175552368164,30,0.5249437689781189,,0.7729553502203869,False,18.820690155029297,52.7,0.5249437689781189,0.5249464511871338
machine-2-7,mlstm_std,33,75174,False,3600,0.4316835105419159,0.0,30,0.4316835105419159,,0.6356339455649411,False,,84.0,,0.4316835105419159
machine-2-9,window_only,22,67419,False,1400,0.8231765627861023,0.0,29,0.8231765627861023,0.8231765627861023,1.0,False,,15.6,,
machine-2-9,mlstm,22,74917,False,1200,0.4743342697620392,348.3335266113281,29,0.4743342697620392,,0.5762242162928201,False,2062.77587890625,138.7,0.4743342697620392,0.458274632692337
machine-2-9,gdeltanet,22,74917,False,2800,0.4606679379940033,98.77146911621094,29,0.4606679379940033,,0.5596222715997141,False,27.16199493408203,328.1,0.4606679379940033,0.4687089920043945
machine-2-9,titans,22,65888,True,800,0.5771098136901855,47.51497650146485,29,,,,True,,,,
machine-2-9,lstm,22,67133,False,1200,0.5488429665565491,38.84601211547851,29,0.5488429665565491,,0.6667378438216818,False,58.19160079956055,39.7,0.5488429665565491,0.5489160418510437
machine-2-9,mlstm_std,22,74917,False,2000,0.4237922728061676,0.0,29,0.4237922728061676,,0.514825484549525,False,,58.2,,0.4237922728061676
machine-2-9,window_only,11,67419,False,1600,0.6840351819992065,0.0,29,0.6840351819992065,0.6840351819992065,1.0,False,,11.2,,
machine-2-9,mlstm,11,74917,False,1400,0.5180036425590515,529.6392211914062,29,0.5180036425590515,,0.7572763158834898,False,4322.47705078125,159.2,0.5180036425590515,0.4905940592288971
machine-2-9,gdeltanet,11,74917,False,1600,0.4565591514110565,55.77743911743164,29,0.4565591514110565,,0.6674498087608396,False,41.05064010620117,156.9,0.4565591514110565,0.4582225084304809
machine-2-9,titans,11,65888,True,1400,0.4839262366294861,56.27981185913086,29,,,,True,,,,
machine-2-9,lstm,11,67133,False,1200,0.5274944305419922,27.86522102355957,29,0.5274944305419922,,0.7711510232562921,False,73.82420349121094,27.0,0.5274944305419922,0.5275053381919861
machine-2-9,mlstm_std,11,74917,False,2000,0.4423766434192657,0.0,29,0.4423766434192657,,0.6467162144004734,False,,38.5,,0.4423766434192657
machine-2-9,window_only,33,67419,False,1600,0.8494358062744141,0.0,29,0.8494358062744141,0.8494358062744141,1.0,False,,7.0,,
machine-2-9,mlstm,33,74917,False,1400,0.4672484993934631,316.41925048828125,29,0.4672484993934631,,0.5500692294133365,False,3241.05615234375,154.1,0.4672484993934631,0.4656258523464203
machine-2-9,gdeltanet,33,74917,False,1400,0.5051723122596741,73.97241973876953,29,0.5051723122596741,,0.5947151138769818,False,51.56785202026367,155.6,0.5051723122596741,0.4808374941349029
machine-2-9,titans,33,65888,False,1200,0.505120575428009,19.641395568847656,29,0.505120575428009,,0.5946542065885406,False,6.514509201049805,531.6,0.505120575428009,0.4861723780632019
machine-2-9,lstm,33,67133,False,1200,0.533193051815033,20.29262924194336,29,0.533193051815033,,0.6277025855003604,False,99.99158477783205,30.7,0.533193051815033,0.5332034826278687
machine-2-9,mlstm_std,33,74917,False,1800,0.4234821200370788,0.0,29,0.4234821200370788,,0.4985451718764385,False,,44.8,,0.4234821200370788
