feature,family,n,spearman_descriptive
jsd,CATSv2,5,-0.8
jsd,CreditCard,1,
jsd,Daphnet,1,
jsd,Exathlon,25,0.654897670572
jsd,GECCO,1,
jsd,GHL,23,-0.134387351779
jsd,Genesis,1,
jsd,LTDB,4,0.4
jsd,MITDB,11,0.0727272727273
jsd,MSL,14,0.00888943763654
jsd,OPPORTUNITY,7,0.857142857143
jsd,PSM,1,
jsd,SMAP,25,0.543458733062
jsd,SMD,20,0.0887218045113
jsd,SVDB,28,0.106732348112
jsd,SWaT,2,
jsd,TAO,11,0.11845133237
jsd_mean,CATSv2,5,0.5
jsd_mean,CreditCard,1,
jsd_mean,Daphnet,1,
jsd_mean,Exathlon,25,0.760842770066
jsd_mean,GECCO,1,
jsd_mean,GHL,23,-0.318181818182
jsd_mean,Genesis,1,
jsd_mean,LTDB,4,0.4
jsd_mean,MITDB,11,-0.190909090909
jsd_mean,MSL,14,0.00888943763654
jsd_mean,OPPORTUNITY,7,0.285714285714
jsd_mean,PSM,1,
jsd_mean,SMAP,25,0.517467228437
jsd_mean,SMD,20,0.30977443609
jsd_mean,SVDB,28,0.180623973727
jsd_mean,SWaT,2,
jsd_mean,TAO,11,0.0820047685641
CD_rate,CATSv2,5,0.57735026919
CD_rate,CreditCard,1,
CD_rate,Daphnet,1,
CD_rate,Exathlon,25,0.487300254937
CD_rate,GECCO,1,
CD_rate,GHL,23,-0.39208335196
CD_rate,Genesis,1,
CD_rate,LTDB,4,0.774596669241
CD_rate,MITDB,11,
CD_rate,MSL,14,0.378411503885
CD_rate,OPPORTUNITY,7,0.571428571429
CD_rate,PSM,1,
CD_rate,SMAP,25,0.44376015698
CD_rate,SMD,20,0.292090248459
CD_rate,SVDB,28,
CD_rate,SWaT,2,
CD_rate,TAO,11,0.178376517003
features,CATSv2,5,
features,CreditCard,1,
features,Daphnet,1,
features,Exathlon,25,0.706631184331
features,GECCO,1,
features,GHL,23,
features,Genesis,1,
features,LTDB,4,0.774596669241
features,MITDB,11,
features,MSL,14,
features,OPPORTUNITY,7,
features,PSM,1,
features,SMAP,25,
features,SMD,20,
features,SVDB,28,
features,SWaT,2,
features,TAO,11,
avg_anomaly_len,CATSv2,5,0.4
avg_anomaly_len,CreditCard,1,
avg_anomaly_len,Daphnet,1,
avg_anomaly_len,Exathlon,25,0.779116580883
avg_anomaly_len,GECCO,1,
avg_anomaly_len,GHL,23,0.199604743083
avg_anomaly_len,Genesis,1,
avg_anomaly_len,LTDB,4,-0.6
avg_anomaly_len,MITDB,11,-0.0818181818182
avg_anomaly_len,MSL,14,-0.43344360662
avg_anomaly_len,OPPORTUNITY,7,-0.214285714286
avg_anomaly_len,PSM,1,
avg_anomaly_len,SMAP,25,-0.290391174665
avg_anomaly_len,SMD,20,-0.448120300752
avg_anomaly_len,SVDB,28,-0.381499726327
avg_anomaly_len,SWaT,2,
avg_anomaly_len,TAO,11,-0.0728931276125
num_anomaly,CATSv2,5,-0.8
num_anomaly,CreditCard,1,
num_anomaly,Daphnet,1,
num_anomaly,Exathlon,25,0.19328896249
num_anomaly,GECCO,1,
num_anomaly,GHL,23,-0.0262466938466
num_anomaly,Genesis,1,
num_anomaly,LTDB,4,0
num_anomaly,MITDB,11,0.256891545196
num_anomaly,MSL,14,-0.0194048068888
num_anomaly,OPPORTUNITY,7,0.57735026919
num_anomaly,PSM,1,
num_anomaly,SMAP,25,-0.233705224306
num_anomaly,SMD,20,0.269845046988
num_anomaly,SVDB,28,0.182067092698
num_anomaly,SWaT,2,
num_anomaly,TAO,11,-0.218679382838
anomaly_ratio,CATSv2,5,-0.410391340834
anomaly_ratio,CreditCard,1,
anomaly_ratio,Daphnet,1,
anomaly_ratio,Exathlon,25,0.541339394448
anomaly_ratio,GECCO,1,
anomaly_ratio,GHL,23,0.0652173913043
anomaly_ratio,Genesis,1,
anomaly_ratio,LTDB,4,0
anomaly_ratio,MITDB,11,-0.118181818182
anomaly_ratio,MSL,14,-0.410989010989
anomaly_ratio,OPPORTUNITY,7,0
anomaly_ratio,PSM,1,
anomaly_ratio,SMAP,25,-0.252307692308
anomaly_ratio,SMD,20,-0.0330827067669
anomaly_ratio,SVDB,28,-0.0656814449918
anomaly_ratio,SWaT,2,
anomaly_ratio,TAO,11,-0.209567741886
ts_len,CATSv2,5,-0.564288093647
ts_len,CreditCard,1,
ts_len,Daphnet,1,
ts_len,Exathlon,25,0.0998101420625
ts_len,GECCO,1,
ts_len,GHL,23,-0.19284730396
ts_len,Genesis,1,
ts_len,LTDB,4,
ts_len,MITDB,11,0.441914586151
ts_len,MSL,14,0.032967032967
ts_len,OPPORTUNITY,7,0.25
ts_len,PSM,1,
ts_len,SMAP,25,-0.223504524234
ts_len,SMD,20,-0.262504719579
ts_len,SVDB,28,0.150835304724
ts_len,SWaT,2,
ts_len,TAO,11,
train_ratio,CATSv2,5,-0.3
train_ratio,CreditCard,1,
train_ratio,Daphnet,1,
train_ratio,Exathlon,25,-0.269480811292
train_ratio,GECCO,1,
train_ratio,GHL,23,-0.133366267342
train_ratio,Genesis,1,
train_ratio,LTDB,4,-0.210818510678
train_ratio,MITDB,11,-0.330321894691
train_ratio,MSL,14,0.289186041426
train_ratio,OPPORTUNITY,7,-0.107142857143
train_ratio,PSM,1,
train_ratio,SMAP,25,0.128639642897
train_ratio,SMD,20,-0.0135542322387
train_ratio,SVDB,28,-0.185044638979
train_ratio,SWaT,2,
train_ratio,TAO,11,
