mode,method,subset,n,series_mean_auc_pr,family_mean_auc_pr,family_median_auc_pr,released_zero_count,GPU,class,type,streaming,tuning
online,CNN,ALL_RELEASED,180,0.374867379185,0.3253328079,0.306938805676,0,1,Prediction,Forecasting,0,0
online,CNN,TSB_DRIFT,75,0.316351574799,0.347955446173,0.322306930737,0,1,Prediction,Forecasting,0,0
online,CNN,NON_DRIFT,105,0.416664382318,0.392301697846,0.3078986653,0,1,Prediction,Forecasting,0,0
online,CNN,MEASURED_SOURCE_ONLY,151,0.438406862735,0.372546415131,0.323524906396,0,1,Prediction,Forecasting,0,0
online,CNN,MEASURED_DRIFT,46,0.488036437599,0.42084128778,0.34527067532,0,1,Prediction,Forecasting,0,0
online,CNN,SIMULATED_SOURCE,28,0.0407729913913,0.0899798505206,0.0899798505206,0,1,Prediction,Forecasting,0,0
online,CNN,UNKNOWN_SOURCE,1,0.135048221416,0.135048221416,0.135048221416,0,1,Prediction,Forecasting,0,0
online,OmniAnomaly,ALL_RELEASED,180,0.317294653941,0.266468219319,0.224201638856,0,1,Prediction,Reconstruction,0,0
online,OmniAnomaly,TSB_DRIFT,75,0.174330219059,0.229060134944,0.15471801411,0,1,Prediction,Reconstruction,0,0
online,OmniAnomaly,NON_DRIFT,105,0.419412107428,0.302163781517,0.23357376224,0,1,Prediction,Reconstruction,0,0
online,OmniAnomaly,MEASURED_SOURCE_ONLY,151,0.371137202944,0.310894304806,0.270955249582,0,1,Prediction,Reconstruction,0,0
online,OmniAnomaly,MEASURED_DRIFT,46,0.260944486186,0.280034229314,0.225264071467,0,1,Prediction,Reconstruction,0,0
online,OmniAnomaly,SIMULATED_SOURCE,28,0.0378963930849,0.0836092013121,0.0836092013121,0,1,Prediction,Reconstruction,0,0
online,OmniAnomaly,UNKNOWN_SOURCE,1,0.0102210585043,0.0102210585043,0.0102210585043,0,1,Prediction,Reconstruction,0,0
online,USAD,ALL_RELEASED,180,0.320535552678,0.268984651361,0.241900093065,0,1,Prediction,Reconstruction,0,0
online,USAD,TSB_DRIFT,75,0.176591194654,0.22981698005,0.154766602786,0,1,Prediction,Reconstruction,0,0
online,USAD,NON_DRIFT,105,0.423352951267,0.309737282899,0.268872566501,0,1,Prediction,Reconstruction,0,0
online,USAD,MEASURED_SOURCE_ONLY,151,0.373477164125,0.312524081246,0.276335335161,0,1,Prediction,Reconstruction,0,0
online,USAD,MEASURED_DRIFT,46,0.259630258691,0.279021880496,0.219103791803,0,1,Prediction,Reconstruction,0,0
online,USAD,SIMULATED_SOURCE,28,0.0461326283398,0.093883914997,0.093883914997,0,1,Prediction,Reconstruction,0,0
online,USAD,UNKNOWN_SOURCE,1,0.00963410570163,0.00963410570163,0.00963410570163,0,1,Prediction,Reconstruction,0,0
online,AutoEncoder,ALL_RELEASED,180,0.286115800673,0.269459771031,0.179499711857,0,1,Prediction,Reconstruction,0,0
online,AutoEncoder,TSB_DRIFT,75,0.243167101411,0.267066227153,0.16210098725,0,1,Prediction,Reconstruction,0,0
online,AutoEncoder,NON_DRIFT,105,0.316793443003,0.307618213914,0.262111498293,0,1,Prediction,Reconstruction,0,0
online,AutoEncoder,MEASURED_SOURCE_ONLY,151,0.332517175572,0.304016539793,0.255809677706,0,1,Prediction,Reconstruction,0,0
online,AutoEncoder,MEASURED_DRIFT,46,0.368408304261,0.314727640257,0.263695077282,0,1,Prediction,Reconstruction,0,0
online,AutoEncoder,SIMULATED_SOURCE,28,0.0396875320693,0.0725424192817,0.0725424192817,0,1,Prediction,Reconstruction,0,0
online,AutoEncoder,UNKNOWN_SOURCE,1,0.179499711857,0.179499711857,0.179499711857,0,1,Prediction,Reconstruction,0,0
online,KMeansAD,ALL_RELEASED,180,0.311590588252,0.261760635483,0.233244541512,0,0,Distance,Clustering,0,0
online,KMeansAD,TSB_DRIFT,75,0.217028946605,0.25407698556,0.167696737776,0,0,Distance,Clustering,0,0
online,KMeansAD,NON_DRIFT,105,0.379134617999,0.298059224886,0.255489934191,0,0,Distance,Clustering,0,0
online,KMeansAD,MEASURED_SOURCE_ONLY,151,0.362865359265,0.302870221668,0.261804043948,0,0,Distance,Clustering,0,0
online,KMeansAD,MEASURED_DRIFT,46,0.325729007806,0.309325311242,0.224328599541,0,0,Distance,Clustering,0,0
online,KMeansAD,SIMULATED_SOURCE,28,0.0457182333706,0.0981107989589,0.0981107989589,0,0,Distance,Clustering,0,0
online,KMeansAD,UNKNOWN_SOURCE,1,0.0135261019353,0.0135261019353,0.0135261019353,0,0,Distance,Clustering,0,0
online,CBLOF,ALL_RELEASED,180,0.323170349828,0.285466511331,0.169888707636,0,0,Distance,Proximity,0,0
online,CBLOF,TSB_DRIFT,75,0.313771591635,0.317458140571,0.202386720967,0,0,Distance,Proximity,0,0
online,CBLOF,NON_DRIFT,105,0.329883748538,0.32820800432,0.198246191332,0,0,Distance,Proximity,0,0
online,CBLOF,MEASURED_SOURCE_ONLY,151,0.377552330091,0.327152799729,0.207029292987,0,0,Distance,Proximity,0,0
online,CBLOF,MEASURED_DRIFT,46,0.486361048854,0.3854164331,0.31433022258,0,0,Distance,Proximity,0,0
online,CBLOF,SIMULATED_SOURCE,28,0.036571469029,0.0682657519523,0.0682657519523,0,0,Distance,Proximity,0,0
online,CBLOF,UNKNOWN_SOURCE,1,0.136259992515,0.136259992515,0.136259992515,0,0,Distance,Proximity,0,0
online,OCSVM,ALL_RELEASED,180,0.299480263134,0.293807032041,0.212237270536,0,0,Density,Distribution,0,0
online,OCSVM,TSB_DRIFT,75,0.234955395346,0.258026538815,0.179697853595,0,0,Density,Distribution,0,0
online,OCSVM,NON_DRIFT,105,0.345569454412,0.352919289876,0.249955581744,0,0,Density,Distribution,0,0
online,OCSVM,MEASURED_SOURCE_ONLY,151,0.348831617278,0.330613760977,0.237589916612,0,0,Density,Distribution,0,0
online,OCSVM,MEASURED_DRIFT,46,0.356277858603,0.298821811358,0.232880523208,0,0,Density,Distribution,0,0
online,OCSVM,SIMULATED_SOURCE,28,0.0361156618253,0.0722461334484,0.0722461334484,0,0,Density,Distribution,0,0
online,OCSVM,UNKNOWN_SOURCE,1,0.221634624121,0.221634624121,0.221634624121,0,0,Density,Distribution,0,0
online,FITS,ALL_RELEASED,180,0.301058467083,0.261717466277,0.159246038863,0,1,Prediction,Reconstruction,0,0
online,FITS,TSB_DRIFT,75,0.267583399898,0.293916230715,0.159246038863,0,1,Prediction,Reconstruction,0,0
online,FITS,NON_DRIFT,105,0.324969229358,0.312080186011,0.227609338237,0,1,Prediction,Reconstruction,0,0
online,FITS,MEASURED_SOURCE_ONLY,151,0.354190578097,0.302386276395,0.21997869317,0,1,Prediction,Reconstruction,0,0
online,FITS,MEASURED_DRIFT,46,0.420891482828,0.360512194213,0.320826547554,0,1,Prediction,Reconstruction,0,0
online,FITS,SIMULATED_SOURCE,28,0.0210016624256,0.0480444114044,0.0480444114044,0,1,Prediction,Reconstruction,0,0
online,FITS,UNKNOWN_SOURCE,1,0.119700234361,0.119700234361,0.119700234361,0,1,Prediction,Reconstruction,0,0
online,LOF,ALL_RELEASED,180,0.271817260931,0.23827572786,0.139179077295,0,0,Distance,Proximity,0,0
online,LOF,TSB_DRIFT,75,0.237835488529,0.238465524338,0.147482910339,0,0,Distance,Proximity,0,0
online,LOF,NON_DRIFT,105,0.296089955504,0.260526164927,0.204676700093,0,0,Distance,Proximity,0,0
online,LOF,MEASURED_SOURCE_ONLY,151,0.316441362413,0.26929582516,0.174535955055,0,0,Distance,Proximity,0,0
online,LOF,MEASURED_DRIFT,46,0.362895660794,0.281950599501,0.228662437716,0,0,Distance,Proximity,0,0
online,LOF,SIMULATED_SOURCE,28,0.0359029344963,0.070683372047,0.070683372047,0,0,Distance,Proximity,0,0
online,LOF,UNKNOWN_SOURCE,1,0.139179077295,0.139179077295,0.139179077295,0,0,Distance,Proximity,0,0
online,HBOS,ALL_RELEASED,180,0.251517586983,0.220932250334,0.148559044341,0,0,Density,Distribution,0,0
online,HBOS,TSB_DRIFT,75,0.202638007521,0.239799539872,0.145062646156,0,0,Density,Distribution,0,0
online,HBOS,NON_DRIFT,105,0.286431572313,0.240781319924,0.151825792801,0,0,Density,Distribution,0,0
online,HBOS,MEASURED_SOURCE_ONLY,151,0.293746559715,0.252618808575,0.152172884997,0,0,Density,Distribution,0,0
online,HBOS,MEASURED_DRIFT,46,0.310443813566,0.28982090827,0.170624524209,0,0,Density,Distribution,0,0
online,HBOS,SIMULATED_SOURCE,28,0.0273745171597,0.0341181380218,0.0341181380218,0,0,Density,Distribution,0,0
online,HBOS,UNKNOWN_SOURCE,1,0.150948659588,0.150948659588,0.150948659588,0,0,Density,Distribution,0,0
online,MCD,ALL_RELEASED,180,0.320726275104,0.297322125308,0.233525715516,0,0,Density,Distribution,0,0
online,MCD,TSB_DRIFT,75,0.32154625466,0.325807480842,0.260987647696,0,0,Density,Distribution,0,0
online,MCD,NON_DRIFT,105,0.320140575421,0.350643376499,0.229743926814,0,0,Density,Distribution,0,0
online,MCD,MEASURED_SOURCE_ONLY,151,0.372665606075,0.345961642719,0.261778581671,0,0,Density,Distribution,0,0
online,MCD,MEASURED_DRIFT,46,0.492559697786,0.402448411879,0.287618699663,0,0,Density,Distribution,0,0
online,MCD,SIMULATED_SOURCE,28,0.0502102212605,0.079338163074,0.079338163074,0,0,Density,Distribution,0,0
online,MCD,UNKNOWN_SOURCE,1,0.0523368060105,0.0523368060105,0.0523368060105,0,0,Density,Distribution,0,0
online,AnomalyTransformer,ALL_RELEASED,180,0.0686774279385,0.0690702365393,0.0567533418125,0,1,Prediction,Reconstruction,0,0
online,AnomalyTransformer,TSB_DRIFT,75,0.04540910826,0.0583797038646,0.0460854845394,0,1,Prediction,Reconstruction,0,0
online,AnomalyTransformer,NON_DRIFT,105,0.0852976562804,0.0910104084115,0.0799309335222,0,1,Prediction,Reconstruction,0,0
online,AnomalyTransformer,MEASURED_SOURCE_ONLY,151,0.0775922691409,0.0791544066101,0.0627280452438,0,1,Prediction,Reconstruction,0,0
online,AnomalyTransformer,MEASURED_DRIFT,46,0.0600038854529,0.0692903821612,0.0551531069362,0,1,Prediction,Reconstruction,0,0
online,AnomalyTransformer,SIMULATED_SOURCE,28,0.0229827858809,0.0320229723125,0.0320229723125,0,1,Prediction,Reconstruction,0,0
online,AnomalyTransformer,UNKNOWN_SOURCE,1,0.00198638400222,0.00198638400222,0.00198638400222,0,1,Prediction,Reconstruction,0,0
online,KNN,ALL_RELEASED,180,0.329506875674,0.291988835802,0.203106889021,0,0,Distance,Proximity,0,0
online,KNN,TSB_DRIFT,75,0.313233363025,0.316512856468,0.203106889021,0,0,Distance,Proximity,0,0
online,KNN,NON_DRIFT,105,0.341130813281,0.308333536096,0.216149160524,0,0,Distance,Proximity,0,0
online,KNN,MEASURED_SOURCE_ONLY,151,0.382454625153,0.332549252955,0.208631383573,0,0,Distance,Proximity,0,0
online,KNN,MEASURED_DRIFT,46,0.476780717471,0.380654646683,0.311018306135,0,0,Distance,Proximity,0,0
online,KNN,SIMULATED_SOURCE,28,0.0507269812035,0.0839434588732,0.0839434588732,0,0,Distance,Proximity,0,0
online,KNN,UNKNOWN_SOURCE,1,0.140233749512,0.140233749512,0.140233749512,0,0,Distance,Proximity,0,0
online,TimesNet,ALL_RELEASED,180,0.324739935261,0.286000347198,0.171249291869,0,1,Prediction,Reconstruction,0,0
online,TimesNet,TSB_DRIFT,75,0.293027753565,0.341429773107,0.281270474657,0,1,Prediction,Reconstruction,0,0
online,TimesNet,NON_DRIFT,105,0.347391493614,0.336024399023,0.261752592024,0,1,Prediction,Reconstruction,0,0
online,TimesNet,MEASURED_SOURCE_ONLY,151,0.381113573148,0.328759930799,0.247963475749,0,1,Prediction,Reconstruction,0,0
online,TimesNet,MEASURED_DRIFT,46,0.458087885127,0.41792201792,0.338436155866,0,1,Prediction,Reconstruction,0,0
online,TimesNet,SIMULATED_SOURCE,28,0.0278723349308,0.0673767238513,0.0673767238513,0,1,Prediction,Reconstruction,0,0
online,TimesNet,UNKNOWN_SOURCE,1,0.124613423479,0.124613423479,0.124613423479,0,1,Prediction,Reconstruction,0,0
online,TranAD,ALL_RELEASED,180,0.299159308397,0.269062708143,0.160263060511,13,1,Prediction,Reconstruction,0,0
online,TranAD,TSB_DRIFT,75,0.251777731903,0.260203083264,0.197488646626,12,1,Prediction,Reconstruction,0,0
online,TranAD,NON_DRIFT,105,0.333003291607,0.333348075232,0.193542076354,1,1,Prediction,Reconstruction,0,0
online,TranAD,MEASURED_SOURCE_ONLY,151,0.348840085625,0.306934766361,0.210178693725,13,1,Prediction,Reconstruction,0,0
online,TranAD,MEASURED_DRIFT,46,0.384989289361,0.310566077305,0.245885214477,12,1,Prediction,Reconstruction,0,0
online,TranAD,SIMULATED_SOURCE,28,0.0370730626622,0.0706012409171,0.0706012409171,0,1,Prediction,Reconstruction,0,0
online,TranAD,UNKNOWN_SOURCE,1,0.135776827547,0.135776827547,0.135776827547,0,1,Prediction,Reconstruction,0,0
online,IForest,ALL_RELEASED,180,0.250293352221,0.202952756794,0.119009420165,0,0,Density,Tree,0,0
online,IForest,TSB_DRIFT,75,0.156663685781,0.200268269928,0.0706633167192,0,0,Density,Tree,0,0
online,IForest,NON_DRIFT,105,0.317171685393,0.236249508189,0.154506385612,0,0,Density,Tree,0,0
online,IForest,MEASURED_SOURCE_ONLY,151,0.293516516702,0.240362085891,0.159508115454,0,0,Density,Tree,0,0
online,IForest,MEASURED_DRIFT,46,0.239521022951,0.251835984602,0.15432929669,0,0,Density,Tree,0,0
online,IForest,SIMULATED_SOURCE,28,0.0259389300769,0.0398041636989,0.0398041636989,0,0,Density,Tree,0,0
online,IForest,UNKNOWN_SOURCE,1,0.00551933563883,0.00551933563883,0.00551933563883,0,0,Density,Tree,0,0
online,PCA,ALL_RELEASED,180,0.303883134984,0.259017099228,0.186782920682,0,0,Density,Encoding,0,0
online,PCA,TSB_DRIFT,75,0.191014183413,0.243184776327,0.162283897759,0,0,Density,Encoding,0,0
online,PCA,NON_DRIFT,105,0.384503814677,0.288091873901,0.220338468995,0,0,Density,Encoding,0,0
online,PCA,MEASURED_SOURCE_ONLY,151,0.354454378582,0.301126837387,0.249719652273,0,0,Density,Encoding,0,0
online,PCA,MEASURED_DRIFT,46,0.285863274451,0.297388712879,0.233347985626,0,0,Density,Encoding,0,0
online,PCA,SIMULATED_SOURCE,28,0.0416629675625,0.0888624619872,0.0888624619872,0,0,Density,Encoding,0,0
online,PCA,UNKNOWN_SOURCE,1,0.00979003948587,0.00979003948587,0.00979003948587,0,0,Density,Encoding,0,0
online,RobustPCA,ALL_RELEASED,180,0.262506242587,0.208168776579,0.104512007786,0,0,Density,Encoding,0,0
online,RobustPCA,TSB_DRIFT,75,0.294857123847,0.254085856941,0.14280405168,0,0,Density,Encoding,0,0
online,RobustPCA,NON_DRIFT,105,0.239398470258,0.263479994991,0.119629426207,0,0,Density,Encoding,0,0
online,RobustPCA,MEASURED_SOURCE_ONLY,151,0.298944056183,0.241669944778,0.141434338613,0,0,Density,Encoding,0,0
online,RobustPCA,MEASURED_DRIFT,46,0.434863328404,0.314762616528,0.159077976552,0,0,Density,Encoding,0,0
online,RobustPCA,SIMULATED_SOURCE,28,0.0752566272193,0.0760521775617,0.0760521775617,0,0,Density,Encoding,0,0
online,RobustPCA,UNKNOWN_SOURCE,1,0.00338561982845,0.00338561982845,0.00338561982845,0,0,Density,Encoding,0,0
online,LSTMAD,ALL_RELEASED,180,0.333678714616,0.294756874315,0.186704143068,0,1,Prediction,Forecasting,0,0
online,LSTMAD,TSB_DRIFT,75,0.296156355563,0.309605222526,0.204369384287,0,1,Prediction,Forecasting,0,0
online,LSTMAD,NON_DRIFT,105,0.360480399654,0.354449562863,0.236298950752,0,1,Prediction,Forecasting,0,0
online,LSTMAD,MEASURED_SOURCE_ONLY,151,0.390537122411,0.338544969721,0.232718017863,0,1,Prediction,Forecasting,0,0
online,LSTMAD,MEASURED_DRIFT,46,0.459144859141,0.375363060557,0.320766446274,0,1,Prediction,Forecasting,0,0
online,LSTMAD,SIMULATED_SOURCE,28,0.034138604901,0.0680275388793,0.0680275388793,0,1,Prediction,Forecasting,0,0
online,LSTMAD,UNKNOWN_SOURCE,1,0.135182209504,0.135182209504,0.135182209504,0,1,Prediction,Forecasting,0,0
streaming,LODA,ALL_RELEASED,180,0.133241051925,0.124418676636,0.0836234329551,0,0,Density,Distribution,1,0
streaming,LODA,TSB_DRIFT,75,0.089851170307,0.0900408792281,0.052964175601,0,0,Density,Distribution,1,0
streaming,LODA,NON_DRIFT,105,0.16423382451,0.153839897433,0.104412456891,0,0,Density,Distribution,1,0
streaming,LODA,MEASURED_SOURCE_ONLY,151,0.151581088338,0.14344824488,0.126419600984,0,0,Density,Distribution,1,0
streaming,LODA,MEASURED_DRIFT,46,0.122699842728,0.106368935547,0.110183833793,0,0,Density,Distribution,1,0
streaming,LODA,SIMULATED_SOURCE,28,0.0384299068515,0.0441172294057,0.0441172294057,0,0,Density,Distribution,1,0
streaming,LODA,UNKNOWN_SOURCE,1,0.0186076156796,0.0186076156796,0.0186076156796,0,0,Density,Distribution,1,0
streaming,RRCF,ALL_RELEASED,180,0.0847125756495,0.0940954035405,0.089277250407,0,0,Density,Tree,1,1
streaming,RRCF,TSB_DRIFT,75,0.0758029595257,0.084171591719,0.0738794743817,0,0,Density,Tree,1,1
streaming,RRCF,NON_DRIFT,105,0.0910765871665,0.125811273039,0.111541212819,0,0,Density,Tree,1,1
streaming,RRCF,MEASURED_SOURCE_ONLY,151,0.0975248795318,0.10814709774,0.098818973726,0,0,Density,Tree,1,1
streaming,RRCF,MEASURED_DRIFT,46,0.112243807757,0.100866820051,0.103295989185,0,0,Density,Tree,1,1
streaming,RRCF,SIMULATED_SOURCE,28,0.0173488742176,0.0246620811606,0.0246620811606,0,0,Density,Tree,1,1
streaming,RRCF,UNKNOWN_SOURCE,1,0.0362383295124,0.0362383295124,0.0362383295124,0,0,Density,Tree,1,1
streaming,HSTree,ALL_RELEASED,180,0.183527413258,0.140551178168,0.091576180701,0,0,Density,Tree,1,1
streaming,HSTree,TSB_DRIFT,75,0.133469504504,0.154255107075,0.0924572034425,0,0,Density,Tree,1,1
streaming,HSTree,NON_DRIFT,105,0.219283062368,0.178230125485,0.0998025257892,0,0,Density,Tree,1,1
streaming,HSTree,MEASURED_SOURCE_ONLY,151,0.216218340867,0.164690487694,0.0998811636206,0,0,Density,Tree,1,1
streaming,HSTree,MEASURED_DRIFT,46,0.209222780921,0.192161319083,0.121519024908,0,0,Density,Tree,1,1
streaming,HSTree,SIMULATED_SOURCE,28,0.012203139233,0.019713092112,0.019713092112,0,0,Density,Tree,1,1
streaming,HSTree,UNKNOWN_SOURCE,1,0.0442770169205,0.0442770169205,0.0442770169205,0,0,Density,Tree,1,1
streaming,RSHash,ALL_RELEASED,180,0.191073431688,0.165668422848,0.0994393681558,0,0,Density,Distribution,1,1
streaming,RSHash,TSB_DRIFT,75,0.174704612038,0.193940138071,0.127723468272,0,0,Density,Distribution,1,1
streaming,RSHash,NON_DRIFT,105,0.202765445723,0.175525738666,0.111291831811,0,0,Density,Distribution,1,1
streaming,RSHash,MEASURED_SOURCE_ONLY,151,0.224844552824,0.191386245546,0.122005503433,0,0,Density,Distribution,1,1
streaming,RSHash,MEASURED_DRIFT,46,0.275242514684,0.238426604415,0.306381640997,0,0,Density,Distribution,1,1
streaming,RSHash,SIMULATED_SOURCE,28,0.0126108906183,0.0241852303485,0.0241852303485,0,0,Density,Distribution,1,1
streaming,RSHash,UNKNOWN_SOURCE,1,0.088585290078,0.088585290078,0.088585290078,0,0,Density,Distribution,1,1
streaming,MemStream,ALL_RELEASED,180,0.292685047632,0.256626434662,0.161933391829,0,1,Density,Encoding,1,1
streaming,MemStream,TSB_DRIFT,75,0.261747100743,0.282449619328,0.231902429922,0,1,Density,Encoding,1,1
streaming,MemStream,NON_DRIFT,105,0.314783581125,0.271157789378,0.204565194141,0,1,Density,Encoding,1,1
streaming,MemStream,MEASURED_SOURCE_ONLY,151,0.343161639632,0.292823917581,0.228031514879,0,1,Density,Encoding,1,1
streaming,MemStream,MEASURED_DRIFT,46,0.407937642746,0.340873050813,0.308412543515,0,1,Density,Encoding,1,1
streaming,MemStream,SIMULATED_SOURCE,28,0.0251416999134,0.0505905756505,0.0505905756505,0,1,Density,Encoding,1,1
streaming,MemStream,UNKNOWN_SOURCE,1,0.161933391829,0.161933391829,0.161933391829,0,1,Density,Encoding,1,1
streaming,MCOD,ALL_RELEASED,180,0.227047769117,0.19850872573,0.139333805982,0,0,Distance,CLustering,1,1
streaming,MCOD,TSB_DRIFT,75,0.215293511175,0.230883289082,0.1800043141,0,0,Distance,CLustering,1,1
streaming,MCOD,NON_DRIFT,105,0.235443667647,0.208497526536,0.156910522617,0,0,Distance,CLustering,1,1
streaming,MCOD,MEASURED_SOURCE_ONLY,151,0.265206773957,0.234507830332,0.170537640933,0,0,Distance,CLustering,1,1
streaming,MCOD,MEASURED_DRIFT,46,0.333144299229,0.290994404531,0.269086002125,0,0,Distance,CLustering,1,1
streaming,MCOD,SIMULATED_SOURCE,28,0.0285620546423,0.0344503345588,0.0344503345588,0,0,Distance,CLustering,1,1
streaming,MCOD,UNKNOWN_SOURCE,1,0.022638043641,0.022638043641,0.022638043641,0,0,Distance,CLustering,1,1
streaming,LEAP,ALL_RELEASED,180,0.162263640826,0.164300079478,0.0811150785545,0,0,Distance,Proximity,1,1
streaming,LEAP,TSB_DRIFT,75,0.178176464333,0.196841973565,0.127272322916,0,0,Distance,Proximity,1,1
streaming,LEAP,NON_DRIFT,105,0.150897338321,0.201543449149,0.0819219021939,0,0,Distance,Proximity,1,1
streaming,LEAP,MEASURED_SOURCE_ONLY,151,0.190599206594,0.195986805058,0.110761360803,0,0,Distance,Proximity,1,1
streaming,LEAP,MEASURED_DRIFT,46,0.281223036348,0.250965957603,0.189895956138,0,0,Distance,Proximity,1,1
streaming,LEAP,SIMULATED_SOURCE,28,0.0151875952153,0.0237817966763,0.0237817966763,0,0,Distance,Proximity,1,1
streaming,LEAP,UNKNOWN_SOURCE,1,0.00172248695995,0.00172248695995,0.00172248695995,0,0,Distance,Proximity,1,1
streaming,xStream,ALL_RELEASED,180,0.066668430597,0.0681687432421,0.044038286659,0,0,Density,Encoding,1,1
streaming,xStream,TSB_DRIFT,75,0.0489242548088,0.0602477680775,0.0421969904538,0,0,Density,Encoding,1,1
streaming,xStream,NON_DRIFT,105,0.0793428418743,0.0947200111102,0.0777521645192,0,0,Density,Encoding,1,1
streaming,xStream,MEASURED_SOURCE_ONLY,151,0.0769197639754,0.0783179228103,0.0616433519258,0,0,Density,Encoding,1,1
streaming,xStream,MEASURED_DRIFT,46,0.0713888252932,0.0720803269237,0.0436916576223,0,0,Density,Encoding,1,1
streaming,xStream,SIMULATED_SOURCE,28,0.0129866442236,0.0203053034291,0.0203053034291,0,0,Density,Encoding,1,1
streaming,xStream,UNKNOWN_SOURCE,1,0.0218071089129,0.0218071089129,0.0218071089129,0,0,Density,Encoding,1,1
streaming,SWKNN,ALL_RELEASED,180,0.320090227938,0.267490883163,0.180039166634,0,0,Distance,Proximity,1,1
streaming,SWKNN,TSB_DRIFT,75,0.303300217735,0.351264191744,0.31686582258,0,0,Distance,Proximity,1,1
streaming,SWKNN,NON_DRIFT,105,0.33208309237,0.333699721941,0.217371587242,0,0,Distance,Proximity,1,1
streaming,SWKNN,MEASURED_SOURCE_ONLY,151,0.376637317182,0.306482213768,0.233433155543,0,0,Distance,Proximity,1,1
streaming,SWKNN,MEASURED_DRIFT,46,0.478337178168,0.430984047166,0.34122919513,0,0,Distance,Proximity,1,1
streaming,SWKNN,SIMULATED_SOURCE,28,0.0200265164898,0.0366651741834,0.0366651741834,0,0,Distance,Proximity,1,1
streaming,SWKNN,UNKNOWN_SOURCE,1,0.183263672651,0.183263672651,0.183263672651,0,0,Distance,Proximity,1,1
streaming,SDOstream,ALL_RELEASED,180,0.196761629111,0.150211526294,0.10644283717,0,0,Distance,Proximity,1,1
streaming,SDOstream,TSB_DRIFT,75,0.159240086018,0.179994881834,0.145621784279,0,0,Distance,Proximity,1,1
streaming,SDOstream,NON_DRIFT,105,0.22356273132,0.192152883988,0.152433148029,0,0,Distance,Proximity,1,1
streaming,SDOstream,MEASURED_SOURCE_ONLY,151,0.230159002399,0.175379854456,0.12541079952,0,0,Distance,Proximity,1,1
streaming,SDOstream,MEASURED_DRIFT,46,0.245215708122,0.224165547922,0.256624013004,0,0,Distance,Proximity,1,1
streaming,SDOstream,SIMULATED_SOURCE,28,0.023284073336,0.0435740801578,0.0435740801578,0,0,Distance,Proximity,1,1
streaming,SDOstream,UNKNOWN_SOURCE,1,0.0111298242982,0.0111298242982,0.0111298242982,0,0,Distance,Proximity,1,1
static,CNN,ALL_RELEASED,180,0.346492004932,0.322385153379,0.197746176489,0,1,Prediction,Forecasting,0,0
static,CNN,TSB_DRIFT,75,0.343864759194,0.355135411368,0.292155933631,0,1,Prediction,Forecasting,0,0
static,CNN,NON_DRIFT,105,0.34836860903,0.366515488866,0.256778790897,0,1,Prediction,Forecasting,0,0
static,CNN,MEASURED_SOURCE_ONLY,151,0.40404622328,0.36820639865,0.29684601739,0,1,Prediction,Forecasting,0,0
static,CNN,MEASURED_DRIFT,46,0.531136429721,0.429110232143,0.383745058339,0,1,Prediction,Forecasting,0,0
static,CNN,SIMULATED_SOURCE,28,0.0432311575999,0.0892746333845,0.0892746333845,0,1,Prediction,Forecasting,0,0
static,CNN,UNKNOWN_SOURCE,1,0.147108759584,0.147108759584,0.147108759584,0,1,Prediction,Forecasting,0,0
static,OmniAnomaly,ALL_RELEASED,180,0.37217498444,0.292548816711,0.233980256356,0,1,Prediction,Reconstruction,0,0
static,OmniAnomaly,TSB_DRIFT,75,0.278702998514,0.280679494182,0.276259807416,0,1,Prediction,Reconstruction,0,0
static,OmniAnomaly,NON_DRIFT,105,0.438940688673,0.334813364155,0.224719634869,0,1,Prediction,Reconstruction,0,0
static,OmniAnomaly,MEASURED_SOURCE_ONLY,151,0.432153396148,0.333500247391,0.279898046688,0,1,Prediction,Reconstruction,0,0
static,OmniAnomaly,MEASURED_DRIFT,46,0.41666066321,0.334450700376,0.306198744821,0,1,Prediction,Reconstruction,0,0
static,OmniAnomaly,SIMULATED_SOURCE,28,0.0615403565256,0.145561011222,0.145561011222,0,1,Prediction,Reconstruction,0,0
static,OmniAnomaly,UNKNOWN_SOURCE,1,0.0132043981682,0.0132043981682,0.0132043981682,0,1,Prediction,Reconstruction,0,0
static,USAD,ALL_RELEASED,180,0.362562504406,0.288120989761,0.227199135007,0,1,Prediction,Reconstruction,0,0
static,USAD,TSB_DRIFT,75,0.265314018275,0.271135930693,0.205174150521,0,1,Prediction,Reconstruction,0,0
static,USAD,NON_DRIFT,105,0.432025708785,0.327959537244,0.221327548208,0,1,Prediction,Reconstruction,0,0
static,USAD,MEASURED_SOURCE_ONLY,151,0.420867846339,0.328006869482,0.278910333582,0,1,Prediction,Reconstruction,0,0
static,USAD,MEASURED_DRIFT,46,0.395398812496,0.321880644581,0.267897841339,0,1,Prediction,Reconstruction,0,0
static,USAD,SIMULATED_SOURCE,28,0.0606015033548,0.146298375669,0.146298375669,0,1,Prediction,Reconstruction,0,0
static,USAD,UNKNOWN_SOURCE,1,0.0133639018597,0.0133639018597,0.0133639018597,0,1,Prediction,Reconstruction,0,0
static,AutoEncoder,ALL_RELEASED,180,0.287988777639,0.270779801914,0.176189380587,0,1,Prediction,Reconstruction,0,0
static,AutoEncoder,TSB_DRIFT,75,0.232003602716,0.261815633391,0.165458377112,0,1,Prediction,Reconstruction,0,0
static,AutoEncoder,NON_DRIFT,105,0.327978188298,0.324375241974,0.264215615818,0,1,Prediction,Reconstruction,0,0
static,AutoEncoder,MEASURED_SOURCE_ONLY,151,0.335747888548,0.305970556211,0.25708327837,0,1,Prediction,Reconstruction,0,0
static,AutoEncoder,MEASURED_DRIFT,46,0.353483073903,0.30839343885,0.266799117417,0,1,Prediction,Reconstruction,0,0
static,AutoEncoder,SIMULATED_SOURCE,28,0.0344235508412,0.0717397324976,0.0717397324976,0,1,Prediction,Reconstruction,0,0
static,AutoEncoder,UNKNOWN_SOURCE,1,0.176189380587,0.176189380587,0.176189380587,0,1,Prediction,Reconstruction,0,0
static,KMeansAD,ALL_RELEASED,180,0.340729364828,0.274523142062,0.272955847441,0,0,Distance,Clustering,0,0
static,KMeansAD,TSB_DRIFT,75,0.269609715895,0.285041216859,0.183236038357,0,0,Distance,Clustering,0,0
static,KMeansAD,NON_DRIFT,105,0.391529114066,0.332041887602,0.262015163293,0,0,Distance,Clustering,0,0
static,KMeansAD,MEASURED_SOURCE_ONLY,151,0.394534487889,0.310099766114,0.27616793484,0,0,Distance,Clustering,0,0
static,KMeansAD,MEASURED_DRIFT,46,0.401394580312,0.338003912971,0.228095942899,0,0,Distance,Clustering,0,0
static,KMeansAD,SIMULATED_SOURCE,28,0.0618049817942,0.149729090967,0.149729090967,0,0,Distance,Clustering,0,0
static,KMeansAD,UNKNOWN_SOURCE,1,0.0260385075228,0.0260385075228,0.0260385075228,0,0,Distance,Clustering,0,0
static,CBLOF,ALL_RELEASED,180,0.318227043964,0.28214467615,0.147402455619,0,0,Distance,Proximity,0,0
static,CBLOF,TSB_DRIFT,75,0.336633109969,0.338932389041,0.304725861409,0,0,Distance,Proximity,0,0
static,CBLOF,NON_DRIFT,105,0.305079853961,0.31314244423,0.161877680105,0,0,Distance,Proximity,0,0
static,CBLOF,MEASURED_SOURCE_ONLY,151,0.37190621838,0.321532029298,0.204454746994,0,0,Distance,Proximity,0,0
static,CBLOF,MEASURED_DRIFT,46,0.5244446589,0.411110997315,0.363064639415,0,0,Distance,Proximity,0,0
static,CBLOF,SIMULATED_SOURCE,28,0.0348438029519,0.0738043143815,0.0738043143815,0,0,Distance,Proximity,0,0
static,CBLOF,UNKNOWN_SOURCE,1,0.147402455619,0.147402455619,0.147402455619,0,0,Distance,Proximity,0,0
static,OCSVM,ALL_RELEASED,180,0.299480263134,0.293807032041,0.212237270536,0,0,Density,Distribution,0,0
static,OCSVM,TSB_DRIFT,75,0.234955395346,0.258026538815,0.179697853595,0,0,Density,Distribution,0,0
static,OCSVM,NON_DRIFT,105,0.345569454412,0.352919289876,0.249955581744,0,0,Density,Distribution,0,0
static,OCSVM,MEASURED_SOURCE_ONLY,151,0.348831617278,0.330613760977,0.237589916612,0,0,Density,Distribution,0,0
static,OCSVM,MEASURED_DRIFT,46,0.356277858603,0.298821811358,0.232880523208,0,0,Density,Distribution,0,0
static,OCSVM,SIMULATED_SOURCE,28,0.0361156618253,0.0722461334484,0.0722461334484,0,0,Density,Distribution,0,0
static,OCSVM,UNKNOWN_SOURCE,1,0.221634624121,0.221634624121,0.221634624121,0,0,Density,Distribution,0,0
static,FITS,ALL_RELEASED,180,0.191592219832,0.149748313177,0.105001686638,0,1,Prediction,Reconstruction,0,0
static,FITS,TSB_DRIFT,75,0.144837798383,0.162186051678,0.101054476926,0,1,Prediction,Reconstruction,0,0
static,FITS,NON_DRIFT,105,0.224988235153,0.177087841442,0.119691379383,0,1,Prediction,Reconstruction,0,0
static,FITS,MEASURED_SOURCE_ONLY,151,0.224729038053,0.175299587084,0.115349569985,0,1,Prediction,Reconstruction,0,0
static,FITS,MEASURED_DRIFT,46,0.224137392499,0.201689156698,0.124803290381,0,1,Prediction,Reconstruction,0,0
static,FITS,SIMULATED_SOURCE,28,0.0196146603662,0.0441113856544,0.0441113856544,0,1,Prediction,Reconstruction,0,0
static,FITS,UNKNOWN_SOURCE,1,0.00330433352412,0.00330433352412,0.00330433352412,0,1,Prediction,Reconstruction,0,0
static,LOF,ALL_RELEASED,180,0.095616142858,0.0977132707399,0.104442882895,0,0,Distance,Proximity,0,0
static,LOF,TSB_DRIFT,75,0.101671658471,0.114272871358,0.138942156147,0,0,Distance,Proximity,0,0
static,LOF,NON_DRIFT,105,0.091290774563,0.112199379869,0.120406678196,0,0,Distance,Proximity,0,0
static,LOF,MEASURED_SOURCE_ONLY,151,0.110414573204,0.113249633669,0.118777990182,0,0,Distance,Proximity,0,0
static,LOF,MEASURED_DRIFT,46,0.154066722277,0.140991659645,0.147567145158,0,0,Distance,Proximity,0,0
static,LOF,SIMULATED_SOURCE,28,0.0191490380721,0.0367493183087,0.0367493183087,0,0,Distance,Proximity,0,0
static,LOF,UNKNOWN_SOURCE,1,0.00213209459114,0.00213209459114,0.00213209459114,0,0,Distance,Proximity,0,0
static,HBOS,ALL_RELEASED,180,0.307240104955,0.260751751555,0.175529639594,0,0,Density,Distribution,0,0
static,HBOS,TSB_DRIFT,75,0.3057331505,0.310932484783,0.177130241627,0,0,Density,Distribution,0,0
static,HBOS,NON_DRIFT,105,0.308316500994,0.279291898493,0.152399693696,0,0,Density,Distribution,0,0
static,HBOS,MEASURED_SOURCE_ONLY,151,0.361600194512,0.299733454927,0.205868100167,0,0,Density,Distribution,0,0
static,HBOS,MEASURED_DRIFT,46,0.483226016671,0.380561089473,0.304744164301,0,0,Density,Distribution,0,0
static,HBOS,SIMULATED_SOURCE,28,0.0187878528933,0.0304908839283,0.0304908839283,0,0,Density,Distribution,0,0
static,HBOS,UNKNOWN_SOURCE,1,0.175529639594,0.175529639594,0.175529639594,0,0,Density,Distribution,0,0
static,MCD,ALL_RELEASED,180,0.320726275104,0.297322125308,0.233525715516,0,0,Density,Distribution,0,0
static,MCD,TSB_DRIFT,75,0.32154625466,0.325807480842,0.260987647696,0,0,Density,Distribution,0,0
static,MCD,NON_DRIFT,105,0.320140575421,0.350643376499,0.229743926814,0,0,Density,Distribution,0,0
static,MCD,MEASURED_SOURCE_ONLY,151,0.372665606075,0.345961642719,0.261778581671,0,0,Density,Distribution,0,0
static,MCD,MEASURED_DRIFT,46,0.492559697786,0.402448411879,0.287618699663,0,0,Density,Distribution,0,0
static,MCD,SIMULATED_SOURCE,28,0.0502102212605,0.079338163074,0.079338163074,0,0,Density,Distribution,0,0
static,MCD,UNKNOWN_SOURCE,1,0.0523368060105,0.0523368060105,0.0523368060105,0,0,Density,Distribution,0,0
static,AnomalyTransformer,ALL_RELEASED,180,0.0758813761265,0.0920612702622,0.0643303793074,0,1,Prediction,Reconstruction,0,0
static,AnomalyTransformer,TSB_DRIFT,75,0.0610108840508,0.0902534333499,0.0606232976883,0,1,Prediction,Reconstruction,0,0
static,AnomalyTransformer,NON_DRIFT,105,0.0865031561806,0.091083332246,0.0667345686113,0,1,Prediction,Reconstruction,0,0
static,AnomalyTransformer,MEASURED_SOURCE_ONLY,151,0.0867153627322,0.106698254622,0.0651683147655,0,1,Prediction,Reconstruction,0,0
static,AnomalyTransformer,MEASURED_DRIFT,46,0.0871997472522,0.11020286038,0.0673273392161,0,1,Prediction,Reconstruction,0,0
static,AnomalyTransformer,SIMULATED_SOURCE,28,0.0201012980644,0.0347372226726,0.0347372226726,0,1,Prediction,Reconstruction,0,0
static,AnomalyTransformer,UNKNOWN_SOURCE,1,0.00179158440004,0.00179158440004,0.00179158440004,0,1,Prediction,Reconstruction,0,0
static,KNN,ALL_RELEASED,180,0.234875670306,0.197735883861,0.118118264998,0,0,Distance,Proximity,0,0
static,KNN,TSB_DRIFT,75,0.182737602214,0.219538195515,0.113802119118,0,0,Distance,Proximity,0,0
static,KNN,NON_DRIFT,105,0.272117147515,0.226941246562,0.143762191863,0,0,Distance,Proximity,0,0
static,KNN,MEASURED_SOURCE_ONLY,151,0.27549102807,0.226136788633,0.132842156306,0,0,Distance,Proximity,0,0
static,KNN,MEASURED_DRIFT,46,0.283192277163,0.265840155691,0.220380398583,0,0,Distance,Proximity,0,0
static,KNN,SIMULATED_SOURCE,28,0.0205514527075,0.0462801220308,0.0462801220308,0,0,Distance,Proximity,0,0
static,KNN,UNKNOWN_SOURCE,1,0.103034740721,0.103034740721,0.103034740721,0,0,Distance,Proximity,0,0
static,TimesNet,ALL_RELEASED,180,0.202385201163,0.160970635293,0.110257774642,0,1,Prediction,Reconstruction,0,0
static,TimesNet,TSB_DRIFT,75,0.159455019224,0.173607584297,0.103806879289,0,1,Prediction,Reconstruction,0,0
static,TimesNet,NON_DRIFT,105,0.233049616834,0.188975710928,0.126790523169,0,1,Prediction,Reconstruction,0,0
static,TimesNet,MEASURED_SOURCE_ONLY,151,0.237115755162,0.18809235341,0.126234627535,0,1,Prediction,Reconstruction,0,0
static,TimesNet,MEASURED_DRIFT,46,0.246397157866,0.215369074362,0.159028169408,0,1,Prediction,Reconstruction,0,0
static,TimesNet,SIMULATED_SOURCE,28,0.0222149928262,0.050185235696,0.050185235696,0,1,Prediction,Reconstruction,0,0
static,TimesNet,UNKNOWN_SOURCE,1,0.0028373808467,0.0028373808467,0.0028373808467,0,1,Prediction,Reconstruction,0,0
static,TranAD,ALL_RELEASED,180,0.259438817459,0.216706658139,0.14320869686,0,1,Prediction,Reconstruction,0,0
static,TranAD,TSB_DRIFT,75,0.227824674231,0.250156440008,0.148460177693,0,1,Prediction,Reconstruction,0,0
static,TranAD,NON_DRIFT,105,0.282020348336,0.222736479936,0.140114066841,0,1,Prediction,Reconstruction,0,0
static,TranAD,MEASURED_SOURCE_ONLY,151,0.302490973854,0.251472283666,0.145972465737,0,1,Prediction,Reconstruction,0,0
static,TranAD,MEASURED_DRIFT,46,0.349217401667,0.308863250307,0.289194900665,0,1,Prediction,Reconstruction,0,0
static,TranAD,SIMULATED_SOURCE,28,0.0364279339161,0.0802666380027,0.0802666380027,0,1,Prediction,Reconstruction,0,0
static,TranAD,UNKNOWN_SOURCE,1,0.00286794103292,0.00286794103292,0.00286794103292,0,1,Prediction,Reconstruction,0,0
static,IForest,ALL_RELEASED,180,0.324731012231,0.259325693183,0.21121736614,0,0,Density,Tree,0,0
static,IForest,TSB_DRIFT,75,0.241318321705,0.249892441395,0.164123984493,0,0,Density,Tree,0,0
static,IForest,NON_DRIFT,105,0.384311505464,0.304880180132,0.227537214425,0,0,Density,Tree,0,0
static,IForest,MEASURED_SOURCE_ONLY,151,0.38185153066,0.307119799134,0.255956656134,0,0,Density,Tree,0,0
static,IForest,MEASURED_DRIFT,46,0.37623637078,0.313974214188,0.211390718493,0,0,Density,Tree,0,0
static,IForest,SIMULATED_SOURCE,28,0.0279506204759,0.0497379487871,0.0497379487871,0,0,Density,Tree,0,0
static,IForest,UNKNOWN_SOURCE,1,0.0093836986715,0.0093836986715,0.0093836986715,0,0,Density,Tree,0,0
static,PCA,ALL_RELEASED,180,0.372130994736,0.292104403501,0.23231134842,0,0,Density,Encoding,0,0
static,PCA,TSB_DRIFT,75,0.279853855695,0.28130816994,0.275819035616,0,0,Density,Encoding,0,0
static,PCA,NON_DRIFT,105,0.438043236909,0.334241769845,0.223621015845,0,0,Density,Encoding,0,0
static,PCA,MEASURED_SOURCE_ONLY,151,0.432081338036,0.332975803488,0.279164046777,0,0,Density,Encoding,0,0
static,PCA,MEASURED_DRIFT,46,0.418472655826,0.335289259852,0.312306925248,0,0,Density,Encoding,0,0
static,PCA,SIMULATED_SOURCE,28,0.0616460402669,0.145452864534,0.145452864534,0,0,Density,Encoding,0,0
static,PCA,UNKNOWN_SOURCE,1,0.0132078816237,0.0132078816237,0.0132078816237,0,0,Density,Encoding,0,0
static,Donut,ALL_RELEASED,180,0.226402360112,0.174502449094,0.152361617171,7,,UNKNOWN_STATIC_ONLY,unknown,,
static,Donut,TSB_DRIFT,75,0.171691232809,0.177672182303,0.127414386778,7,,UNKNOWN_STATIC_ONLY,unknown,,
static,Donut,NON_DRIFT,105,0.265481736758,0.223520428382,0.15864044182,0,,UNKNOWN_STATIC_ONLY,unknown,,
static,Donut,MEASURED_SOURCE_ONLY,151,0.261953242398,0.198541888147,0.160213955203,7,,UNKNOWN_STATIC_ONLY,unknown,,
static,Donut,MEASURED_DRIFT,46,0.25389907049,0.21227831694,0.139888001975,7,,UNKNOWN_STATIC_ONLY,unknown,,
static,Donut,SIMULATED_SOURCE,28,0.0426863867894,0.0923444062685,0.0923444062685,0,,UNKNOWN_STATIC_ONLY,unknown,,
static,Donut,UNKNOWN_SOURCE,1,0.00226638800345,0.00226638800345,0.00226638800345,0,,UNKNOWN_STATIC_ONLY,unknown,,
static,RobustPCA,ALL_RELEASED,180,0.240169890245,0.177602772443,0.0775512777389,0,0,Density,Encoding,0,0
static,RobustPCA,TSB_DRIFT,75,0.23123682865,0.205967785964,0.0733526784515,0,0,Density,Encoding,0,0
static,RobustPCA,NON_DRIFT,105,0.246550648528,0.256746042128,0.117407684626,0,0,Density,Encoding,0,0
static,RobustPCA,MEASURED_SOURCE_ONLY,151,0.27906323476,0.208042418712,0.115694069774,0,0,Density,Encoding,0,0
static,RobustPCA,MEASURED_DRIFT,46,0.353276746812,0.257092794797,0.129949084736,0,0,Density,Encoding,0,0
static,RobustPCA,SIMULATED_SOURCE,28,0.0389351530949,0.0524028804084,0.0524028804084,0,0,Density,Encoding,0,0
static,RobustPCA,UNKNOWN_SOURCE,1,0.00184750874722,0.00184750874722,0.00184750874722,0,0,Density,Encoding,0,0
static,LSTMAD,ALL_RELEASED,180,0.340439633331,0.321157654014,0.254462413518,0,1,Prediction,Forecasting,0,0
static,LSTMAD,TSB_DRIFT,75,0.33105644912,0.347908578304,0.288688941043,0,1,Prediction,Forecasting,0,0
static,LSTMAD,NON_DRIFT,105,0.347141907767,0.366014172837,0.284466952394,0,1,Prediction,Forecasting,0,0
static,LSTMAD,MEASURED_SOURCE_ONLY,151,0.396528658163,0.368098355386,0.29138763604,0,1,Prediction,Forecasting,0,0
static,LSTMAD,MEASURED_DRIFT,46,0.509259284067,0.421650837512,0.336039692523,0,1,Prediction,Forecasting,0,0
static,LSTMAD,SIMULATED_SOURCE,28,0.0453121614023,0.0858685226128,0.0858685226128,0,1,Prediction,Forecasting,0,0
static,LSTMAD,UNKNOWN_SOURCE,1,0.134566097603,0.134566097603,0.134566097603,0,1,Prediction,Forecasting,0,0
