removed,subset,series,families,series_mean_gap,series_median_gap,positive_series,negative_series,ties,equal_family_mean_gap,family_median_gap,positive_families,negative_families,oracle_series_mean_gap,oracle_streaming_wins
none,ALL_RELEASED,180,17,-0.0782662672499,-0.0624691583506,46,134,0,-0.0748672681028,-0.058915659894,['OPPORTUNITY'],"['CATSv2', 'CreditCard', 'Daphnet', 'Exathlon', 'GECCO', 'GHL', 'Genesis', 'LTDB', 'MITDB', 'MSL', 'PSM', 'SMAP', 'SMD', 'SVDB', 'SWaT', 'TAO']",-0.104641913369,22
none,TSB_DRIFT,75,13,-0.0399057425931,-0.000174828614765,35,40,0,-0.0477807684527,-0.0293435005236,"['MSL', 'OPPORTUNITY']","['CATSv2', 'CreditCard', 'Daphnet', 'Exathlon', 'GECCO', 'GHL', 'LTDB', 'SMAP', 'SMD', 'SWaT', 'TAO']",-0.0410559564051,18
none,NON_DRIFT,105,10,-0.105666642005,-0.0819645307152,11,94,0,-0.0852222485052,-0.0679363280108,[],"['Exathlon', 'Genesis', 'LTDB', 'MITDB', 'MSL', 'PSM', 'SMAP', 'SMD', 'SVDB', 'TAO']",-0.150060454057,4
none,MEASURED_SOURCE_ONLY,151,14,-0.0900718729978,-0.0716019477885,29,122,0,-0.0842964659986,-0.0656662051292,['OPPORTUNITY'],"['Daphnet', 'Exathlon', 'GECCO', 'Genesis', 'LTDB', 'MITDB', 'MSL', 'PSM', 'SMAP', 'SMD', 'SVDB', 'SWaT', 'TAO']",-0.111556505815,17
none,MEASURED_DRIFT,46,10,-0.0544751176559,-0.0100730391559,18,28,0,-0.0528556956116,-0.0379903426731,"['MSL', 'OPPORTUNITY']","['Daphnet', 'Exathlon', 'GECCO', 'LTDB', 'SMAP', 'SMD', 'SWaT', 'TAO']",-0.0236670587404,13
none,SIMULATED_SOURCE,28,2,-0.0171226478709,0.002253320298,17,11,0,-0.0424759459229,-0.0424759459229,[],"['CATSv2', 'GHL']",-0.0697193241734,5
none,UNKNOWN_SOURCE,1,1,-0.00764114192253,-0.00764114192253,0,1,0,-0.00764114192253,-0.00764114192253,[],['CreditCard'],-0.0383709514703,0
OPPORTUNITY,ALL_RELEASED,173,16,-0.0827160443346,-0.0631940773888,41,132,0,-0.081528147046,-0.0656662051292,[],"['CATSv2', 'CreditCard', 'Daphnet', 'Exathlon', 'GECCO', 'GHL', 'Genesis', 'LTDB', 'MITDB', 'MSL', 'PSM', 'SMAP', 'SMD', 'SVDB', 'SWaT', 'TAO']",-0.112850632266,18
OPPORTUNITY,TSB_DRIFT,68,12,-0.0472776214616,-0.001382899729,30,38,0,-0.0544047320727,-0.0379903426731,['MSL'],"['CATSv2', 'CreditCard', 'Daphnet', 'Exathlon', 'GECCO', 'GHL', 'LTDB', 'SMAP', 'SMD', 'SWaT', 'TAO']",-0.0553942897952,14
OPPORTUNITY,NON_DRIFT,105,10,-0.105666642005,-0.0819645307152,11,94,0,-0.0852222485052,-0.0679363280108,[],"['Exathlon', 'Genesis', 'LTDB', 'MITDB', 'MSL', 'PSM', 'SMAP', 'SMD', 'SVDB', 'TAO']",-0.150060454057,4
OPPORTUNITY,MEASURED_SOURCE_ONLY,144,13,-0.0959916693582,-0.0761036389367,24,120,0,-0.0932197937667,-0.0724167503644,[],"['Daphnet', 'Exathlon', 'GECCO', 'Genesis', 'LTDB', 'MITDB', 'MSL', 'PSM', 'SMAP', 'SMD', 'SVDB', 'SWaT', 'TAO']",-0.121754495512,13
OPPORTUNITY,MEASURED_DRIFT,39,9,-0.069943666079,-0.0508094014259,13,26,0,-0.0622515279004,-0.0466371848226,['MSL'],"['Daphnet', 'Exathlon', 'GECCO', 'LTDB', 'SMAP', 'SMD', 'SWaT', 'TAO']",-0.0455461455833,9
OPPORTUNITY,SIMULATED_SOURCE,28,2,-0.0171226478709,0.002253320298,17,11,0,-0.0424759459229,-0.0424759459229,[],"['CATSv2', 'GHL']",-0.0697193241734,5
OPPORTUNITY,UNKNOWN_SOURCE,1,1,-0.00764114192253,-0.00764114192253,0,1,0,-0.00764114192253,-0.00764114192253,[],['CreditCard'],-0.0383709514703,0
GHL,ALL_RELEASED,157,16,-0.0892870446649,-0.0716019477885,29,128,0,-0.0793566297164,-0.0656662051292,['OPPORTUNITY'],"['CATSv2', 'CreditCard', 'Daphnet', 'Exathlon', 'GECCO', 'Genesis', 'LTDB', 'MITDB', 'MSL', 'PSM', 'SMAP', 'SMD', 'SVDB', 'SWaT', 'TAO']",-0.111719555429,17
GHL,TSB_DRIFT,52,12,-0.0562128577287,-0.0161459982026,18,34,0,-0.0515093756332,-0.0379903426731,"['MSL', 'OPPORTUNITY']","['CATSv2', 'CreditCard', 'Daphnet', 'Exathlon', 'GECCO', 'LTDB', 'SMAP', 'SMD', 'SWaT', 'TAO']",-0.0343004331995,13
GHL,NON_DRIFT,105,10,-0.105666642005,-0.0819645307152,11,94,0,-0.0852222485052,-0.0679363280108,[],"['Exathlon', 'Genesis', 'LTDB', 'MITDB', 'MSL', 'PSM', 'SMAP', 'SMD', 'SVDB', 'TAO']",-0.150060454057,4
GHL,MEASURED_SOURCE_ONLY,151,14,-0.0900718729978,-0.0716019477885,29,122,0,-0.0842964659986,-0.0656662051292,['OPPORTUNITY'],"['Daphnet', 'Exathlon', 'GECCO', 'Genesis', 'LTDB', 'MITDB', 'MSL', 'PSM', 'SMAP', 'SMD', 'SVDB', 'SWaT', 'TAO']",-0.111556505815,17
GHL,MEASURED_DRIFT,46,10,-0.0544751176559,-0.0100730391559,18,28,0,-0.0528556956116,-0.0379903426731,"['MSL', 'OPPORTUNITY']","['Daphnet', 'Exathlon', 'GECCO', 'LTDB', 'SMAP', 'SMD', 'SWaT', 'TAO']",-0.0236670587404,13
GHL,SIMULATED_SOURCE,5,1,-0.0819144095593,-0.0800712436184,0,5,0,-0.0819144095593,-0.0819144095593,[],['CATSv2'],-0.131313374569,0
GHL,UNKNOWN_SOURCE,1,1,-0.00764114192253,-0.00764114192253,0,1,0,-0.00764114192253,-0.00764114192253,[],['CreditCard'],-0.0383709514703,0
SMD,ALL_RELEASED,160,16,-0.0818312269378,-0.0628539668433,38,122,0,-0.0764373105001,-0.0656662051292,['OPPORTUNITY'],"['CATSv2', 'CreditCard', 'Daphnet', 'Exathlon', 'GECCO', 'GHL', 'Genesis', 'LTDB', 'MITDB', 'MSL', 'PSM', 'SMAP', 'SVDB', 'SWaT', 'TAO']",-0.109479289513,18
SMD,TSB_DRIFT,60,12,-0.0382228820357,-0.000135408597214,28,32,0,-0.0478760670885,-0.0184923212231,"['MSL', 'OPPORTUNITY']","['CATSv2', 'CreditCard', 'Daphnet', 'Exathlon', 'GECCO', 'GHL', 'LTDB', 'SMAP', 'SWaT', 'TAO']",-0.0366562307038,14
SMD,NON_DRIFT,100,9,-0.107996233879,-0.0802717041456,10,90,0,-0.0881275200593,-0.0767978515031,[],"['Exathlon', 'Genesis', 'LTDB', 'MITDB', 'MSL', 'PSM', 'SMAP', 'SVDB', 'TAO']",-0.153173124798,4
SMD,MEASURED_SOURCE_ONLY,131,13,-0.0962284047919,-0.0724167503644,21,110,0,-0.0869541487872,-0.0724167503644,['OPPORTUNITY'],"['Daphnet', 'Exathlon', 'GECCO', 'Genesis', 'LTDB', 'MITDB', 'MSL', 'PSM', 'SMAP', 'SVDB', 'SWaT', 'TAO']",-0.118520414456,13
SMD,MEASURED_DRIFT,31,9,-0.0582676658011,-0.00966488718094,11,20,0,-0.0535466412549,-0.0293435005236,"['MSL', 'OPPORTUNITY']","['Daphnet', 'Exathlon', 'GECCO', 'LTDB', 'SMAP', 'SWaT', 'TAO']",-0.00673747786796,9
SMD,SIMULATED_SOURCE,28,2,-0.0171226478709,0.002253320298,17,11,0,-0.0424759459229,-0.0424759459229,[],"['CATSv2', 'GHL']",-0.0697193241734,5
SMD,UNKNOWN_SOURCE,1,1,-0.00764114192253,-0.00764114192253,0,1,0,-0.00764114192253,-0.00764114192253,[],['CreditCard'],-0.0383709514703,0
SMAP+MSL,ALL_RELEASED,141,15,-0.0734614017304,-0.0578635094875,34,107,0,-0.0736312815794,-0.058915659894,['OPPORTUNITY'],"['CATSv2', 'CreditCard', 'Daphnet', 'Exathlon', 'GECCO', 'GHL', 'Genesis', 'LTDB', 'MITDB', 'PSM', 'SMD', 'SVDB', 'SWaT', 'TAO']",-0.0813206874864,16
SMAP+MSL,TSB_DRIFT,69,11,-0.0451798988993,-0.00137534853956,32,37,0,-0.0683651266448,-0.0466371848226,['OPPORTUNITY'],"['CATSv2', 'CreditCard', 'Daphnet', 'Exathlon', 'GECCO', 'GHL', 'LTDB', 'SMD', 'SWaT', 'TAO']",-0.0416411836947,14
SMAP+MSL,NON_DRIFT,72,8,-0.10056450861,-0.0792025730448,2,70,0,-0.079949276157,-0.0679363280108,[],"['Exathlon', 'Genesis', 'LTDB', 'MITDB', 'PSM', 'SMD', 'SVDB', 'TAO']",-0.11934687862,2
SMAP+MSL,MEASURED_SOURCE_ONLY,112,12,-0.0881337710865,-0.0711079351025,17,95,0,-0.0843230158269,-0.0656662051292,['OPPORTUNITY'],"['Daphnet', 'Exathlon', 'GECCO', 'Genesis', 'LTDB', 'MITDB', 'PSM', 'SMD', 'SVDB', 'SWaT', 'TAO']",-0.0846045081006,11
SMAP+MSL,MEASURED_DRIFT,40,8,-0.0657584435436,-0.0304092541356,15,25,0,-0.0824279199156,-0.0595269675935,['OPPORTUNITY'],"['Daphnet', 'Exathlon', 'GECCO', 'LTDB', 'SMD', 'SWaT', 'TAO']",-0.0220682411653,9
SMAP+MSL,SIMULATED_SOURCE,28,2,-0.0171226478709,0.002253320298,17,11,0,-0.0424759459229,-0.0424759459229,[],"['CATSv2', 'GHL']",-0.0697193241734,5
SMAP+MSL,UNKNOWN_SOURCE,1,1,-0.00764114192253,-0.00764114192253,0,1,0,-0.00764114192253,-0.00764114192253,[],['CreditCard'],-0.0383709514703,0
GHL+CATSv2,ALL_RELEASED,152,15,-0.0895295655566,-0.0711079351025,29,123,0,-0.0791861110602,-0.058915659894,['OPPORTUNITY'],"['CreditCard', 'Daphnet', 'Exathlon', 'GECCO', 'Genesis', 'LTDB', 'MITDB', 'MSL', 'PSM', 'SMAP', 'SMD', 'SVDB', 'SWaT', 'TAO']",-0.111075021905,17
GHL+CATSv2,TSB_DRIFT,47,11,-0.0534786500871,-0.00966488718094,18,29,0,-0.0487452816399,-0.0293435005236,"['MSL', 'OPPORTUNITY']","['CreditCard', 'Daphnet', 'Exathlon', 'GECCO', 'LTDB', 'SMAP', 'SMD', 'SWaT', 'TAO']",-0.0239799075219,13
GHL+CATSv2,NON_DRIFT,105,10,-0.105666642005,-0.0819645307152,11,94,0,-0.0852222485052,-0.0679363280108,[],"['Exathlon', 'Genesis', 'LTDB', 'MITDB', 'MSL', 'PSM', 'SMAP', 'SMD', 'SVDB', 'TAO']",-0.150060454057,4
GHL+CATSv2,MEASURED_SOURCE_ONLY,151,14,-0.0900718729978,-0.0716019477885,29,122,0,-0.0842964659986,-0.0656662051292,['OPPORTUNITY'],"['Daphnet', 'Exathlon', 'GECCO', 'Genesis', 'LTDB', 'MITDB', 'MSL', 'PSM', 'SMAP', 'SMD', 'SVDB', 'SWaT', 'TAO']",-0.111556505815,17
GHL+CATSv2,MEASURED_DRIFT,46,10,-0.0544751176559,-0.0100730391559,18,28,0,-0.0528556956116,-0.0379903426731,"['MSL', 'OPPORTUNITY']","['Daphnet', 'Exathlon', 'GECCO', 'LTDB', 'SMAP', 'SMD', 'SWaT', 'TAO']",-0.0236670587404,13
GHL+CATSv2,UNKNOWN_SOURCE,1,1,-0.00764114192253,-0.00764114192253,0,1,0,-0.00764114192253,-0.00764114192253,[],['CreditCard'],-0.0383709514703,0
CATSv2,ALL_RELEASED,175,16,-0.0781620346125,-0.0623259467275,46,129,0,-0.0744268217618,-0.0566540842554,['OPPORTUNITY'],"['CreditCard', 'Daphnet', 'Exathlon', 'GECCO', 'GHL', 'Genesis', 'LTDB', 'MITDB', 'MSL', 'PSM', 'SMAP', 'SMD', 'SVDB', 'SWaT', 'TAO']",-0.10387987162,22
CATSv2,TSB_DRIFT,70,12,-0.0369051235241,0.000362409754245,35,35,0,-0.0449362983605,-0.0184923212231,"['MSL', 'OPPORTUNITY']","['CreditCard', 'Daphnet', 'Exathlon', 'GECCO', 'GHL', 'LTDB', 'SMAP', 'SMD', 'SWaT', 'TAO']",-0.0346089979649,18
CATSv2,NON_DRIFT,105,10,-0.105666642005,-0.0819645307152,11,94,0,-0.0852222485052,-0.0679363280108,[],"['Exathlon', 'Genesis', 'LTDB', 'MITDB', 'MSL', 'PSM', 'SMAP', 'SMD', 'SVDB', 'TAO']",-0.150060454057,4
CATSv2,MEASURED_SOURCE_ONLY,151,14,-0.0900718729978,-0.0716019477885,29,122,0,-0.0842964659986,-0.0656662051292,['OPPORTUNITY'],"['Daphnet', 'Exathlon', 'GECCO', 'Genesis', 'LTDB', 'MITDB', 'MSL', 'PSM', 'SMAP', 'SMD', 'SVDB', 'SWaT', 'TAO']",-0.111556505815,17
CATSv2,MEASURED_DRIFT,46,10,-0.0544751176559,-0.0100730391559,18,28,0,-0.0528556956116,-0.0379903426731,"['MSL', 'OPPORTUNITY']","['Daphnet', 'Exathlon', 'GECCO', 'LTDB', 'SMAP', 'SMD', 'SWaT', 'TAO']",-0.0236670587404,13
CATSv2,SIMULATED_SOURCE,23,1,-0.0030374822865,0.00279030266409,17,6,0,-0.0030374822865,-0.0030374822865,[],['GHL'],-0.0563293132178,5
CATSv2,UNKNOWN_SOURCE,1,1,-0.00764114192253,-0.00764114192253,0,1,0,-0.00764114192253,-0.00764114192253,[],['CreditCard'],-0.0383709514703,0
CreditCard,ALL_RELEASED,179,16,-0.0786608210227,-0.0626123699738,46,133,0,-0.0790689009891,-0.0656662051292,['OPPORTUNITY'],"['CATSv2', 'Daphnet', 'Exathlon', 'GECCO', 'GHL', 'Genesis', 'LTDB', 'MITDB', 'MSL', 'PSM', 'SMAP', 'SMD', 'SVDB', 'SWaT', 'TAO']",-0.105012142206,22
CreditCard,TSB_DRIFT,74,12,-0.0403417507103,-0.000135408597214,35,39,0,-0.0511257373302,-0.0379903426731,"['MSL', 'OPPORTUNITY']","['CATSv2', 'Daphnet', 'Exathlon', 'GECCO', 'GHL', 'LTDB', 'SMAP', 'SMD', 'SWaT', 'TAO']",-0.0410922402556,18
CreditCard,NON_DRIFT,105,10,-0.105666642005,-0.0819645307152,11,94,0,-0.0852222485052,-0.0679363280108,[],"['Exathlon', 'Genesis', 'LTDB', 'MITDB', 'MSL', 'PSM', 'SMAP', 'SMD', 'SVDB', 'TAO']",-0.150060454057,4
CreditCard,MEASURED_SOURCE_ONLY,151,14,-0.0900718729978,-0.0716019477885,29,122,0,-0.0842964659986,-0.0656662051292,['OPPORTUNITY'],"['Daphnet', 'Exathlon', 'GECCO', 'Genesis', 'LTDB', 'MITDB', 'MSL', 'PSM', 'SMAP', 'SMD', 'SVDB', 'SWaT', 'TAO']",-0.111556505815,17
CreditCard,MEASURED_DRIFT,46,10,-0.0544751176559,-0.0100730391559,18,28,0,-0.0528556956116,-0.0379903426731,"['MSL', 'OPPORTUNITY']","['Daphnet', 'Exathlon', 'GECCO', 'LTDB', 'SMAP', 'SMD', 'SWaT', 'TAO']",-0.0236670587404,13
CreditCard,SIMULATED_SOURCE,28,2,-0.0171226478709,0.002253320298,17,11,0,-0.0424759459229,-0.0424759459229,[],"['CATSv2', 'GHL']",-0.0697193241734,5
Daphnet,ALL_RELEASED,179,16,-0.0782989461152,-0.0623259467275,46,133,0,-0.0750204254615,-0.0566540842554,['OPPORTUNITY'],"['CATSv2', 'CreditCard', 'Exathlon', 'GECCO', 'GHL', 'Genesis', 'LTDB', 'MITDB', 'MSL', 'PSM', 'SMAP', 'SMD', 'SVDB', 'SWaT', 'TAO']",-0.104658213607,22
Daphnet,TSB_DRIFT,74,12,-0.0394664046502,-0.000135408597214,35,39,0,-0.04572776996,-0.0184923212231,"['MSL', 'OPPORTUNITY']","['CATSv2', 'CreditCard', 'Exathlon', 'GECCO', 'GHL', 'LTDB', 'SMAP', 'SMD', 'SWaT', 'TAO']",-0.0402361156702,18
Daphnet,NON_DRIFT,105,10,-0.105666642005,-0.0819645307152,11,94,0,-0.0852222485052,-0.0679363280108,[],"['Exathlon', 'Genesis', 'LTDB', 'MITDB', 'MSL', 'PSM', 'SMAP', 'SMD', 'SVDB', 'TAO']",-0.150060454057,4
Daphnet,MEASURED_SOURCE_ONLY,150,13,-0.0901895738154,-0.0711079351025,29,121,0,-0.0852102902781,-0.058915659894,['OPPORTUNITY'],"['Exathlon', 'GECCO', 'Genesis', 'LTDB', 'MITDB', 'MSL', 'PSM', 'SMAP', 'SMD', 'SVDB', 'SWaT', 'TAO']",-0.111622054715,17
Daphnet,MEASURED_DRIFT,45,9,-0.0540764147068,-0.00966488718094,18,27,0,-0.0506822450836,-0.0293435005236,"['MSL', 'OPPORTUNITY']","['Exathlon', 'GECCO', 'LTDB', 'SMAP', 'SMD', 'SWaT', 'TAO']",-0.0219324562504,13
Daphnet,SIMULATED_SOURCE,28,2,-0.0171226478709,0.002253320298,17,11,0,-0.0424759459229,-0.0424759459229,[],"['CATSv2', 'GHL']",-0.0697193241734,5
Daphnet,UNKNOWN_SOURCE,1,1,-0.00764114192253,-0.00764114192253,0,1,0,-0.00764114192253,-0.00764114192253,[],['CreditCard'],-0.0383709514703,0
Exathlon,ALL_RELEASED,155,16,-0.0714211884759,-0.0503373171404,44,111,0,-0.0720023626312,-0.0566540842554,['OPPORTUNITY'],"['CATSv2', 'CreditCard', 'Daphnet', 'GECCO', 'GHL', 'Genesis', 'LTDB', 'MITDB', 'MSL', 'PSM', 'SMAP', 'SMD', 'SVDB', 'SWaT', 'TAO']",-0.120211796066,21
Exathlon,TSB_DRIFT,70,12,-0.0406601884552,-0.000135408597214,33,37,0,-0.0493172074468,-0.0271391633726,"['MSL', 'OPPORTUNITY']","['CATSv2', 'CreditCard', 'Daphnet', 'GECCO', 'GHL', 'LTDB', 'SMAP', 'SMD', 'SWaT', 'TAO']",-0.0426362456795,17
Exathlon,NON_DRIFT,85,9,-0.0967537767283,-0.0782324711318,11,74,0,-0.0787417961803,-0.0590748045184,[],"['Genesis', 'LTDB', 'MITDB', 'MSL', 'PSM', 'SMAP', 'SMD', 'SVDB', 'TAO']",-0.184097543443,4
Exathlon,MEASURED_SOURCE_ONLY,126,13,-0.0839937216782,-0.0702623868392,27,99,0,-0.0814957514101,-0.058915659894,['OPPORTUNITY'],"['Daphnet', 'GECCO', 'Genesis', 'LTDB', 'MITDB', 'MSL', 'PSM', 'SMAP', 'SMD', 'SVDB', 'SWaT', 'TAO']",-0.132081875888,16
Exathlon,MEASURED_DRIFT,41,9,-0.0575399490135,-0.0503373171404,16,25,0,-0.0554681617325,-0.0466371848226,"['MSL', 'OPPORTUNITY']","['Daphnet', 'GECCO', 'LTDB', 'SMAP', 'SMD', 'SWaT', 'TAO']",-0.0242445163229,12
Exathlon,SIMULATED_SOURCE,28,2,-0.0171226478709,0.002253320298,17,11,0,-0.0424759459229,-0.0424759459229,[],"['CATSv2', 'GHL']",-0.0697193241734,5
Exathlon,UNKNOWN_SOURCE,1,1,-0.00764114192253,-0.00764114192253,0,1,0,-0.00764114192253,-0.00764114192253,[],['CreditCard'],-0.0383709514703,0
GECCO,ALL_RELEASED,179,16,-0.0780353164796,-0.0623259467275,46,133,0,-0.0720710689138,-0.0566540842554,['OPPORTUNITY'],"['CATSv2', 'CreditCard', 'Daphnet', 'Exathlon', 'GHL', 'Genesis', 'LTDB', 'MITDB', 'MSL', 'PSM', 'SMAP', 'SMD', 'SVDB', 'SWaT', 'TAO']",-0.103672644462,22
GECCO,TSB_DRIFT,74,12,-0.0388287059372,-0.000135408597214,35,39,0,-0.0417952945631,-0.0184923212231,"['MSL', 'OPPORTUNITY']","['CATSv2', 'CreditCard', 'Daphnet', 'Exathlon', 'GHL', 'LTDB', 'SMAP', 'SMD', 'SWaT', 'TAO']",-0.037852103821,18
GECCO,NON_DRIFT,105,10,-0.105666642005,-0.0819645307152,11,94,0,-0.0852222485052,-0.0679363280108,[],"['Exathlon', 'Genesis', 'LTDB', 'MITDB', 'MSL', 'PSM', 'SMAP', 'SMD', 'SVDB', 'TAO']",-0.150060454057,4
GECCO,MEASURED_SOURCE_ONLY,150,13,-0.0898749757836,-0.0711079351025,29,121,0,-0.0815803129886,-0.058915659894,['OPPORTUNITY'],"['Daphnet', 'Exathlon', 'Genesis', 'LTDB', 'MITDB', 'MSL', 'PSM', 'SMAP', 'SMD', 'SVDB', 'SWaT', 'TAO']",-0.110445942203,17
GECCO,MEASURED_DRIFT,45,9,-0.053027754601,-0.00966488718094,18,27,0,-0.0454389445543,-0.0293435005236,"['MSL', 'OPPORTUNITY']","['Daphnet', 'Exathlon', 'LTDB', 'SMAP', 'SMD', 'SWaT', 'TAO']",-0.0180120812095,13
GECCO,SIMULATED_SOURCE,28,2,-0.0171226478709,0.002253320298,17,11,0,-0.0424759459229,-0.0424759459229,[],"['CATSv2', 'GHL']",-0.0697193241734,5
GECCO,UNKNOWN_SOURCE,1,1,-0.00764114192253,-0.00764114192253,0,1,0,-0.00764114192253,-0.00764114192253,[],['CreditCard'],-0.0383709514703,0
Genesis,ALL_RELEASED,179,16,-0.0786098938688,-0.0626123699738,46,133,0,-0.0784991534545,-0.0656662051292,['OPPORTUNITY'],"['CATSv2', 'CreditCard', 'Daphnet', 'Exathlon', 'GECCO', 'GHL', 'LTDB', 'MITDB', 'MSL', 'PSM', 'SMAP', 'SMD', 'SVDB', 'SWaT', 'TAO']",-0.105333644843,21
Genesis,TSB_DRIFT,75,13,-0.0399057425931,-0.000174828614765,35,40,0,-0.0477807684527,-0.0293435005236,"['MSL', 'OPPORTUNITY']","['CATSv2', 'CreditCard', 'Daphnet', 'Exathlon', 'GECCO', 'GHL', 'LTDB', 'SMAP', 'SMD', 'SWaT', 'TAO']",-0.0410559564051,18
Genesis,NON_DRIFT,104,9,-0.106521541423,-0.0829605604756,11,93,0,-0.0928294869529,-0.0767978515031,[],"['Exathlon', 'LTDB', 'MITDB', 'MSL', 'PSM', 'SMAP', 'SMD', 'SVDB', 'TAO']",-0.151687747083,3
Genesis,MEASURED_SOURCE_ONLY,150,13,-0.0905606381347,-0.0720093490765,29,121,0,-0.0894918016541,-0.0724167503644,['OPPORTUNITY'],"['Daphnet', 'Exathlon', 'GECCO', 'LTDB', 'MITDB', 'MSL', 'PSM', 'SMAP', 'SMD', 'SVDB', 'SWaT', 'TAO']",-0.112428069324,16
Genesis,MEASURED_DRIFT,46,10,-0.0544751176559,-0.0100730391559,18,28,0,-0.0528556956116,-0.0379903426731,"['MSL', 'OPPORTUNITY']","['Daphnet', 'Exathlon', 'GECCO', 'LTDB', 'SMAP', 'SMD', 'SWaT', 'TAO']",-0.0236670587404,13
Genesis,SIMULATED_SOURCE,28,2,-0.0171226478709,0.002253320298,17,11,0,-0.0424759459229,-0.0424759459229,[],"['CATSv2', 'GHL']",-0.0697193241734,5
Genesis,UNKNOWN_SOURCE,1,1,-0.00764114192253,-0.00764114192253,0,1,0,-0.00764114192253,-0.00764114192253,[],['CreditCard'],-0.0383709514703,0
LTDB,ALL_RELEASED,176,16,-0.0787060537807,-0.0628539668433,46,130,0,-0.0758642436159,-0.0634046294906,['OPPORTUNITY'],"['CATSv2', 'CreditCard', 'Daphnet', 'Exathlon', 'GECCO', 'GHL', 'Genesis', 'MITDB', 'MSL', 'PSM', 'SMAP', 'SMD', 'SVDB', 'SWaT', 'TAO']",-0.105001308403,22
LTDB,TSB_DRIFT,74,12,-0.0403738055326,-0.000135408597214,35,39,0,-0.0513234087348,-0.0379903426731,"['MSL', 'OPPORTUNITY']","['CATSv2', 'CreditCard', 'Daphnet', 'Exathlon', 'GECCO', 'GHL', 'SMAP', 'SMD', 'SWaT', 'TAO']",-0.041421041182,18
LTDB,NON_DRIFT,102,9,-0.106515724078,-0.0829605604756,11,91,0,-0.0861582926166,-0.0590748045184,[],"['Exathlon', 'Genesis', 'MITDB', 'MSL', 'PSM', 'SMAP', 'SMD', 'SVDB', 'TAO']",-0.151128168936,4
LTDB,MEASURED_SOURCE_ONLY,147,13,-0.0909196611095,-0.0724167503644,29,118,0,-0.0862488356989,-0.0724167503644,['OPPORTUNITY'],"['Daphnet', 'Exathlon', 'GECCO', 'Genesis', 'MITDB', 'MSL', 'PSM', 'SMAP', 'SMD', 'SVDB', 'SWaT', 'TAO']",-0.112174954086,17
LTDB,MEASURED_DRIFT,45,9,-0.0555685850468,-0.0104811911308,18,27,0,-0.0581430967833,-0.0466371848226,"['MSL', 'OPPORTUNITY']","['Daphnet', 'Exathlon', 'GECCO', 'SMAP', 'SMD', 'SWaT', 'TAO']",-0.0238810004254,13
LTDB,SIMULATED_SOURCE,28,2,-0.0171226478709,0.002253320298,17,11,0,-0.0424759459229,-0.0424759459229,[],"['CATSv2', 'GHL']",-0.0697193241734,5
LTDB,UNKNOWN_SOURCE,1,1,-0.00764114192253,-0.00764114192253,0,1,0,-0.00764114192253,-0.00764114192253,[],['CreditCard'],-0.0383709514703,0
MITDB,ALL_RELEASED,169,16,-0.0798201805337,-0.0626123699738,45,124,0,-0.0761469405707,-0.0656662051292,['OPPORTUNITY'],"['CATSv2', 'CreditCard', 'Daphnet', 'Exathlon', 'GECCO', 'GHL', 'Genesis', 'LTDB', 'MSL', 'PSM', 'SMAP', 'SMD', 'SVDB', 'SWaT', 'TAO']",-0.10667709671,21
MITDB,TSB_DRIFT,75,13,-0.0399057425931,-0.000174828614765,35,40,0,-0.0477807684527,-0.0293435005236,"['MSL', 'OPPORTUNITY']","['CATSv2', 'CreditCard', 'Daphnet', 'Exathlon', 'GECCO', 'GHL', 'LTDB', 'SMAP', 'SMD', 'SWaT', 'TAO']",-0.0410559564051,18
MITDB,NON_DRIFT,94,9,-0.11166680655,-0.0880165201031,10,84,0,-0.0886477751595,-0.0767978515031,[],"['Exathlon', 'Genesis', 'LTDB', 'MSL', 'PSM', 'SMAP', 'SMD', 'SVDB', 'TAO']",-0.159034389506,3
MITDB,MEASURED_SOURCE_ONLY,140,13,-0.0928752516278,-0.0761036389367,28,112,0,-0.0865967704125,-0.0724167503644,['OPPORTUNITY'],"['Daphnet', 'Exathlon', 'GECCO', 'Genesis', 'LTDB', 'MSL', 'PSM', 'SMAP', 'SMD', 'SVDB', 'SWaT', 'TAO']",-0.114556552255,16
MITDB,MEASURED_DRIFT,46,10,-0.0544751176559,-0.0100730391559,18,28,0,-0.0528556956116,-0.0379903426731,"['MSL', 'OPPORTUNITY']","['Daphnet', 'Exathlon', 'GECCO', 'LTDB', 'SMAP', 'SMD', 'SWaT', 'TAO']",-0.0236670587404,13
MITDB,SIMULATED_SOURCE,28,2,-0.0171226478709,0.002253320298,17,11,0,-0.0424759459229,-0.0424759459229,[],"['CATSv2', 'GHL']",-0.0697193241734,5
MITDB,UNKNOWN_SOURCE,1,1,-0.00764114192253,-0.00764114192253,0,1,0,-0.00764114192253,-0.00764114192253,[],['CreditCard'],-0.0383709514703,0
MSL,ALL_RELEASED,166,16,-0.0812099554704,-0.0631448205508,38,128,0,-0.0768363138909,-0.0656662051292,['OPPORTUNITY'],"['CATSv2', 'CreditCard', 'Daphnet', 'Exathlon', 'GECCO', 'GHL', 'Genesis', 'LTDB', 'MITDB', 'PSM', 'SMAP', 'SMD', 'SVDB', 'SWaT', 'TAO']",-0.103030620083,20
MSL,TSB_DRIFT,74,12,-0.0422350421094,-0.000775088577163,34,40,0,-0.0628010342919,-0.0379903426731,['OPPORTUNITY'],"['CATSv2', 'CreditCard', 'Daphnet', 'Exathlon', 'GECCO', 'GHL', 'LTDB', 'SMAP', 'SMD', 'SWaT', 'TAO']",-0.0453084065012,17
MSL,NON_DRIFT,92,9,-0.112559342304,-0.0841969717647,4,88,0,-0.0883705503176,-0.0767978515031,[],"['Exathlon', 'Genesis', 'LTDB', 'MITDB', 'PSM', 'SMAP', 'SMD', 'SVDB', 'TAO']",-0.149459357095,3
MSL,MEASURED_SOURCE_ONLY,137,13,-0.0948450899691,-0.0739748067416,21,116,0,-0.0874452298836,-0.0724167503644,['OPPORTUNITY'],"['Daphnet', 'Exathlon', 'GECCO', 'Genesis', 'LTDB', 'MITDB', 'PSM', 'SMAP', 'SMD', 'SVDB', 'SWaT', 'TAO']",-0.110310736536,15
MSL,MEASURED_DRIFT,45,9,-0.0586292851953,-0.0104811911308,17,28,0,-0.073446597526,-0.0466371848226,['OPPORTUNITY'],"['Daphnet', 'Exathlon', 'GECCO', 'LTDB', 'SMAP', 'SMD', 'SWaT', 'TAO']",-0.0302735567281,12
MSL,SIMULATED_SOURCE,28,2,-0.0171226478709,0.002253320298,17,11,0,-0.0424759459229,-0.0424759459229,[],"['CATSv2', 'GHL']",-0.0697193241734,5
MSL,UNKNOWN_SOURCE,1,1,-0.00764114192253,-0.00764114192253,0,1,0,-0.00764114192253,-0.00764114192253,[],['CreditCard'],-0.0383709514703,0
PSM,ALL_RELEASED,179,16,-0.0784909831371,-0.0626123699738,46,133,0,-0.0771688396443,-0.0656662051292,['OPPORTUNITY'],"['CATSv2', 'CreditCard', 'Daphnet', 'Exathlon', 'GECCO', 'GHL', 'Genesis', 'LTDB', 'MITDB', 'MSL', 'SMAP', 'SMD', 'SVDB', 'SWaT', 'TAO']",-0.104345372914,22
PSM,TSB_DRIFT,75,13,-0.0399057425931,-0.000174828614765,35,40,0,-0.0477807684527,-0.0293435005236,"['MSL', 'OPPORTUNITY']","['CATSv2', 'CreditCard', 'Daphnet', 'Exathlon', 'GECCO', 'GHL', 'LTDB', 'SMAP', 'SMD', 'SWaT', 'TAO']",-0.0410559564051,18
PSM,NON_DRIFT,104,9,-0.10631687776,-0.0829605604756,11,93,0,-0.0904644846237,-0.0767978515031,[],"['Exathlon', 'Genesis', 'LTDB', 'MITDB', 'MSL', 'SMAP', 'SMD', 'SVDB', 'TAO']",-0.149986779051,4
PSM,MEASURED_SOURCE_ONLY,150,13,-0.0904187379949,-0.0720093490765,29,121,0,-0.0878544923493,-0.0724167503644,['OPPORTUNITY'],"['Daphnet', 'Exathlon', 'GECCO', 'Genesis', 'LTDB', 'MITDB', 'MSL', 'SMAP', 'SMD', 'SVDB', 'SWaT', 'TAO']",-0.111248731489,17
PSM,MEASURED_DRIFT,46,10,-0.0544751176559,-0.0100730391559,18,28,0,-0.0528556956116,-0.0379903426731,"['MSL', 'OPPORTUNITY']","['Daphnet', 'Exathlon', 'GECCO', 'LTDB', 'SMAP', 'SMD', 'SWaT', 'TAO']",-0.0236670587404,13
PSM,SIMULATED_SOURCE,28,2,-0.0171226478709,0.002253320298,17,11,0,-0.0424759459229,-0.0424759459229,[],"['CATSv2', 'GHL']",-0.0697193241734,5
PSM,UNKNOWN_SOURCE,1,1,-0.00764114192253,-0.00764114192253,0,1,0,-0.00764114192253,-0.00764114192253,[],['CreditCard'],-0.0383709514703,0
SMAP,ALL_RELEASED,155,16,-0.0707427944574,-0.0562623377844,42,113,0,-0.071739484949,-0.0566540842554,['OPPORTUNITY'],"['CATSv2', 'CreditCard', 'Daphnet', 'Exathlon', 'GECCO', 'GHL', 'Genesis', 'LTDB', 'MITDB', 'MSL', 'PSM', 'SMD', 'SVDB', 'SWaT', 'TAO']",-0.0851527639237,18
SMAP,TSB_DRIFT,70,12,-0.0426421514634,-0.000735668559612,33,37,0,-0.051629497623,-0.0379903426731,"['MSL', 'OPPORTUNITY']","['CATSv2', 'CreditCard', 'Daphnet', 'Exathlon', 'GECCO', 'GHL', 'LTDB', 'SMD', 'SWaT', 'TAO']",-0.0371373760605,15
SMAP,NON_DRIFT,85,9,-0.0938845004525,-0.0782324711318,9,76,0,-0.0773868601611,-0.0590748045184,[],"['Exathlon', 'Genesis', 'LTDB', 'MITDB', 'MSL', 'PSM', 'SMD', 'SVDB', 'TAO']",-0.124694848046,3
SMAP,MEASURED_SOURCE_ONLY,126,13,-0.0831591893539,-0.0702623868392,25,101,0,-0.0811722096474,-0.058915659894,['OPPORTUNITY'],"['Daphnet', 'Exathlon', 'GECCO', 'Genesis', 'LTDB', 'MITDB', 'MSL', 'PSM', 'SMD', 'SVDB', 'SWaT', 'TAO']",-0.0889537014274,13
SMAP,MEASURED_DRIFT,41,9,-0.0609237882958,-0.0104811911308,16,25,0,-0.0585512153008,-0.0466371848226,"['MSL', 'OPPORTUNITY']","['Daphnet', 'Exathlon', 'GECCO', 'LTDB', 'SMD', 'SWaT', 'TAO']",-0.0148562023392,10
SMAP,SIMULATED_SOURCE,28,2,-0.0171226478709,0.002253320298,17,11,0,-0.0424759459229,-0.0424759459229,[],"['CATSv2', 'GHL']",-0.0697193241734,5
SMAP,UNKNOWN_SOURCE,1,1,-0.00764114192253,-0.00764114192253,0,1,0,-0.00764114192253,-0.00764114192253,[],['CreditCard'],-0.0383709514703,0
SVDB,ALL_RELEASED,152,16,-0.074720386638,-0.051516240085,46,106,0,-0.07345176402,-0.0566540842554,['OPPORTUNITY'],"['CATSv2', 'CreditCard', 'Daphnet', 'Exathlon', 'GECCO', 'GHL', 'Genesis', 'LTDB', 'MITDB', 'MSL', 'PSM', 'SMAP', 'SMD', 'SWaT', 'TAO']",-0.0795249817168,22
SVDB,TSB_DRIFT,75,13,-0.0399057425931,-0.000174828614765,35,40,0,-0.0477807684527,-0.0293435005236,"['MSL', 'OPPORTUNITY']","['CATSv2', 'CreditCard', 'Daphnet', 'Exathlon', 'GECCO', 'GHL', 'LTDB', 'SMAP', 'SMD', 'SWaT', 'TAO']",-0.0410559564051,18
SVDB,NON_DRIFT,77,9,-0.108630754214,-0.0892118672739,11,66,0,-0.0838563501804,-0.0590748045184,[],"['Exathlon', 'Genesis', 'LTDB', 'MITDB', 'MSL', 'PSM', 'SMAP', 'SMD', 'TAO']",-0.116994811566,4
SVDB,MEASURED_SOURCE_ONLY,123,13,-0.0883774267209,-0.0703501938766,29,94,0,-0.0832796300424,-0.058915659894,['OPPORTUNITY'],"['Daphnet', 'Exathlon', 'GECCO', 'Genesis', 'LTDB', 'MITDB', 'MSL', 'PSM', 'SMAP', 'SMD', 'SWaT', 'TAO']",-0.0820917495336,17
SVDB,MEASURED_DRIFT,46,10,-0.0544751176559,-0.0100730391559,18,28,0,-0.0528556956116,-0.0379903426731,"['MSL', 'OPPORTUNITY']","['Daphnet', 'Exathlon', 'GECCO', 'LTDB', 'SMAP', 'SMD', 'SWaT', 'TAO']",-0.0236670587404,13
SVDB,SIMULATED_SOURCE,28,2,-0.0171226478709,0.002253320298,17,11,0,-0.0424759459229,-0.0424759459229,[],"['CATSv2', 'GHL']",-0.0697193241734,5
SVDB,UNKNOWN_SOURCE,1,1,-0.00764114192253,-0.00764114192253,0,1,0,-0.00764114192253,-0.00764114192253,[],['CreditCard'],-0.0383709514703,0
SWaT,ALL_RELEASED,178,16,-0.0762727427506,-0.0600947281075,46,132,0,-0.0635658506289,-0.0566540842554,['OPPORTUNITY'],"['CATSv2', 'CreditCard', 'Daphnet', 'Exathlon', 'GECCO', 'GHL', 'Genesis', 'LTDB', 'MITDB', 'MSL', 'PSM', 'SMAP', 'SMD', 'SVDB', 'TAO']",-0.104909912411,22
SWaT,TSB_DRIFT,73,12,-0.0339938465631,-9.5988579663e-05,35,38,0,-0.0304550035166,-0.0184923212231,"['MSL', 'OPPORTUNITY']","['CATSv2', 'CreditCard', 'Daphnet', 'Exathlon', 'GECCO', 'GHL', 'LTDB', 'SMAP', 'SMD', 'TAO']",-0.0399673525092,18
SWaT,NON_DRIFT,105,10,-0.105666642005,-0.0819645307152,11,94,0,-0.0852222485052,-0.0679363280108,[],"['Exathlon', 'Genesis', 'LTDB', 'MITDB', 'MSL', 'PSM', 'SMAP', 'SMD', 'SVDB', 'TAO']",-0.150060454057,4
SWaT,MEASURED_SOURCE_ONLY,149,13,-0.0878488115926,-0.0706139224164,29,120,0,-0.0711123520226,-0.058915659894,['OPPORTUNITY'],"['Daphnet', 'Exathlon', 'GECCO', 'Genesis', 'LTDB', 'MITDB', 'MSL', 'PSM', 'SMAP', 'SMD', 'SVDB', 'TAO']",-0.111969479066,17
SWaT,MEASURED_DRIFT,44,9,-0.0453289890182,-0.00746698612376,18,26,0,-0.0303185564923,-0.0293435005236,"['MSL', 'OPPORTUNITY']","['Daphnet', 'Exathlon', 'GECCO', 'LTDB', 'SMAP', 'SMD', 'TAO']",-0.0210705614737,13
SWaT,SIMULATED_SOURCE,28,2,-0.0171226478709,0.002253320298,17,11,0,-0.0424759459229,-0.0424759459229,[],"['CATSv2', 'GHL']",-0.0697193241734,5
SWaT,UNKNOWN_SOURCE,1,1,-0.00764114192253,-0.00764114192253,0,1,0,-0.00764114192253,-0.00764114192253,[],['CreditCard'],-0.0383709514703,0
TAO,ALL_RELEASED,169,16,-0.0729596790632,-0.0567529846912,45,124,0,-0.0695592999542,-0.0566540842554,['OPPORTUNITY'],"['CATSv2', 'CreditCard', 'Daphnet', 'Exathlon', 'GECCO', 'GHL', 'Genesis', 'LTDB', 'MITDB', 'MSL', 'PSM', 'SMAP', 'SMD', 'SVDB', 'SWaT']",-0.111147721001,22
TAO,TSB_DRIFT,67,12,-0.025307355951,0.000731618088762,34,33,0,-0.0382485632637,-0.0184923212231,"['MSL', 'OPPORTUNITY']","['CATSv2', 'CreditCard', 'Daphnet', 'Exathlon', 'GECCO', 'GHL', 'LTDB', 'SMAP', 'SMD', 'SWaT']",-0.045355513845,18
TAO,NON_DRIFT,102,9,-0.104260714833,-0.0808953996144,11,91,0,-0.0776393688009,-0.0590748045184,[],"['Exathlon', 'Genesis', 'LTDB', 'MITDB', 'MSL', 'PSM', 'SMAP', 'SMD', 'SVDB']",-0.1543641708,4
TAO,MEASURED_SOURCE_ONLY,140,13,-0.0845936462813,-0.0702623868392,28,112,0,-0.0784889050383,-0.058915659894,['OPPORTUNITY'],"['Daphnet', 'Exathlon', 'GECCO', 'Genesis', 'LTDB', 'MITDB', 'MSL', 'PSM', 'SMAP', 'SMD', 'SVDB', 'SWaT']",-0.119953234435,17
TAO,MEASURED_DRIFT,38,9,-0.0318030938528,-0.00140963644896,17,21,0,-0.0407099694884,-0.0293435005236,"['MSL', 'OPPORTUNITY']","['Daphnet', 'Exathlon', 'GECCO', 'LTDB', 'SMAP', 'SMD', 'SWaT']",-0.0275870368235,13
TAO,SIMULATED_SOURCE,28,2,-0.0171226478709,0.002253320298,17,11,0,-0.0424759459229,-0.0424759459229,[],"['CATSv2', 'GHL']",-0.0697193241734,5
TAO,UNKNOWN_SOURCE,1,1,-0.00764114192253,-0.00764114192253,0,1,0,-0.00764114192253,-0.00764114192253,[],['CreditCard'],-0.0383709514703,0
