subset,family,oracle_winning_method,series_count,label
ALL_RELEASED,Exathlon,MemStream,1,ORACLE_ENVELOPE
ALL_RELEASED,GHL,LODA,3,ORACLE_ENVELOPE
ALL_RELEASED,GHL,MCOD,2,ORACLE_ENVELOPE
ALL_RELEASED,Genesis,RRCF,1,ORACLE_ENVELOPE
ALL_RELEASED,MITDB,SWKNN,1,ORACLE_ENVELOPE
ALL_RELEASED,MSL,SWKNN,2,ORACLE_ENVELOPE
ALL_RELEASED,OPPORTUNITY,MCOD,4,ORACLE_ENVELOPE
ALL_RELEASED,SMAP,xStream,1,ORACLE_ENVELOPE
ALL_RELEASED,SMAP,LODA,1,ORACLE_ENVELOPE
ALL_RELEASED,SMAP,RSHash,1,ORACLE_ENVELOPE
ALL_RELEASED,SMAP,LEAP,1,ORACLE_ENVELOPE
ALL_RELEASED,SMD,LODA,1,ORACLE_ENVELOPE
ALL_RELEASED,SMD,MemStream,1,ORACLE_ENVELOPE
ALL_RELEASED,SMD,HSTree,1,ORACLE_ENVELOPE
ALL_RELEASED,SMD,RSHash,1,ORACLE_ENVELOPE
TSB_DRIFT,Exathlon,MemStream,1,ORACLE_ENVELOPE
TSB_DRIFT,GHL,LODA,3,ORACLE_ENVELOPE
TSB_DRIFT,GHL,MCOD,2,ORACLE_ENVELOPE
TSB_DRIFT,MSL,SWKNN,1,ORACLE_ENVELOPE
TSB_DRIFT,OPPORTUNITY,MCOD,4,ORACLE_ENVELOPE
TSB_DRIFT,SMAP,LODA,1,ORACLE_ENVELOPE
TSB_DRIFT,SMAP,RSHash,1,ORACLE_ENVELOPE
TSB_DRIFT,SMAP,LEAP,1,ORACLE_ENVELOPE
TSB_DRIFT,SMD,LODA,1,ORACLE_ENVELOPE
TSB_DRIFT,SMD,MemStream,1,ORACLE_ENVELOPE
TSB_DRIFT,SMD,HSTree,1,ORACLE_ENVELOPE
TSB_DRIFT,SMD,RSHash,1,ORACLE_ENVELOPE
NON_DRIFT,Genesis,RRCF,1,ORACLE_ENVELOPE
NON_DRIFT,MITDB,SWKNN,1,ORACLE_ENVELOPE
NON_DRIFT,MSL,SWKNN,1,ORACLE_ENVELOPE
NON_DRIFT,SMAP,xStream,1,ORACLE_ENVELOPE
MEASURED_SOURCE_ONLY,Exathlon,MemStream,1,ORACLE_ENVELOPE
MEASURED_SOURCE_ONLY,Genesis,RRCF,1,ORACLE_ENVELOPE
MEASURED_SOURCE_ONLY,MITDB,SWKNN,1,ORACLE_ENVELOPE
MEASURED_SOURCE_ONLY,MSL,SWKNN,2,ORACLE_ENVELOPE
MEASURED_SOURCE_ONLY,OPPORTUNITY,MCOD,4,ORACLE_ENVELOPE
MEASURED_SOURCE_ONLY,SMAP,xStream,1,ORACLE_ENVELOPE
MEASURED_SOURCE_ONLY,SMAP,LODA,1,ORACLE_ENVELOPE
MEASURED_SOURCE_ONLY,SMAP,RSHash,1,ORACLE_ENVELOPE
MEASURED_SOURCE_ONLY,SMAP,LEAP,1,ORACLE_ENVELOPE
MEASURED_SOURCE_ONLY,SMD,LODA,1,ORACLE_ENVELOPE
MEASURED_SOURCE_ONLY,SMD,MemStream,1,ORACLE_ENVELOPE
MEASURED_SOURCE_ONLY,SMD,HSTree,1,ORACLE_ENVELOPE
MEASURED_SOURCE_ONLY,SMD,RSHash,1,ORACLE_ENVELOPE
MEASURED_DRIFT,Exathlon,MemStream,1,ORACLE_ENVELOPE
MEASURED_DRIFT,MSL,SWKNN,1,ORACLE_ENVELOPE
MEASURED_DRIFT,OPPORTUNITY,MCOD,4,ORACLE_ENVELOPE
MEASURED_DRIFT,SMAP,LODA,1,ORACLE_ENVELOPE
MEASURED_DRIFT,SMAP,RSHash,1,ORACLE_ENVELOPE
MEASURED_DRIFT,SMAP,LEAP,1,ORACLE_ENVELOPE
MEASURED_DRIFT,SMD,LODA,1,ORACLE_ENVELOPE
MEASURED_DRIFT,SMD,MemStream,1,ORACLE_ENVELOPE
MEASURED_DRIFT,SMD,HSTree,1,ORACLE_ENVELOPE
MEASURED_DRIFT,SMD,RSHash,1,ORACLE_ENVELOPE
SIMULATED_SOURCE,GHL,LODA,3,ORACLE_ENVELOPE
SIMULATED_SOURCE,GHL,MCOD,2,ORACLE_ENVELOPE
