phi,fault,a2,op,delta,lift_D,ratio_BD,ratio_BDng,ratio_B30D30,C_minus_D,Cdec_minus_D
pca,burst,identical,W1,64,4.0983,0.1903,-0.138,0.1737,0.001,
pca,burst,identical,W1,256,4.1314,0.6771,0.2728,0.6618,0.0108,
pca,burst,identical,W1,1024,4.2915,0.8387,0.7659,0.8288,-0.0034,
pca,burst,identical,W2p_elu_f0995,64,3.1584,0.7779,0.7059,0.7671,-0.2369,-0.1891
pca,burst,identical,W2p_elu_f0995,256,3.4553,0.9333,0.7273,0.9297,-0.0219,0.0062
pca,burst,identical,W2p_elu_f0995,1024,3.1461,0.9983,0.7154,0.9983,-0.0008,-0.0008
pca,burst,identical,W2p_elu_f1,64,2.6173,0.9929,0.9928,0.993,-0.0075,-0.0075
pca,burst,identical,W2p_elu_f1,256,2.7958,0.994,0.9937,0.994,-0.0046,-0.0046
pca,burst,identical,W2p_elu_f1,1024,2.5985,0.9941,0.9933,0.9941,-0.0022,-0.0022
pca,burst,identical,W2p_split_f0995,64,3.3161,0.6438,0.4879,0.6223,-0.2723,-0.2136
pca,burst,identical,W2p_split_f0995,256,3.5055,0.9084,0.5616,0.9012,-0.0089,0.0104
pca,burst,identical,W2p_split_f0995,1024,3.202,0.9973,0.7869,0.9973,-0.0008,-0.0008
pca,burst,identical,W2p_split_f1,64,2.6961,0.9803,0.9799,0.9812,-0.0176,-0.0176
pca,burst,identical,W2p_split_f1,256,2.9006,0.9855,0.9842,0.9858,-0.0096,-0.0096
pca,burst,identical,W2p_split_f1,1024,2.7165,0.9881,0.9851,0.9881,-0.0031,-0.0031
pca,burst,identical,W2s_f0995,64,-20.9245,-0.0845,-0.793,-0.041,6.4556,5.1972
pca,burst,identical,W2s_f0995,256,-35.7913,0.8189,-0.8777,0.8434,2.1371,0.3502
pca,burst,identical,W2s_f0995,1024,-36.976,1.0008,-2.0832,1.0009,0.0055,-0.0327
pca,burst,identical,W2s_f1,64,2.2152,0.6934,0.7429,0.6913,0.2759,0.2759
pca,burst,identical,W2s_f1,256,0.9129,1.1119,0.775,1.1973,0.2591,0.2591
pca,burst,identical,W2s_f1,1024,-1.4131,0.8998,0.7591,0.9027,0.1008,0.1008
pca,burst,identical,W3_b01,64,4.2475,0.5121,0.1635,0.3352,-0.0284,
pca,burst,identical,W3_b01,256,4.2196,0.6955,0.3602,0.5519,-0.0062,
pca,burst,identical,W3_b01,1024,4.2783,0.8093,0.4658,0.7089,-0.004,
pca,burst,identical,W3_b05,64,4.4854,0.9098,0.565,0.3972,-0.0287,
pca,burst,identical,W3_b05,256,4.5268,1.0282,0.7774,0.6482,-0.0201,
pca,burst,identical,W3_b05,1024,4.7679,1.0239,0.8405,0.8051,-0.0126,
pca,burst,variant,W1,64,2.0404,0.4932,-0.1097,0.55,-0.0439,
pca,burst,variant,W1,256,2.0275,1.238,0.613,1.273,0.01,
pca,burst,variant,W1,1024,2.1125,1.3659,1.6741,1.3872,-0.0026,
pca,burst,variant,W2p_elu_f0995,64,1.4167,0.6048,0.4771,0.5863,-0.1405,-0.1132
pca,burst,variant,W2p_elu_f0995,256,1.6233,0.8828,0.5183,0.8764,-0.02,0.0002
pca,burst,variant,W2p_elu_f0995,1024,1.395,0.9969,0.4962,0.9968,-0.0006,-0.0006
pca,burst,variant,W2p_elu_f1,64,1.11,0.987,0.9869,0.9873,-0.0042,-0.0042
pca,burst,variant,W2p_elu_f1,256,1.2321,0.9893,0.9889,0.9894,-0.0027,-0.0027
pca,burst,variant,W2p_elu_f1,1024,1.075,0.9892,0.9877,0.9892,-0.0014,-0.0014
pca,burst,variant,W2p_split_f0995,64,1.5112,0.4201,0.152,0.3915,-0.167,-0.1329
pca,burst,variant,W2p_split_f0995,256,1.6581,0.8624,0.283,0.8513,-0.0108,0.0034
pca,burst,variant,W2p_split_f0995,1024,1.4323,0.9958,0.6433,0.9957,-0.0005,-0.0006
pca,burst,variant,W2p_split_f1,64,1.1609,0.9655,0.9648,0.9673,-0.0105,-0.0105
pca,burst,variant,W2p_split_f1,256,1.2999,0.9758,0.9734,0.9765,-0.006,-0.006
pca,burst,variant,W2p_split_f1,1024,1.1512,0.9804,0.9751,0.9805,-0.0019,-0.0019
pca,burst,variant,W2s_f0995,64,-12.2885,-0.5101,-1.4256,-0.4598,3.7684,3.0525
pca,burst,variant,W2s_f0995,256,-20.1543,0.7122,-1.5674,0.7451,1.3009,0.2726
pca,burst,variant,W2s_f0995,1024,-20.62,1.0005,-5.3925,1.0005,0.0003,-0.0191
pca,burst,variant,W2s_f1,64,0.5905,0.9357,3.2322,1.0154,0.1883,0.1883
pca,burst,variant,W2s_f1,256,-0.2465,0.8858,2.3616,1.0162,0.1494,0.1494
pca,burst,variant,W2s_f1,1024,-1.3251,1.2685,1.5594,1.3335,0.0515,0.0515
pca,burst,variant,W3_b01,64,2.2255,0.3702,-0.2052,0.2358,-0.0237,
pca,burst,variant,W3_b01,256,2.1736,0.6137,0.1336,0.4654,-0.0049,
pca,burst,variant,W3_b01,1024,2.287,0.7606,0.3292,0.6489,-0.0046,
pca,burst,variant,W3_b05,64,2.4408,0.8831,0.245,0.3023,-0.0281,
pca,burst,variant,W3_b05,256,2.457,1.0285,0.6021,0.5769,-0.016,
pca,burst,variant,W3_b05,1024,2.7248,1.0271,0.7229,0.7678,-0.0075,
pca,spike,identical,W1,64,1.3976,0.8159,0.5463,0.8264,0.0337,
pca,spike,identical,W1,256,1.3573,1.0635,0.8636,1.0458,0.01,
pca,spike,identical,W1,1024,1.4154,0.9458,1.0585,0.9344,0.0023,
pca,spike,identical,W2p_elu_f0995,64,0.8323,0.9887,0.9817,0.9891,-0.0603,-0.0428
pca,spike,identical,W2p_elu_f0995,256,0.982,0.999,0.9863,0.9987,0.0024,0.0168
pca,spike,identical,W2p_elu_f0995,1024,0.9911,0.9999,0.9916,0.9999,-0.0,-0.0002
pca,spike,identical,W2p_elu_f1,64,0.6807,0.9994,0.9994,0.9995,-0.0024,-0.0024
pca,spike,identical,W2p_elu_f1,256,0.6942,0.9997,0.9997,0.9997,-0.0011,-0.0011
pca,spike,identical,W2p_elu_f1,1024,0.7281,0.9997,0.9997,0.9998,-0.0011,-0.0011
pca,spike,identical,W2p_split_f0995,64,0.9291,0.9581,0.9056,0.9607,-0.0763,-0.052
pca,spike,identical,W2p_split_f0995,256,1.0311,1.0075,0.9377,1.0055,0.0116,0.0182
pca,spike,identical,W2p_split_f0995,1024,1.0029,0.9998,0.9839,0.9998,-0.0001,-0.0002
pca,spike,identical,W2p_split_f1,64,0.7304,0.9949,0.9947,0.9958,-0.0081,-0.0081
pca,spike,identical,W2p_split_f1,256,0.7658,0.998,0.9974,0.9983,-0.0036,-0.0036
pca,spike,identical,W2p_split_f1,1024,0.8009,0.9988,0.998,0.9989,-0.0021,-0.0021
pca,spike,identical,W2s_f0995,64,-13.1699,0.9118,0.891,0.9244,2.6869,2.1402
pca,spike,identical,W2s_f0995,256,-21.244,0.9858,0.9209,0.9879,0.9876,-0.0068
pca,spike,identical,W2s_f0995,1024,-21.3079,0.9999,0.9224,1.0,0.0038,-0.017
pca,spike,identical,W2s_f1,64,0.3799,0.6309,1.1414,-0.4237,0.1899,0.1899
pca,spike,identical,W2s_f1,256,-0.479,0.9032,1.052,0.9093,0.1311,0.1311
pca,spike,identical,W2s_f1,1024,-1.2509,0.9835,1.0342,0.9878,0.0503,0.0503
pca,spike,identical,W3_b01,64,1.7263,0.9363,0.798,0.9361,0.0066,
pca,spike,identical,W3_b01,256,1.7641,0.9574,0.8182,0.9566,-0.0017,
pca,spike,identical,W3_b01,1024,1.7409,0.9771,0.883,0.9771,-0.0012,
pca,spike,identical,W3_b05,64,1.5163,0.846,0.5792,0.8345,-0.0049,
pca,spike,identical,W3_b05,256,1.4782,0.9133,0.6001,0.9073,0.0023,
pca,spike,identical,W3_b05,1024,1.4896,0.9788,0.6944,0.9784,0.0038,
pca,spike,variant,W1,64,1.3591,1.0122,0.7948,1.013,0.0227,
pca,spike,variant,W1,256,1.3334,1.115,1.0635,1.0979,0.0046,
pca,spike,variant,W1,1024,1.3518,1.0581,1.3789,1.0493,-0.0018,
pca,spike,variant,W2p_elu_f0995,64,0.8349,0.9954,0.9908,0.996,-0.0616,-0.044
pca,spike,variant,W2p_elu_f0995,256,0.9766,1.0009,0.9951,1.0008,0.002,0.0165
pca,spike,variant,W2p_elu_f0995,1024,0.9807,1.0,0.9988,1.0,-0.0,-0.0002
pca,spike,variant,W2p_elu_f1,64,0.683,0.9997,0.9996,0.9997,-0.0024,-0.0024
pca,spike,variant,W2p_elu_f1,256,0.6907,0.9999,0.9999,0.9999,-0.0011,-0.0011
pca,spike,variant,W2p_elu_f1,1024,0.7122,0.9999,0.9999,0.9999,-0.0011,-0.0011
pca,spike,variant,W2p_split_f0995,64,0.9323,0.9709,0.9266,0.9742,-0.0783,-0.0539
pca,spike,variant,W2p_split_f0995,256,1.0268,1.0093,0.9555,1.0077,0.0112,0.0179
pca,spike,variant,W2p_split_f0995,1024,0.9938,0.9999,0.9908,0.9999,-0.0001,-0.0002
pca,spike,variant,W2p_split_f1,64,0.7325,0.9958,0.9956,0.9966,-0.0082,-0.0082
pca,spike,variant,W2p_split_f1,256,0.7625,0.9984,0.9979,0.9988,-0.0036,-0.0036
pca,spike,variant,W2p_split_f1,1024,0.7843,0.9992,0.9985,0.9993,-0.0021,-0.0021
pca,spike,variant,W2s_f0995,64,-13.271,0.9211,0.902,0.9333,2.7284,2.1806
pca,spike,variant,W2s_f0995,256,-21.3343,0.9876,0.926,0.9902,0.9932,-0.0048
pca,spike,variant,W2s_f0995,1024,-21.6373,0.9999,0.927,0.9999,0.0038,-0.0177
pca,spike,variant,W2s_f1,64,0.4044,0.5686,1.1552,-1.1944,0.1829,0.1829
pca,spike,variant,W2s_f1,256,-0.4791,0.8738,1.0668,0.8703,0.1295,0.1295
pca,spike,variant,W2s_f1,1024,-1.2801,0.9835,1.0405,0.9864,0.0481,0.0481
pca,spike,variant,W3_b01,64,1.7365,0.9794,0.8565,0.9831,0.0054,
pca,spike,variant,W3_b01,256,1.7515,0.9927,0.8729,0.9939,-0.0022,
pca,spike,variant,W3_b01,1024,1.7294,0.9966,0.9307,0.9972,-0.0004,
pca,spike,variant,W3_b05,64,1.5463,0.9598,0.7405,0.9751,-0.0076,
pca,spike,variant,W3_b05,256,1.4898,0.9885,0.7876,0.9927,0.0036,
pca,spike,variant,W3_b05,1024,1.5032,0.9971,0.8518,0.998,0.0057,
relu,burst,identical,W1,64,3.9266,0.3019,0.0708,0.2811,-0.0129,
relu,burst,identical,W1,256,4.0092,0.6123,0.455,0.6016,0.0043,
relu,burst,identical,W1,1024,4.0031,0.8147,0.7457,0.8114,-0.0001,
relu,burst,identical,W2_f0995,64,3.251,0.7673,0.6807,0.7552,-0.2542,-0.2017
relu,burst,identical,W2_f0995,256,3.5221,0.9367,0.7195,0.9332,-0.0158,0.0069
relu,burst,identical,W2_f0995,1024,3.2867,0.9986,0.7762,0.9985,-0.0006,-0.0007
relu,burst,identical,W2_f1,64,2.7385,0.9919,0.9918,0.9921,-0.0076,-0.0076
relu,burst,identical,W2_f1,256,2.8982,0.9936,0.9933,0.9937,-0.0047,-0.0047
relu,burst,identical,W2_f1,1024,2.7577,0.9946,0.9939,0.9946,-0.0022,-0.0022
relu,burst,identical,W3_b01,64,4.1823,0.8553,0.1399,0.7467,0.0069,
relu,burst,identical,W3_b01,256,4.2086,0.8959,0.245,0.8122,0.0011,
relu,burst,identical,W3_b01,1024,4.1558,0.909,0.3192,0.8381,-0.0015,
relu,burst,identical,W3_b05,64,4.8623,1.088,0.8565,0.8375,0.0149,
relu,burst,identical,W3_b05,256,4.7934,1.0982,0.901,0.8818,0.0214,
relu,burst,identical,W3_b05,1024,4.9779,1.0595,0.935,0.9054,-0.0086,
relu,burst,variant,W1,64,1.9658,0.6061,0.1956,0.6744,-0.0059,
relu,burst,variant,W1,256,2.0174,0.8787,0.6766,0.9041,0.0037,
relu,burst,variant,W1,1024,2.0335,0.9721,0.9143,0.98,0.0001,
relu,burst,variant,W2_f0995,64,1.4669,0.6045,0.4618,0.5852,-0.154,-0.1237
relu,burst,variant,W2_f0995,256,1.6587,0.8933,0.528,0.8875,-0.0146,0.0021
relu,burst,variant,W2_f0995,1024,1.4763,0.9976,0.604,0.9975,-0.0004,-0.0005
relu,burst,variant,W2_f1,64,1.1684,0.9862,0.9861,0.9865,-0.0043,-0.0043
relu,burst,variant,W2_f1,256,1.2817,0.9893,0.9889,0.9895,-0.0027,-0.0027
relu,burst,variant,W2_f1,1024,1.1616,0.9908,0.9895,0.9908,-0.0013,-0.0013
relu,burst,variant,W3_b01,64,2.1184,0.8187,-0.4195,0.6797,0.0037,
relu,burst,variant,W3_b01,256,2.1298,0.8763,-0.238,0.7739,0.0015,
relu,burst,variant,W3_b01,1024,2.0925,0.8911,-0.1241,0.807,-0.0008,
relu,burst,variant,W3_b05,64,2.5331,1.0992,0.677,0.806,0.0047,
relu,burst,variant,W3_b05,256,2.4804,1.1207,0.7416,0.8604,0.0111,
relu,burst,variant,W3_b05,1024,2.5837,1.066,0.809,0.8881,-0.0041,
relu,spike,identical,W1,64,1.3339,0.8417,0.7472,0.8488,-0.0229,
relu,spike,identical,W1,256,1.3974,0.9621,0.864,0.9622,-0.0011,
relu,spike,identical,W1,1024,1.3813,0.9629,0.8731,0.9622,-0.0001,
relu,spike,identical,W2_f0995,64,0.8625,0.9915,0.9875,0.9915,-0.0689,-0.05
relu,spike,identical,W2_f0995,256,1.0321,0.9985,0.9893,0.9983,0.0038,0.0149
relu,spike,identical,W2_f0995,1024,1.0314,0.9999,0.9927,0.9999,-0.0001,-0.0003
relu,spike,identical,W2_f1,64,0.7261,0.9996,0.9996,0.9997,-0.0023,-0.0023
relu,spike,identical,W2_f1,256,0.7402,0.9998,0.9997,0.9998,-0.0011,-0.0011
relu,spike,identical,W2_f1,1024,0.7777,0.9998,0.9998,0.9998,-0.0012,-0.0012
relu,spike,identical,W3_b01,64,1.3897,0.9852,0.9424,0.9849,-0.0017,
relu,spike,identical,W3_b01,256,1.436,0.9866,0.9466,0.9867,0.0004,
relu,spike,identical,W3_b01,1024,1.3933,0.9882,0.9414,0.9884,-0.0018,
relu,spike,identical,W3_b05,64,1.1993,0.9306,0.8979,0.9311,-0.0053,
relu,spike,identical,W3_b05,256,1.2486,0.9427,0.8877,0.9429,0.0029,
relu,spike,identical,W3_b05,1024,1.2354,0.9598,0.882,0.9602,-0.0019,
relu,spike,variant,W1,64,1.3221,0.9727,0.9357,0.9766,-0.0259,
relu,spike,variant,W1,256,1.3874,0.9956,0.9729,0.9965,-0.0013,
relu,spike,variant,W1,1024,1.3888,1.0051,0.9807,1.0051,0.0011,
relu,spike,variant,W2_f0995,64,0.8644,0.9979,0.996,0.9982,-0.0707,-0.0517
relu,spike,variant,W2_f0995,256,1.0275,1.0002,0.9973,1.0002,0.0035,0.0147
relu,spike,variant,W2_f0995,1024,1.0196,1.0,0.999,1.0,-0.0001,-0.0003
relu,spike,variant,W2_f1,64,0.7262,0.9999,0.9999,0.9999,-0.0023,-0.0023
relu,spike,variant,W2_f1,256,0.7368,0.9999,0.9999,0.9999,-0.0011,-0.0011
relu,spike,variant,W2_f1,1024,0.7595,0.9999,0.9999,1.0,-0.0012,-0.0012
relu,spike,variant,W3_b01,64,1.4128,0.998,0.9755,0.9983,-0.0015,
relu,spike,variant,W3_b01,256,1.4368,0.9987,0.9803,0.9988,0.0005,
relu,spike,variant,W3_b01,1024,1.3825,0.9984,0.976,0.9986,-0.0019,
relu,spike,variant,W3_b05,64,1.2464,0.9877,0.9648,0.9897,-0.0036,
relu,spike,variant,W3_b05,256,1.2832,0.9934,0.9775,0.9945,0.003,
relu,spike,variant,W3_b05,1024,1.2837,0.9942,0.9771,0.9954,-0.002,
