phi,machine,phi_seed,fault,a2,arm,delta,frac_A1,frac_M0,frac_gap,sim_A1_max,sim_M0_max,sim_gap_max,sim_nonA1_kth,top1_A1,top1_gap,top1_dt_median
pca,machine-1-6,0,burst,identical,B,64,0.8729166666666667,0.04249999999999998,0.08458333333333329,0.8076147912970527,0.5614175882336173,0.5170686466392204,0.5627755034106637,0.89375,0.07916666666666664,94.5
pca,machine-1-6,0,burst,identical,B,256,0.7975,0.05583333333333331,0.14666666666666664,0.7577231142451425,0.5656390771660569,0.6036965386123456,0.5838272177894784,0.7875,0.16874999999999998,285.03125
pca,machine-1-6,0,burst,identical,B,1024,0.725,0.025416666666666657,0.2495833333333333,0.7150851824334433,0.5621729144354998,0.6288211729612455,0.6063720236481631,0.7145833333333333,0.26249999999999996,980.5625
pca,machine-1-6,0,burst,identical,Bng,64,0.9341666666666667,0.0658333333333333,0.0,0.8076147912970527,0.5614175882336173,,0.5059800118497486,0.9583333333333334,0.0,94.90625
pca,machine-1-6,0,burst,identical,Bng,256,0.8766666666666667,0.1233333333333333,0.0,0.7577231142451425,0.5656390771660569,,0.5084002512227792,0.8875,0.0,483.40625
pca,machine-1-6,0,burst,identical,Bng,1024,0.865,0.13499999999999995,0.0,0.7150851824334433,0.5621729144354998,,0.5053744765753891,0.8770833333333333,0.0,2116.75
pca,machine-1-6,0,burst,identical,D,64,0.16458333333333333,0.5029166666666667,0.33249999999999996,0.5004444011280161,0.5614175882336173,0.5170686466392204,0.5627755034106637,0.11875,0.35,6236.59375
pca,machine-1-6,0,burst,identical,D,256,0.03749999999999998,0.35125,0.61125,0.447208026318705,0.5656390771660569,0.6036965386123456,0.5838272177894784,0.031249999999999993,0.6375,3336.15625
pca,machine-1-6,0,burst,identical,D,1024,0.002083333333333331,0.2075,0.7904166666666667,0.3984955438748587,0.5621729144354998,0.6288211729612455,0.6063720236481631,0.0,0.7875,3135.03125
pca,machine-1-6,0,burst,variant,B,64,0.7829166666666667,0.06083333333333332,0.15624999999999997,0.7475985731434566,0.5852571196706041,0.6160118323059279,0.6151193534129948,0.81875,0.14166666666666664,92.71875
pca,machine-1-6,0,burst,variant,B,256,0.5333333333333333,0.09499999999999999,0.37166666666666665,0.687794552546734,0.5863322567356326,0.6887008695251351,0.6458301626583396,0.5291666666666667,0.41041666666666665,212.90625
pca,machine-1-6,0,burst,variant,B,1024,0.36583333333333334,0.05249999999999998,0.5816666666666667,0.6361003878248106,0.5855463642330826,0.7000375367700421,0.663745108712295,0.375,0.5875,659.53125
pca,machine-1-6,0,burst,variant,Bng,64,0.9029166666666667,0.0970833333333333,0.0,0.7475985731434566,0.5852571196706041,,0.5306796464072197,0.9333333333333333,0.0,95.59375
pca,machine-1-6,0,burst,variant,Bng,256,0.7729166666666667,0.2270833333333333,0.0,0.687794552546734,0.5863322567356326,,0.5276443279099531,0.7875,0.0,1266.125
pca,machine-1-6,0,burst,variant,Bng,1024,0.7129166666666666,0.2870833333333333,0.0,0.6361003878248106,0.5855463642330826,,0.5262880337701806,0.7229166666666667,0.0,2759.84375
pca,machine-1-6,0,burst,variant,D,64,0.26041666666666663,0.33125,0.4083333333333333,0.593550685356237,0.5852571196706041,0.6160118323059279,0.6151193534129948,0.2604166666666667,0.42083333333333334,3787.71875
pca,machine-1-6,0,burst,variant,D,256,0.03416666666666665,0.1933333333333333,0.7725,0.5265543885237574,0.5863322567356326,0.6887008695251351,0.6458301626583396,0.02916666666666665,0.825,702.3125
pca,machine-1-6,0,burst,variant,D,1024,0.006666666666666663,0.1525,0.8408333333333333,0.46396719380736223,0.5855463642330826,0.7000375367700421,0.663745108712295,0.002083333333333331,0.85,1992.125
pca,machine-1-6,0,spike,identical,B,64,0.3808333333333333,0.15666666666666665,0.46249999999999997,0.7245924196747126,0.6025615697664567,0.703156234913034,0.6593208000117557,0.5145833333333333,0.3583333333333333,1291.90625
pca,machine-1-6,0,spike,identical,B,256,0.08499999999999998,0.047083333333333324,0.8679166666666667,0.6727883323133873,0.6027466904096007,0.7582868362859467,0.7111330356456873,0.1645833333333333,0.8187500000000001,133.375
pca,machine-1-6,0,spike,identical,B,1024,0.05458333333333332,0.05458333333333332,0.8908333333333334,0.595486096403206,0.5977895363268384,0.7453485720027971,0.7002238376351626,0.11875,0.8354166666666667,454.34375
pca,machine-1-6,0,spike,identical,Bng,64,0.7820833333333334,0.21791666666666665,0.0,0.7245924196747126,0.6025615697664567,,0.5420216571335553,0.8270833333333334,0.0,2146.09375
pca,machine-1-6,0,spike,identical,Bng,256,0.6391666666666667,0.36083333333333334,0.0,0.6727883323133873,0.6027466904096007,,0.5493119999387259,0.7041666666666666,0.0,3679.21875
pca,machine-1-6,0,spike,identical,Bng,1024,0.5304166666666666,0.4695833333333333,0.0,0.595486096403206,0.5977895363268384,,0.5421067575914778,0.6166666666666667,0.0,6511.65625
pca,machine-1-6,0,spike,identical,D,64,0.39958333333333335,0.16874999999999998,0.43166666666666664,0.6969070418856183,0.6025615697664567,0.703156234913034,0.6593208000117557,0.4458333333333333,0.425,876.5625
pca,machine-1-6,0,spike,identical,D,256,0.03958333333333331,0.05083333333333333,0.9095833333333333,0.6426362796347213,0.6027466904096007,0.7582868362859467,0.7111330356456873,0.03749999999999999,0.9354166666666667,99.625
pca,machine-1-6,0,spike,identical,D,1024,0.03166666666666664,0.05624999999999998,0.9120833333333334,0.5550643447803925,0.5977895363268384,0.7453485720027971,0.7002238376351626,0.04374999999999999,0.9083333333333333,387.65625
pca,machine-1-6,0,spike,variant,B,64,0.3125,0.17124999999999999,0.51625,0.6913458440095376,0.6068066343946829,0.7059846399557995,0.662867371350282,0.38125,0.48124999999999996,880.0625
pca,machine-1-6,0,spike,variant,B,256,0.040416666666666635,0.055416666666666656,0.9041666666666667,0.6435610734373353,0.6031391873156919,0.7539580179991345,0.7098334554795722,0.06458333333333333,0.89375,118.0
pca,machine-1-6,0,spike,variant,B,1024,0.02999999999999998,0.05541666666666663,0.9145833333333333,0.5647369830335569,0.5991798135327434,0.7439674342267208,0.7000571643616585,0.04999999999999999,0.91875,430.53125
pca,machine-1-6,0,spike,variant,Bng,64,0.7541666666666667,0.2458333333333333,0.0,0.6913458440095376,0.6068066343946829,,0.5457849210853976,0.8104166666666667,0.0,2107.78125
pca,machine-1-6,0,spike,variant,Bng,256,0.6166666666666667,0.3833333333333333,0.0,0.6435610734373353,0.6031391873156919,,0.551575409352926,0.6749999999999999,0.0,4801.84375
pca,machine-1-6,0,spike,variant,Bng,1024,0.49916666666666665,0.5008333333333334,0.0,0.5647369830335569,0.5991798135327434,,0.5420824557769639,0.5791666666666667,0.0,6791.6875
pca,machine-1-6,0,spike,variant,D,64,0.38499999999999995,0.17833333333333334,0.43666666666666665,0.6970829043160114,0.6068066343946829,0.7059846399557995,0.662867371350282,0.4145833333333333,0.4395833333333333,883.25
pca,machine-1-6,0,spike,variant,D,256,0.03999999999999997,0.05666666666666665,0.9033333333333333,0.6427364443742304,0.6031391873156919,0.7539580179991345,0.7098334554795722,0.022916666666666648,0.9291666666666667,101.6875
pca,machine-1-6,0,spike,variant,D,1024,0.028749999999999987,0.05791666666666664,0.9133333333333333,0.5533514451699348,0.5991798135327434,0.7439674342267208,0.7000571643616585,0.056249999999999994,0.9125,426.125
pca,machine-2-7,0,burst,identical,B,64,0.9083333333333333,0.02624999999999999,0.06541666666666665,0.9028995454277003,0.5442229188397918,0.5062322900506931,0.5385687825490081,0.9208333333333334,0.05416666666666663,91.4375
pca,machine-2-7,0,burst,identical,B,256,0.8716666666666667,0.048749999999999995,0.07958333333333331,0.8553687152888922,0.55551624324272,0.5569141276971001,0.5626967159031513,0.88125,0.0708333333333333,494.4375
pca,machine-2-7,0,burst,identical,B,1024,0.9070833333333334,0.000833333333333325,0.0920833333333333,0.8814992316662152,0.5373451197437228,0.5819477420314907,0.5669434033373594,0.9208333333333334,0.07916666666666662,1050.4375
pca,machine-2-7,0,burst,identical,Bng,64,0.9470833333333333,0.05291666666666663,0.0,0.9028995454277003,0.5442229188397918,,0.5013528478702427,0.9583333333333334,0.0,92.46875
pca,machine-2-7,0,burst,identical,Bng,256,0.9108333333333334,0.08916666666666664,0.0,0.8553687152888922,0.55551624324272,,0.5088878520239789,0.9229166666666667,0.0,495.71875
pca,machine-2-7,0,burst,identical,Bng,1024,0.9520833333333334,0.047916666666666635,0.0,0.8814992316662152,0.5373451197437228,,0.49939978059616486,0.9604166666666667,0.0,1051.6875
pca,machine-2-7,0,burst,identical,D,64,0.21124999999999997,0.5458333333333333,0.24291666666666661,0.5070956072572295,0.5442229188397918,0.5062322900506931,0.5385687825490081,0.1875,0.27499999999999997,6471.78125
pca,machine-2-7,0,burst,identical,D,256,0.031666666666666655,0.42,0.5483333333333333,0.4623605678013325,0.55551624324272,0.5569141276971001,0.5626967159031513,0.031249999999999986,0.55,4811.6875
pca,machine-2-7,0,burst,identical,D,1024,0.021666666666666664,0.26208333333333333,0.7162499999999999,0.4333679276144342,0.5373451197437228,0.5819477420314907,0.5669434033373594,0.012499999999999994,0.7333333333333334,3404.90625
pca,machine-2-7,0,burst,variant,B,64,0.86,0.03999999999999999,0.09999999999999998,0.8510852201951697,0.5816726477217781,0.6243861808401134,0.6052648521009149,0.86875,0.09791666666666664,90.21875
pca,machine-2-7,0,burst,variant,B,256,0.7891666666666667,0.062083333333333324,0.14874999999999997,0.7925928258461452,0.5978151461908017,0.6680190016343031,0.6449157651089589,0.8083333333333333,0.13124999999999998,789.25
pca,machine-2-7,0,burst,variant,B,1024,0.8441666666666666,0.0024999999999999935,0.1533333333333333,0.8281398419328307,0.5792796864711084,0.6802528728842804,0.6452287213730162,0.8625,0.13541666666666663,1049.28125
pca,machine-2-7,0,burst,variant,Bng,64,0.9279166666666666,0.07208333333333329,0.0,0.8510852201951697,0.5816726477217781,,0.5354263220407404,0.9416666666666667,0.0,92.5625
pca,machine-2-7,0,burst,variant,Bng,256,0.8704166666666667,0.1295833333333333,0.0,0.7925928258461452,0.5978151461908017,,0.5472340196392982,0.8895833333333334,0.0,791.46875
pca,machine-2-7,0,burst,variant,Bng,1024,0.9270833333333334,0.07291666666666663,0.0,0.8281398419328307,0.5792796864711084,,0.5365061619443449,0.9500000000000001,0.0,1052.15625
pca,machine-2-7,0,burst,variant,D,64,0.33749999999999997,0.26791666666666664,0.3945833333333333,0.6258513246942351,0.5816726477217781,0.6243861808401134,0.6052648521009149,0.3458333333333333,0.4145833333333333,2222.34375
pca,machine-2-7,0,burst,variant,D,256,0.05958333333333333,0.2058333333333333,0.7345833333333334,0.5642043784462034,0.5978151461908017,0.6680190016343031,0.6449157651089589,0.06041666666666666,0.75625,1775.5625
pca,machine-2-7,0,burst,variant,D,1024,0.03208333333333332,0.08333333333333331,0.8845833333333334,0.533971453719305,0.5792796864711084,0.6802528728842804,0.6452287213730162,0.018749999999999996,0.9041666666666667,1308.59375
pca,machine-2-7,0,spike,identical,B,64,0.38375,0.33208333333333334,0.2841666666666666,0.788826050018993,0.6144342520017941,0.5996362993337183,0.5988722567959481,0.7479166666666667,0.14583333333333331,435.4375
pca,machine-2-7,0,spike,identical,B,256,0.29874999999999996,0.1708333333333333,0.5304166666666666,0.7852891951445514,0.5930017386350408,0.6532070577107458,0.6178521458583235,0.6979166666666667,0.29583333333333334,239.59375
pca,machine-2-7,0,spike,identical,B,1024,0.25499999999999995,0.1508333333333333,0.5941666666666666,0.752637142484972,0.5945767532823462,0.6686227948868172,0.640184733225543,0.6645833333333333,0.2708333333333333,930.53125
pca,machine-2-7,0,spike,identical,Bng,64,0.5266666666666666,0.47333333333333333,0.0,0.788826050018993,0.6144342520017941,,0.5592420461529983,0.8645833333333334,0.0,438.21875
pca,machine-2-7,0,spike,identical,Bng,256,0.5370833333333334,0.46291666666666664,0.0,0.7852891951445514,0.5930017386350408,,0.5394642530429989,0.925,0.0,285.8125
pca,machine-2-7,0,spike,identical,Bng,1024,0.48416666666666663,0.5158333333333334,0.0,0.752637142484972,0.5945767532823462,,0.5416794450413203,0.8416666666666667,0.0,1053.4375
pca,machine-2-7,0,spike,identical,D,64,0.1545833333333333,0.49875,0.3466666666666666,0.5705473200225223,0.6144342520017941,0.5996362993337183,0.5988722567959481,0.16249999999999998,0.3416666666666667,5890.75
pca,machine-2-7,0,spike,identical,D,256,0.051249999999999976,0.27625,0.6725,0.5541072778144847,0.5930017386350408,0.6532070577107458,0.6178521458583235,0.05416666666666665,0.6291666666666667,4316.78125
pca,machine-2-7,0,spike,identical,D,1024,0.01708333333333331,0.205,0.7779166666666666,0.5306518840614667,0.5945767532823462,0.6686227948868172,0.640184733225543,0.006249999999999993,0.7708333333333334,2278.875
pca,machine-2-7,0,spike,variant,B,64,0.2954166666666666,0.35374999999999995,0.35083333333333333,0.6421749808535767,0.612725313791587,0.6026929033356208,0.5970532614181832,0.4645833333333333,0.2895833333333333,2014.0625
pca,machine-2-7,0,spike,variant,B,256,0.1920833333333333,0.16416666666666663,0.6437499999999999,0.6323203086570494,0.5905562727937697,0.6601412849501959,0.620490193672942,0.36041666666666666,0.53125,200.25
pca,machine-2-7,0,spike,variant,B,1024,0.1445833333333333,0.15083333333333332,0.7045833333333333,0.6108581879628047,0.5903144947744794,0.6691928641071395,0.6368317718709036,0.2791666666666667,0.59375,754.9375
pca,machine-2-7,0,spike,variant,Bng,64,0.47791666666666666,0.5220833333333333,0.0,0.6421749808535767,0.612725313791587,,0.5557409502196748,0.66875,0.0,2879.0625
pca,machine-2-7,0,spike,variant,Bng,256,0.4591666666666666,0.5408333333333333,0.0,0.6323203086570494,0.5905562727937697,,0.5380292034131702,0.68125,0.0,2693.40625
pca,machine-2-7,0,spike,variant,Bng,1024,0.43083333333333335,0.5691666666666667,0.0,0.6108581879628047,0.5903144947744794,,0.5366796638249659,0.63125,0.0,4449.84375
pca,machine-2-7,0,spike,variant,D,64,0.20041666666666663,0.4620833333333333,0.33749999999999997,0.5679700641002393,0.612725313791587,0.6026929033356208,0.5970532614181832,0.175,0.3770833333333333,4495.375
pca,machine-2-7,0,spike,variant,D,256,0.05208333333333331,0.21749999999999997,0.7304166666666666,0.5578386853586701,0.5905562727937697,0.6601412849501959,0.620490193672942,0.06458333333333333,0.6895833333333333,2942.40625
pca,machine-2-7,0,spike,variant,D,1024,0.019583333333333314,0.17541666666666664,0.8049999999999999,0.5393643266856856,0.5903144947744794,0.6691928641071395,0.6368317718709036,0.018749999999999996,0.80625,1077.5625
pca,machine-3-7,0,burst,identical,B,64,0.8954166666666666,0.07291666666666664,0.03166666666666665,0.8866508905396819,0.5737818620930467,0.46527308551436186,0.5691954542091067,0.9145833333333333,0.027083333333333313,92.96875
pca,machine-3-7,0,burst,identical,B,256,0.8395833333333333,0.05583333333333332,0.1045833333333333,0.8832906869564657,0.5733804034588477,0.5531361905489817,0.5761584846156547,0.8541666666666667,0.10624999999999998,270.96875
pca,machine-3-7,0,burst,identical,B,1024,0.8295833333333333,0.0533333333333333,0.11708333333333329,0.8624221330853069,0.5611871007694792,0.5841752739776745,0.5807774746683592,0.8458333333333333,0.11458333333333331,990.5625
pca,machine-3-7,0,burst,identical,Bng,64,0.9225,0.07749999999999999,0.0,0.8866508905396819,0.5737818620930467,,0.5157421772134262,0.9291666666666667,0.0,93.5
pca,machine-3-7,0,burst,identical,Bng,256,0.9308333333333333,0.06916666666666664,0.0,0.8832906869564657,0.5733804034588477,,0.5140331421814279,0.9479166666666666,0.0,286.875
pca,machine-3-7,0,burst,identical,Bng,1024,0.9275,0.07249999999999998,0.0,0.8624221330853069,0.5611871007694792,,0.503990713171223,0.9416666666666667,0.0,1051.75
pca,machine-3-7,0,burst,identical,D,64,0.10166666666666666,0.6795833333333333,0.21875,0.4570241774627055,0.5737818620930467,0.46527308551436186,0.5691954542091067,0.11458333333333333,0.20625,11690.65625
pca,machine-3-7,0,burst,identical,D,256,0.04416666666666664,0.5858333333333333,0.37,0.41705112488259444,0.5733804034588477,0.5531361905489817,0.5761584846156547,0.04583333333333332,0.4041666666666667,9028.40625
pca,machine-3-7,0,burst,identical,D,1024,0.009999999999999988,0.45458333333333334,0.5354166666666667,0.3881422085337279,0.5611871007694792,0.5841752739776745,0.5807774746683592,0.016666666666666663,0.5770833333333334,4828.15625
pca,machine-3-7,0,burst,variant,B,64,0.8158333333333333,0.12083333333333332,0.06333333333333331,0.8355988260491378,0.6165686373223433,0.5402400762435576,0.6304131914354534,0.81875,0.06666666666666665,1161.25
pca,machine-3-7,0,burst,variant,B,256,0.7691666666666667,0.08249999999999998,0.14833333333333332,0.8410176244221617,0.6146509964523293,0.6161689024784324,0.627429832121444,0.7895833333333333,0.14166666666666664,271.1875
pca,machine-3-7,0,burst,variant,B,1024,0.6708333333333333,0.10916666666666665,0.21999999999999997,0.8100802336518704,0.598982436643271,0.6527911409546715,0.6317661849368479,0.6979166666666666,0.22083333333333333,934.4375
pca,machine-3-7,0,burst,variant,Bng,64,0.8724999999999999,0.12749999999999997,0.0,0.8355988260491378,0.6165686373223433,,0.5556042436354607,0.8729166666666667,0.0,1162.875
pca,machine-3-7,0,burst,variant,Bng,256,0.89375,0.10624999999999998,0.0,0.8410176244221617,0.6146509964523293,,0.5511647420763461,0.90625,0.0,287.53125
pca,machine-3-7,0,burst,variant,Bng,1024,0.8604166666666666,0.1395833333333333,0.0,0.8100802336518704,0.598982436643271,,0.5396993178903122,0.88125,0.0,1053.875
pca,machine-3-7,0,burst,variant,D,64,0.10499999999999998,0.645,0.25,0.528812830116196,0.6165686373223433,0.5402400762435576,0.6304131914354534,0.11458333333333331,0.2520833333333333,9942.65625
pca,machine-3-7,0,burst,variant,D,256,0.03249999999999996,0.5620833333333334,0.40541666666666665,0.4870936831054673,0.6146509964523293,0.6161689024784324,0.627429832121444,0.04375,0.41874999999999996,8023.03125
pca,machine-3-7,0,burst,variant,D,1024,0.010416666666666644,0.4325,0.5570833333333333,0.4485706505657373,0.598982436643271,0.6527911409546715,0.6317661849368479,0.016666666666666663,0.60625,3543.53125
pca,machine-3-7,0,spike,identical,B,64,0.43624999999999997,0.30416666666666664,0.25958333333333333,0.8136869690475425,0.6043377539194084,0.6304008285025174,0.6599520201602035,0.6916666666666667,0.17708333333333331,2006.0
pca,machine-3-7,0,spike,identical,B,256,0.32,0.28125,0.39875,0.7752810662014037,0.600400922232309,0.6757794987315454,0.6706955451121648,0.6375,0.25416666666666665,1129.4375
pca,machine-3-7,0,spike,identical,B,1024,0.22874999999999998,0.3725,0.39875,0.7220792355708298,0.6081428809823951,0.6595754145181506,0.6521739902457186,0.5666666666666667,0.27499999999999997,2171.4375
pca,machine-3-7,0,spike,identical,Bng,64,0.67375,0.32625,0.0,0.8136869690475425,0.6043377539194084,,0.5446597531802645,0.8520833333333333,0.0,2012.4375
pca,machine-3-7,0,spike,identical,Bng,256,0.6379166666666667,0.3620833333333333,0.0,0.7752810662014037,0.600400922232309,,0.5388177631393332,0.84375,0.0,1167.9375
pca,machine-3-7,0,spike,identical,Bng,1024,0.5370833333333332,0.46291666666666664,0.0,0.7220792355708298,0.6081428809823951,,0.5488414120114969,0.7895833333333333,0.0,2326.5625
pca,machine-3-7,0,spike,identical,D,64,0.2370833333333333,0.45625,0.30666666666666664,0.6203388333316915,0.6043377539194084,0.6304008285025174,0.6599520201602035,0.19166666666666665,0.375,6921.84375
pca,machine-3-7,0,spike,identical,D,256,0.03999999999999998,0.4370833333333333,0.5229166666666667,0.5838876758694977,0.600400922232309,0.6757794987315454,0.6706955451121648,0.03124999999999998,0.5333333333333333,7642.53125
pca,machine-3-7,0,spike,identical,D,1024,0.00833333333333332,0.5045833333333333,0.4870833333333333,0.526037511894781,0.6081428809823951,0.6595754145181506,0.6521739902457186,0.002083333333333331,0.4958333333333333,8841.1875
pca,machine-3-7,0,spike,variant,B,64,0.345,0.35125,0.30375,0.6920325150363814,0.6078712830929727,0.6273625515991597,0.6565276420901079,0.44999999999999996,0.27291666666666664,4504.1875
pca,machine-3-7,0,spike,variant,B,256,0.22583333333333333,0.3275,0.44666666666666666,0.6680812709684769,0.5967731581763764,0.6644650838256214,0.6655410762431053,0.3770833333333333,0.375,3081.40625
pca,machine-3-7,0,spike,variant,B,1024,0.15999999999999998,0.4116666666666667,0.42833333333333334,0.6149349846236547,0.6050490498893915,0.659728146853894,0.6466147547160245,0.24583333333333332,0.39791666666666664,6358.8125
pca,machine-3-7,0,spike,variant,Bng,64,0.6145833333333333,0.3854166666666667,0.0,0.6920325150363814,0.6078712830929727,,0.544903442564294,0.6875,0.0,5122.875
pca,machine-3-7,0,spike,variant,Bng,256,0.5791666666666666,0.42083333333333334,0.0,0.6680812709684769,0.5967731581763764,,0.5352687279514401,0.6791666666666667,0.0,3807.03125
pca,machine-3-7,0,spike,variant,Bng,1024,0.4825,0.5175,0.0,0.6149349846236547,0.6050490498893915,,0.5443608546879821,0.5499999999999999,0.0,8033.53125
pca,machine-3-7,0,spike,variant,D,64,0.2283333333333333,0.45333333333333337,0.3183333333333333,0.6256747238641996,0.6078712830929727,0.6273625515991597,0.6565276420901079,0.21249999999999997,0.35,6783.0
pca,machine-3-7,0,spike,variant,D,256,0.039166666666666634,0.4345833333333334,0.52625,0.5843568581646298,0.5967731581763764,0.6644650838256214,0.6655410762431053,0.04791666666666664,0.5229166666666667,6652.9375
pca,machine-3-7,0,spike,variant,D,1024,0.015833333333333324,0.5004166666666666,0.48374999999999996,0.522216285442513,0.6050490498893915,0.659728146853894,0.6466147547160245,0.010416666666666663,0.5,8732.59375
relu,machine-1-6,11,burst,identical,B,64,0.765,0.15166666666666667,0.08333333333333331,0.9301024972510319,0.8648095554160916,0.8389612366748583,0.8655338849344636,0.7895833333333334,0.06458333333333331,1592.21875
relu,machine-1-6,11,burst,identical,B,256,0.59,0.16791666666666663,0.24208333333333332,0.8494390432396205,0.8662440724585716,0.8677779551482125,0.8699578955645441,0.60625,0.23958333333333331,2030.25
relu,machine-1-6,11,burst,identical,B,1024,0.24291666666666667,0.2733333333333333,0.48374999999999996,0.7628574518241028,0.8640980705870804,0.8739117399694435,0.8718311536200578,0.2604166666666667,0.48125,4211.5
relu,machine-1-6,11,burst,identical,Bng,64,0.7966666666666666,0.2033333333333333,0.0,0.9301024972510319,0.8648095554160916,,0.8544677646264013,0.8187500000000001,0.0,1593.34375
relu,machine-1-6,11,burst,identical,Bng,256,0.6225,0.37749999999999995,0.0,0.8494390432396205,0.8662440724585716,,0.8545645291569612,0.64375,0.0,3176.59375
relu,machine-1-6,11,burst,identical,Bng,1024,0.27875,0.72125,0.0,0.7628574518241028,0.8640980705870804,,0.8536564440588776,0.28541666666666665,0.0,8345.34375
relu,machine-1-6,11,burst,identical,D,64,0.14624999999999996,0.5091666666666667,0.3445833333333333,0.8233948577577371,0.8648095554160916,0.8389612366748583,0.8655338849344636,0.13749999999999998,0.37916666666666665,6098.15625
relu,machine-1-6,11,burst,identical,D,256,0.014166666666666656,0.4970833333333333,0.48875,0.7387528195318991,0.8662440724585716,0.8677779551482125,0.8699578955645441,0.018749999999999996,0.4895833333333333,7129.0
relu,machine-1-6,11,burst,identical,D,1024,0.0016666666666666624,0.32416666666666666,0.6741666666666667,0.6611276648786136,0.8640980705870804,0.8739117399694435,0.8718311536200578,0.0,0.69375,4510.3125
relu,machine-1-6,11,burst,variant,B,64,0.5883333333333334,0.18708333333333332,0.2245833333333333,0.9160134854752013,0.9039136933730001,0.8940709879708695,0.9118380181744389,0.6416666666666666,0.1958333333333333,1586.125
relu,machine-1-6,11,burst,variant,B,256,0.28541666666666665,0.25499999999999995,0.45958333333333334,0.8345250531547181,0.9048112144534258,0.9179904949933507,0.9142202491546213,0.2895833333333333,0.4666666666666667,2926.59375
relu,machine-1-6,11,burst,variant,B,1024,0.024583333333333332,0.24166666666666667,0.73375,0.7442208069899405,0.903808245074245,0.9230412283277736,0.9189598381269667,0.035416666666666666,0.7270833333333333,3460.15625
relu,machine-1-6,11,burst,variant,Bng,64,0.7083333333333334,0.29166666666666663,0.0,0.9160134854752013,0.9039136933730001,,0.8945773745536828,0.7583333333333333,0.0,2021.65625
relu,machine-1-6,11,burst,variant,Bng,256,0.44208333333333333,0.5579166666666666,0.0,0.8345250531547181,0.9048112144534258,,0.8942662698427226,0.44166666666666665,0.0,5367.875
relu,machine-1-6,11,burst,variant,Bng,1024,0.09041666666666666,0.9095833333333333,0.0,0.7442208069899405,0.903808245074245,,0.8944633143778997,0.10833333333333334,0.0,10582.90625
relu,machine-1-6,11,burst,variant,D,64,0.21583333333333332,0.34833333333333333,0.4358333333333333,0.8768916094014964,0.9039136933730001,0.8940709879708695,0.9118380181744389,0.1875,0.49583333333333335,3756.90625
relu,machine-1-6,11,burst,variant,D,256,0.023333333333333324,0.32875,0.6479166666666666,0.7841841737066813,0.9048112144534258,0.9179904949933507,0.9142202491546213,0.022916666666666655,0.6729166666666667,4212.65625
relu,machine-1-6,11,burst,variant,D,1024,0.0075,0.24458333333333335,0.7479166666666667,0.6954132098284441,0.903808245074245,0.9230412283277736,0.9189598381269667,0.002083333333333331,0.7541666666666667,3454.75
relu,machine-1-6,11,spike,identical,B,64,0.20291666666666663,0.2604166666666667,0.5366666666666667,0.9298984872751093,0.9180627574913885,0.9338089270515743,0.9335191580290788,0.3416666666666667,0.4458333333333333,2588.40625
relu,machine-1-6,11,spike,identical,B,256,0.012083333333333331,0.057499999999999975,0.9304166666666667,0.851211314062999,0.9114389196018228,0.9466285096389208,0.9363789277205702,0.02291666666666666,0.9354166666666667,60.75
relu,machine-1-6,11,spike,identical,B,1024,0.035416666666666666,0.17625,0.7883333333333333,0.8215768168752,0.930364680617763,0.9547564758462336,0.9483164856138816,0.06666666666666665,0.775,2587.0625
relu,machine-1-6,11,spike,identical,Bng,64,0.6208333333333333,0.37916666666666665,0.0,0.9298984872751093,0.9180627574913885,,0.9075980800636413,0.6833333333333333,0.0,3430.875
relu,machine-1-6,11,spike,identical,Bng,256,0.1370833333333333,0.8629166666666667,0.0,0.851211314062999,0.9114389196018228,,0.9020068846783098,0.19166666666666668,0.0,8800.46875
relu,machine-1-6,11,spike,identical,Bng,1024,0.17625,0.82375,0.0,0.8215768168752,0.930364680617763,,0.9216945551430502,0.2125,0.0,8045.40625
relu,machine-1-6,11,spike,identical,D,64,0.27416666666666667,0.24541666666666664,0.48041666666666666,0.9284626049155406,0.9180627574913885,0.9338089270515743,0.9335191580290788,0.26041666666666663,0.5145833333333333,2177.59375
relu,machine-1-6,11,spike,identical,D,256,0.009583333333333326,0.059166666666666645,0.93125,0.8500740642030278,0.9114389196018228,0.9466285096389208,0.9363789277205702,0.008333333333333325,0.9479166666666666,60.375
relu,machine-1-6,11,spike,identical,D,1024,0.04041666666666666,0.1725,0.7870833333333334,0.8203638696950075,0.930364680617763,0.9547564758462336,0.9483164856138816,0.054166666666666655,0.7875,2586.5
relu,machine-1-6,11,spike,variant,B,64,0.14416666666666664,0.30541666666666667,0.5504166666666667,0.9227839085090842,0.9190272053605567,0.9325366629696422,0.9339167424302567,0.16041666666666665,0.5625,3266.0625
relu,machine-1-6,11,spike,variant,B,256,0.00125,0.05166666666666665,0.9470833333333333,0.8477873710868755,0.9114510190655956,0.9473385831236355,0.9367164067070926,0.0,0.9604166666666667,57.625
relu,machine-1-6,11,spike,variant,B,1024,0.02583333333333332,0.18624999999999997,0.7879166666666667,0.815978800325604,0.9306969204339175,0.9539722775107549,0.947713342370034,0.033333333333333326,0.79375,2588.15625
relu,machine-1-6,11,spike,variant,Bng,64,0.58,0.42,0.0,0.9227839085090842,0.9190272053605567,,0.9085212752689207,0.61875,0.0,4964.84375
relu,machine-1-6,11,spike,variant,Bng,256,0.12541666666666665,0.8745833333333334,0.0,0.8477873710868755,0.9114510190655956,,0.901924211135115,0.15,0.0,9746.34375
relu,machine-1-6,11,spike,variant,Bng,1024,0.15208333333333332,0.8479166666666667,0.0,0.815978800325604,0.9306969204339175,,0.9221437985777958,0.175,0.0,8453.78125
relu,machine-1-6,11,spike,variant,D,64,0.2525,0.2845833333333333,0.46291666666666664,0.9269295057509536,0.9190272053605567,0.9325366629696422,0.9339167424302567,0.2458333333333333,0.4979166666666667,2859.21875
relu,machine-1-6,11,spike,variant,D,256,0.004583333333333332,0.05166666666666665,0.94375,0.850272432667124,0.9114510190655956,0.9473385831236355,0.9367164067070926,0.004166666666666662,0.95625,57.625
relu,machine-1-6,11,spike,variant,D,1024,0.03999999999999999,0.18249999999999997,0.7775,0.8183704811754652,0.9306969204339175,0.9539722775107549,0.947713342370034,0.054166666666666655,0.7833333333333333,2590.34375
relu,machine-1-6,22,burst,identical,B,64,0.7991666666666666,0.12333333333333332,0.07749999999999996,0.9137773714294459,0.8205656380352393,0.8119174381901932,0.826132031682628,0.8166666666666667,0.06458333333333331,1593.875
relu,machine-1-6,22,burst,identical,B,256,0.5966666666666667,0.14541666666666664,0.2579166666666666,0.837531676933495,0.8260867640856525,0.8354761161367621,0.8348905254520144,0.6208333333333333,0.25208333333333327,1937.21875
relu,machine-1-6,22,burst,identical,B,1024,0.2758333333333333,0.23208333333333334,0.4920833333333333,0.7562676625996123,0.824449491150179,0.8449654912145756,0.8387861861460375,0.28125,0.47916666666666663,4751.3125
relu,machine-1-6,22,burst,identical,Bng,64,0.8429166666666666,0.1570833333333333,0.0,0.9137773714294459,0.8205656380352393,,0.8060436620121556,0.8583333333333334,0.0,1594.75
relu,machine-1-6,22,burst,identical,Bng,256,0.6454166666666666,0.3545833333333333,0.0,0.837531676933495,0.8260867640856525,,0.8109844230453362,0.66875,0.0,2903.1875
relu,machine-1-6,22,burst,identical,Bng,1024,0.4308333333333333,0.5691666666666666,0.0,0.7562676625996123,0.824449491150179,,0.808702951416081,0.44166666666666665,0.0,7271.09375
relu,machine-1-6,22,burst,identical,D,64,0.24541666666666664,0.43124999999999997,0.3233333333333333,0.7853721853549617,0.8205656380352393,0.8119174381901932,0.826132031682628,0.23958333333333331,0.3333333333333333,6379.28125
relu,machine-1-6,22,burst,identical,D,256,0.01083333333333332,0.4145833333333333,0.5745833333333333,0.7081694457956064,0.8260867640856525,0.8354761161367621,0.8348905254520144,0.004166666666666662,0.5958333333333333,5825.96875
relu,machine-1-6,22,burst,identical,D,1024,0.00125,0.38166666666666665,0.6170833333333333,0.6253562706363813,0.824449491150179,0.8449654912145756,0.8387861861460375,0.0,0.6124999999999999,5426.25
relu,machine-1-6,22,burst,variant,B,64,0.6404166666666666,0.17833333333333334,0.18124999999999997,0.897315949016429,0.8652611826776797,0.8765348778208067,0.8798698067138488,0.6666666666666666,0.175,1589.53125
relu,machine-1-6,22,burst,variant,B,256,0.3204166666666667,0.13624999999999998,0.5433333333333333,0.8140305726541622,0.8659464851030574,0.8925944913631716,0.8847623267991175,0.3416666666666667,0.5666666666666667,498.34375
relu,machine-1-6,22,burst,variant,B,1024,0.040416666666666656,0.16999999999999998,0.7895833333333333,0.729204379124988,0.8702260834375356,0.9047499107523275,0.8953878371167813,0.04375,0.7854166666666667,2277.0625
relu,machine-1-6,22,burst,variant,Bng,64,0.77,0.22999999999999998,0.0,0.897315949016429,0.8652611826776797,,0.8511671854784157,0.80625,0.0,1594.59375
relu,machine-1-6,22,burst,variant,Bng,256,0.49666666666666665,0.5033333333333333,0.0,0.8140305726541622,0.8659464851030574,,0.852694603572798,0.5166666666666666,0.0,4741.84375
relu,machine-1-6,22,burst,variant,Bng,1024,0.14833333333333332,0.8516666666666667,0.0,0.729204379124988,0.8702260834375356,,0.8556360373099338,0.15833333333333333,0.0,10288.125
relu,machine-1-6,22,burst,variant,D,64,0.2554166666666666,0.32125,0.42333333333333334,0.8487363601865994,0.8652611826776797,0.8765348778208067,0.8798698067138488,0.24999999999999997,0.43125,4389.375
relu,machine-1-6,22,burst,variant,D,256,0.011249999999999993,0.22583333333333333,0.7629166666666667,0.7596182338925337,0.8659464851030574,0.8925944913631716,0.8847623267991175,0.004166666666666662,0.81875,3048.78125
relu,machine-1-6,22,burst,variant,D,1024,0.00125,0.18,0.81875,0.665494437408821,0.8702260834375356,0.9047499107523275,0.8953878371167813,0.002083333333333331,0.8166666666666667,2233.65625
relu,machine-1-6,22,spike,identical,B,64,0.2283333333333333,0.20916666666666664,0.5625,0.9101682811179346,0.880393492056207,0.9186204459852934,0.9156820667836709,0.36666666666666664,0.46874999999999994,1683.0
relu,machine-1-6,22,spike,identical,B,256,0.006666666666666656,0.03541666666666665,0.9579166666666666,0.827539129597559,0.8798866424117282,0.9367413034007065,0.9225069047133425,0.01875,0.9625,64.875
relu,machine-1-6,22,spike,identical,B,1024,0.03499999999999999,0.1775,0.7875,0.7825003786902823,0.885695019780261,0.9332412199440638,0.9249806107074285,0.056249999999999994,0.7729166666666667,2671.46875
relu,machine-1-6,22,spike,identical,Bng,64,0.7083333333333334,0.29166666666666663,0.0,0.9101682811179346,0.880393492056207,,0.866852956416101,0.75625,0.0,2613.09375
relu,machine-1-6,22,spike,identical,Bng,256,0.22875,0.77125,0.0,0.827539129597559,0.8798866424117282,,0.8667737702939313,0.26875,0.0,8676.46875
relu,machine-1-6,22,spike,identical,Bng,1024,0.24041666666666664,0.7595833333333333,0.0,0.7825003786902823,0.885695019780261,,0.8724151638260004,0.28541666666666665,0.0,7600.8125
relu,machine-1-6,22,spike,identical,D,64,0.3083333333333333,0.20666666666666664,0.485,0.9088085498579548,0.880393492056207,0.9186204459852934,0.9156820667836709,0.31666666666666665,0.5104166666666666,1675.9375
relu,machine-1-6,22,spike,identical,D,256,0.004999999999999994,0.03541666666666665,0.9595833333333333,0.8277071032323872,0.8798866424117282,0.9367413034007065,0.9225069047133425,0.004166666666666662,0.9770833333333333,63.53125
relu,machine-1-6,22,spike,identical,D,1024,0.035416666666666666,0.17666666666666667,0.7879166666666667,0.7784076723930117,0.885695019780261,0.9332412199440638,0.9249806107074285,0.05833333333333332,0.7729166666666667,2670.1875
relu,machine-1-6,22,spike,variant,B,64,0.17624999999999996,0.22833333333333333,0.5954166666666667,0.902855579706979,0.8801244447071129,0.9186222856413846,0.9158928453143874,0.20625,0.6145833333333334,1674.1875
relu,machine-1-6,22,spike,variant,B,256,0.0004166666666666625,0.028749999999999987,0.9708333333333333,0.8227983509467992,0.8786388250133712,0.9383415878962152,0.9235268948474916,0.0,0.9854166666666667,59.46875
relu,machine-1-6,22,spike,variant,B,1024,0.019999999999999993,0.18166666666666667,0.7983333333333333,0.7788460041855646,0.8856855790035396,0.9333910994465886,0.9246895249115319,0.033333333333333326,0.7916666666666667,2616.96875
relu,machine-1-6,22,spike,variant,Bng,64,0.6820833333333334,0.3179166666666667,0.0,0.902855579706979,0.8801244447071129,,0.866526146961075,0.7166666666666667,0.0,3025.0
relu,machine-1-6,22,spike,variant,Bng,256,0.20916666666666664,0.7908333333333333,0.0,0.8227983509467992,0.8786388250133712,,0.8656460344590154,0.24374999999999997,0.0,8686.5
relu,machine-1-6,22,spike,variant,Bng,1024,0.22624999999999998,0.77375,0.0,0.7788460041855646,0.8856855790035396,,0.872222547810049,0.23541666666666666,0.0,8787.125
relu,machine-1-6,22,spike,variant,D,64,0.2945833333333333,0.21958333333333332,0.48583333333333334,0.907973869983683,0.8801244447071129,0.9186222856413846,0.9158928453143874,0.2895833333333333,0.5291666666666667,1677.15625
relu,machine-1-6,22,spike,variant,D,256,0.0029166666666666625,0.028749999999999987,0.9683333333333333,0.8273955026859767,0.8786388250133712,0.9383415878962152,0.9235268948474916,0.002083333333333331,0.9833333333333334,61.34375
relu,machine-1-6,22,spike,variant,D,1024,0.04333333333333333,0.17875,0.7779166666666667,0.7799332033241424,0.8856855790035396,0.9333910994465886,0.9246895249115319,0.049999999999999996,0.7770833333333333,2674.34375
relu,machine-1-6,33,burst,identical,B,64,0.7591666666666667,0.16041666666666665,0.08041666666666664,0.9127607193961639,0.8402943148141535,0.8101810552090448,0.8408558268437923,0.7833333333333333,0.0708333333333333,1593.90625
relu,machine-1-6,33,burst,identical,B,256,0.5745833333333333,0.15374999999999997,0.27166666666666667,0.8237043107542779,0.8412519840866095,0.8448814332560223,0.8458279571152465,0.60625,0.2666666666666666,1320.40625
relu,machine-1-6,33,burst,identical,B,1024,0.21416666666666667,0.21833333333333332,0.5675,0.7423133969740934,0.8334153375910577,0.8504765053477383,0.8437250848889186,0.23125,0.5645833333333333,2424.0
relu,machine-1-6,33,burst,identical,Bng,64,0.7991666666666667,0.2008333333333333,0.0,0.9127607193961639,0.8402943148141535,,0.8271475707869034,0.81875,0.0,1595.21875
relu,machine-1-6,33,burst,identical,Bng,256,0.61125,0.38875,0.0,0.8237043107542779,0.8412519840866095,,0.8279875042952337,0.6354166666666667,0.0,3123.90625
relu,machine-1-6,33,burst,identical,Bng,1024,0.26,0.74,0.0,0.7423133969740934,0.8334153375910577,,0.8189632991221415,0.27291666666666664,0.0,8360.21875
relu,machine-1-6,33,burst,identical,D,64,0.16583333333333333,0.5570833333333334,0.2770833333333333,0.7891392723073218,0.8402943148141535,0.8101810552090448,0.8408558268437923,0.12499999999999999,0.33749999999999997,6192.65625
relu,machine-1-6,33,burst,identical,D,256,0.006666666666666656,0.5175,0.47583333333333333,0.6949487558826932,0.8412519840866095,0.8448814332560223,0.8458279571152465,0.008333333333333331,0.48541666666666666,6788.9375
relu,machine-1-6,33,burst,identical,D,1024,0.004166666666666662,0.3129166666666666,0.6829166666666666,0.6141531430889102,0.8334153375910577,0.8504765053477383,0.8437250848889186,0.004166666666666662,0.6916666666666667,3729.84375
relu,machine-1-6,33,burst,variant,B,64,0.58375,0.22499999999999998,0.19124999999999998,0.8963556776041411,0.8840882581074982,0.8716116101729995,0.8920246182253163,0.6375,0.17499999999999996,1586.84375
relu,machine-1-6,33,burst,variant,B,256,0.2375,0.19208333333333333,0.5704166666666667,0.8033937136047175,0.8821131063155561,0.9008308827062982,0.8946082518369741,0.23124999999999998,0.5958333333333333,927.9375
relu,machine-1-6,33,burst,variant,B,1024,0.06833333333333333,0.19666666666666666,0.735,0.7167720968009751,0.8793895092572211,0.907722441025235,0.8986090255037253,0.07708333333333334,0.76875,1816.34375
relu,machine-1-6,33,burst,variant,Bng,64,0.7054166666666667,0.2945833333333333,0.0,0.8963556776041411,0.8840882581074982,,0.8731249164821708,0.7604166666666666,0.0,1820.71875
relu,machine-1-6,33,burst,variant,Bng,256,0.38249999999999995,0.6174999999999999,0.0,0.8033937136047175,0.8821131063155561,,0.8698986434209421,0.3895833333333333,0.0,6291.75
relu,machine-1-6,33,burst,variant,Bng,1024,0.08875,0.91125,0.0,0.7167720968009751,0.8793895092572211,,0.8672251586702945,0.09583333333333334,0.0,10006.5
relu,machine-1-6,33,burst,variant,D,64,0.25375,0.41833333333333333,0.32791666666666663,0.850028527751082,0.8840882581074982,0.8716116101729995,0.8920246182253163,0.22291666666666665,0.3833333333333333,4294.375
relu,machine-1-6,33,burst,variant,D,256,0.016249999999999987,0.3075,0.67625,0.7432916264688197,0.8821131063155561,0.9008308827062982,0.8946082518369741,0.016666666666666656,0.7083333333333333,2425.65625
relu,machine-1-6,33,burst,variant,D,1024,0.00375,0.21333333333333332,0.7829166666666667,0.6524059956889552,0.8793895092572211,0.907722441025235,0.8986090255037253,0.004166666666666662,0.81875,2316.3125
relu,machine-1-6,33,spike,identical,B,64,0.23291666666666666,0.22749999999999998,0.5395833333333333,0.9099846802879367,0.890328323847782,0.9176778260371466,0.9151212720195442,0.35,0.47916666666666663,1781.46875
relu,machine-1-6,33,spike,identical,B,256,0.008749999999999987,0.05458333333333333,0.9366666666666666,0.8167472432790285,0.8897229795316656,0.9355280280437518,0.9232004705485984,0.020833333333333325,0.93125,56.90625
relu,machine-1-6,33,spike,identical,B,1024,0.029166666666666657,0.19166666666666665,0.7791666666666667,0.7962936660416137,0.9056617267136877,0.9399260264740232,0.9331579779262353,0.033333333333333326,0.79375,2647.625
relu,machine-1-6,33,spike,identical,Bng,64,0.6725,0.3275,0.0,0.9099846802879367,0.890328323847782,,0.878481402126056,0.725,0.0,3513.28125
relu,machine-1-6,33,spike,identical,Bng,256,0.16916666666666666,0.8308333333333333,0.0,0.8167472432790285,0.8897229795316656,,0.8782487303288906,0.21041666666666664,0.0,7965.9375
relu,machine-1-6,33,spike,identical,Bng,1024,0.1975,0.8025,0.0,0.7962936660416137,0.9056617267136877,,0.8949689598888715,0.22708333333333333,0.0,8743.84375
relu,machine-1-6,33,spike,identical,D,64,0.31416666666666665,0.21416666666666664,0.4716666666666667,0.9073786719842392,0.890328323847782,0.9176778260371466,0.9151212720195442,0.3,0.525,1742.8125
relu,machine-1-6,33,spike,identical,D,256,0.007083333333333331,0.05499999999999999,0.9379166666666666,0.8148554352822017,0.8897229795316656,0.9355280280437518,0.9232004705485984,0.008333333333333331,0.94375,57.25
relu,machine-1-6,33,spike,identical,D,1024,0.03833333333333333,0.18874999999999997,0.7729166666666667,0.7928855509922403,0.9056617267136877,0.9399260264740232,0.9331579779262353,0.041666666666666664,0.79375,2649.15625
relu,machine-1-6,33,spike,variant,B,64,0.1708333333333333,0.24833333333333332,0.5808333333333333,0.9005908642714707,0.8903439398741565,0.9165586811896086,0.9147262099463587,0.19583333333333333,0.5958333333333333,2620.40625
relu,machine-1-6,33,spike,variant,B,256,0.0016666666666666627,0.05666666666666665,0.9416666666666667,0.811689278898372,0.8895958235051893,0.9361889941181848,0.9239737396825223,0.0,0.9625,54.5
relu,machine-1-6,33,spike,variant,B,1024,0.018749999999999992,0.19166666666666665,0.7895833333333333,0.7895083402961487,0.9063088505117495,0.9401893405459478,0.9332080274751703,0.020833333333333325,0.7958333333333333,2755.4375
relu,machine-1-6,33,spike,variant,Bng,64,0.64,0.36,0.0,0.9005908642714707,0.8903439398741565,,0.8786054623894413,0.6875,0.0,3546.21875
relu,machine-1-6,33,spike,variant,Bng,256,0.14041666666666666,0.8595833333333334,0.0,0.811689278898372,0.8895958235051893,,0.8781041260960255,0.16666666666666669,0.0,9134.375
relu,machine-1-6,33,spike,variant,Bng,1024,0.17958333333333332,0.8204166666666667,0.0,0.7895083402961487,0.9063088505117495,,0.8953366885492346,0.18749999999999997,0.0,8807.65625
relu,machine-1-6,33,spike,variant,D,64,0.2895833333333333,0.23041666666666666,0.48,0.9058854488705945,0.8903439398741565,0.9165586811896086,0.9147262099463587,0.28541666666666665,0.5125,2624.625
relu,machine-1-6,33,spike,variant,D,256,0.004166666666666662,0.05666666666666665,0.9391666666666667,0.8142976113092762,0.8895958235051893,0.9361889941181848,0.9239737396825223,0.002083333333333331,0.9604166666666667,54.5
relu,machine-1-6,33,spike,variant,D,1024,0.04333333333333332,0.1875,0.7691666666666667,0.7909008919358942,0.9063088505117495,0.9401893405459478,0.9332080274751703,0.047916666666666656,0.7708333333333334,2757.8125
relu,machine-2-7,11,burst,identical,B,64,0.8775,0.03333333333333332,0.08916666666666663,0.9578039832504375,0.8504511066384793,0.8333960437900724,0.8495348041563259,0.9020833333333333,0.07291666666666663,91.5
relu,machine-2-7,11,burst,identical,B,256,0.7308333333333333,0.14833333333333332,0.12083333333333329,0.8891157013616201,0.846107775529301,0.8447006447177903,0.8501718742279322,0.75625,0.0958333333333333,1592.9375
relu,machine-2-7,11,burst,identical,B,1024,0.57625,0.23916666666666664,0.1845833333333333,0.8801542375734228,0.8600025897751026,0.8660959083570122,0.8645696389215666,0.59375,0.19999999999999998,3975.5625
relu,machine-2-7,11,burst,identical,Bng,64,0.9075,0.09249999999999997,0.0,0.9578039832504375,0.8504511066384793,,0.8412365598100552,0.9270833333333334,0.0,92.75
relu,machine-2-7,11,burst,identical,Bng,256,0.7525,0.24749999999999997,0.0,0.8891157013616201,0.846107775529301,,0.835403334442072,0.775,0.0,1601.4375
relu,machine-2-7,11,burst,identical,Bng,1024,0.5925,0.4075,0.0,0.8801542375734228,0.8600025897751026,,0.8526485826663044,0.6125,0.0,4521.53125
relu,machine-2-7,11,burst,identical,D,64,0.07166666666666664,0.6483333333333333,0.27999999999999997,0.8215841044969434,0.8504511066384793,0.8333960437900724,0.8495348041563259,0.062499999999999986,0.33125,7704.75
relu,machine-2-7,11,burst,identical,D,256,0.006666666666666656,0.4916666666666667,0.5016666666666666,0.7504610503647993,0.846107775529301,0.8447006447177903,0.8501718742279322,0.006249999999999993,0.5020833333333333,6048.4375
relu,machine-2-7,11,burst,identical,D,1024,0.0004166666666666625,0.39708333333333334,0.6025,0.7406079796662061,0.8600025897751026,0.8660959083570122,0.8645696389215666,0.0,0.6458333333333334,5103.28125
relu,machine-2-7,11,burst,variant,B,64,0.7429166666666667,0.09416666666666665,0.16291666666666665,0.9387888114105375,0.8998279332661455,0.9011682648072106,0.90623652030512,0.7583333333333333,0.16874999999999998,713.0625
relu,machine-2-7,11,burst,variant,B,256,0.465,0.20625,0.32875,0.8641688006072221,0.8993903370398606,0.9100827966905349,0.909317854315619,0.5145833333333333,0.27499999999999997,2081.5
relu,machine-2-7,11,burst,variant,B,1024,0.2875,0.25,0.46249999999999997,0.8568056331464615,0.9133531929269278,0.9259024779509207,0.9227077723518914,0.29791666666666666,0.4916666666666667,3779.3125
relu,machine-2-7,11,burst,variant,Bng,64,0.7941666666666667,0.2058333333333333,0.0,0.9387888114105375,0.8998279332661455,,0.8928957733652121,0.8375,0.0,717.34375
relu,machine-2-7,11,burst,variant,Bng,256,0.5945833333333334,0.40541666666666665,0.0,0.8641688006072221,0.8993903370398606,,0.8896353541361443,0.61875,0.0,2546.9375
relu,machine-2-7,11,burst,variant,Bng,1024,0.39,0.61,0.0,0.8568056331464615,0.9133531929269278,,0.9071805468703519,0.40208333333333335,0.0,6914.625
relu,machine-2-7,11,burst,variant,D,64,0.15999999999999998,0.35416666666666663,0.48583333333333334,0.8905977275146801,0.8998279332661455,0.9011682648072106,0.90623652030512,0.12291666666666665,0.5625,3036.46875
relu,machine-2-7,11,burst,variant,D,256,0.039583333333333325,0.3354166666666667,0.625,0.8086284307852989,0.8993903370398606,0.9100827966905349,0.909317854315619,0.04375,0.625,3309.125
relu,machine-2-7,11,burst,variant,D,1024,0.0,0.29791666666666666,0.7020833333333334,0.7966302248761827,0.9133531929269278,0.9259024779509207,0.9227077723518914,0.0,0.74375,4222.3125
relu,machine-2-7,11,spike,identical,B,64,0.14791666666666664,0.3725,0.4795833333333333,0.8956471452533956,0.9097659016491015,0.9193355690831578,0.9215889912116516,0.3645833333333333,0.31875,3275.28125
relu,machine-2-7,11,spike,identical,B,256,0.04958333333333331,0.1108333333333333,0.8395833333333333,0.8549983221421679,0.9027894168834276,0.9305387669726704,0.9234120570868818,0.18958333333333333,0.7354166666666667,114.6875
relu,machine-2-7,11,spike,identical,B,1024,0.013749999999999993,0.24,0.74625,0.8290119860089873,0.9066923026352848,0.9273966550290677,0.926550327447703,0.03958333333333333,0.7291666666666666,3319.5625
relu,machine-2-7,11,spike,identical,Bng,64,0.38708333333333333,0.6129166666666667,0.0,0.8956471452533956,0.9097659016491015,,0.900431061169109,0.5,0.0,5427.03125
relu,machine-2-7,11,spike,identical,Bng,256,0.20541666666666664,0.7945833333333333,0.0,0.8549983221421679,0.9027894168834276,,0.8942176315032455,0.40625,0.0,7179.0
relu,machine-2-7,11,spike,identical,Bng,1024,0.11124999999999999,0.88875,0.0,0.8290119860089873,0.9066923026352848,,0.8974118888490584,0.23124999999999998,0.0,9371.28125
relu,machine-2-7,11,spike,identical,D,64,0.11083333333333331,0.38875,0.5004166666666666,0.8798710048243259,0.9097659016491015,0.9193355690831578,0.9215889912116516,0.11458333333333331,0.5333333333333333,3301.46875
relu,machine-2-7,11,spike,identical,D,256,0.01958333333333332,0.11499999999999996,0.8654166666666666,0.8359327209367796,0.9027894168834276,0.9305387669726704,0.9234120570868818,0.024999999999999994,0.86875,81.5625
relu,machine-2-7,11,spike,identical,D,1024,0.0,0.24583333333333332,0.7541666666666667,0.8026370224642834,0.9066923026352848,0.9273966550290677,0.926550327447703,0.0,0.7541666666666667,3285.21875
relu,machine-2-7,11,spike,variant,B,64,0.08624999999999998,0.35375,0.5599999999999999,0.8798182304285522,0.9095435487881588,0.9193158784705848,0.9209042786304681,0.15208333333333332,0.5208333333333334,3131.3125
relu,machine-2-7,11,spike,variant,B,256,0.022083333333333323,0.10833333333333331,0.8695833333333334,0.8378343476312893,0.9026230635831479,0.9304896016803205,0.9229825968377495,0.03749999999999999,0.8708333333333333,480.53125
relu,machine-2-7,11,spike,variant,B,1024,0.000833333333333325,0.26208333333333333,0.7370833333333333,0.8100987589246852,0.9066736402175308,0.925504429701439,0.925442667174244,0.002083333333333331,0.7291666666666666,3288.03125
relu,machine-2-7,11,spike,variant,Bng,64,0.35916666666666663,0.6408333333333334,0.0,0.8798182304285522,0.9095435487881588,,0.899754199449159,0.42291666666666666,0.0,6210.8125
relu,machine-2-7,11,spike,variant,Bng,256,0.1558333333333333,0.8441666666666667,0.0,0.8378343476312893,0.9026230635831479,,0.8938464730619278,0.24791666666666665,0.0,7916.03125
relu,machine-2-7,11,spike,variant,Bng,1024,0.060833333333333316,0.9391666666666667,0.0,0.8100987589246852,0.9066736402175308,,0.897038825757168,0.075,0.0,11316.8125
relu,machine-2-7,11,spike,variant,D,64,0.11499999999999998,0.35,0.5349999999999999,0.8794045667986656,0.9095435487881588,0.9193158784705848,0.9209042786304681,0.13124999999999998,0.5520833333333334,2914.65625
relu,machine-2-7,11,spike,variant,D,256,0.020416666666666645,0.10958333333333331,0.87,0.8355844311981289,0.9026230635831479,0.9304896016803205,0.9229825968377495,0.02291666666666666,0.8770833333333333,479.53125
relu,machine-2-7,11,spike,variant,D,1024,0.0012499999999999937,0.26166666666666666,0.7370833333333333,0.801624686335871,0.9066736402175308,0.925504429701439,0.925442667174244,0.002083333333333331,0.7291666666666666,3288.03125
relu,machine-2-7,22,burst,identical,B,64,0.88,0.02208333333333332,0.09791666666666662,0.9547132340165694,0.829617861581958,0.8184144187048246,0.8288111731329858,0.9041666666666667,0.07291666666666663,90.40625
relu,machine-2-7,22,burst,identical,B,256,0.7445833333333334,0.14875,0.10666666666666663,0.8775537535593102,0.8268057475305157,0.8230394669664786,0.8323531322758646,0.7583333333333333,0.09166666666666663,1595.5
relu,machine-2-7,22,burst,identical,B,1024,0.5345833333333333,0.16749999999999998,0.2979166666666666,0.8593779763277429,0.8526022147537804,0.8615175014812645,0.8604279231749499,0.55,0.3020833333333333,2544.5625
relu,machine-2-7,22,burst,identical,Bng,64,0.9025,0.09749999999999996,0.0,0.9547132340165694,0.829617861581958,,0.8196729601194195,0.9291666666666667,0.0,92.53125
relu,machine-2-7,22,burst,identical,Bng,256,0.7675,0.23249999999999996,0.0,0.8775537535593102,0.8268057475305157,,0.8155379522802455,0.7854166666666667,0.0,1597.28125
relu,machine-2-7,22,burst,identical,Bng,1024,0.57,0.43,0.0,0.8593779763277429,0.8526022147537804,,0.8450293235949399,0.5875,0.0,4679.9375
relu,machine-2-7,22,burst,identical,D,64,0.06124999999999997,0.6041666666666666,0.33458333333333334,0.7997161490617545,0.829617861581958,0.8184144187048246,0.8288111731329858,0.05208333333333332,0.3395833333333333,8079.21875
relu,machine-2-7,22,burst,identical,D,256,0.004999999999999987,0.53875,0.45625,0.7168787823163529,0.8268057475305157,0.8230394669664786,0.8323531322758646,0.006249999999999993,0.45208333333333334,7415.125
relu,machine-2-7,22,burst,identical,D,1024,0.021666666666666667,0.4429166666666667,0.5354166666666667,0.7083148140696515,0.8526022147537804,0.8615175014812645,0.8604279231749499,0.008333333333333331,0.5520833333333333,6442.96875
relu,machine-2-7,22,burst,variant,B,64,0.74375,0.08083333333333333,0.17541666666666664,0.9325513881886967,0.8832774252677688,0.8931628669370235,0.8933332463461442,0.7666666666666667,0.15833333333333333,737.25
relu,machine-2-7,22,burst,variant,B,256,0.5370833333333334,0.19333333333333333,0.2695833333333333,0.8509989038258129,0.8833198353206578,0.8961896274430672,0.8980359346139422,0.5645833333333333,0.26041666666666663,2172.78125
relu,machine-2-7,22,burst,variant,B,1024,0.18375,0.2891666666666666,0.5270833333333333,0.8287938336572368,0.9066890003229928,0.9207412032203199,0.9181366476493122,0.18958333333333333,0.5333333333333333,3394.0625
relu,machine-2-7,22,burst,variant,Bng,64,0.8033333333333333,0.19666666666666663,0.0,0.9325513881886967,0.8832774252677688,,0.8754695734010446,0.8291666666666667,0.0,742.34375
relu,machine-2-7,22,burst,variant,Bng,256,0.67,0.32999999999999996,0.0,0.8509989038258129,0.8833198353206578,,0.8734874123932448,0.6979166666666666,0.0,2201.4375
relu,machine-2-7,22,burst,variant,Bng,1024,0.2529166666666667,0.7470833333333333,0.0,0.8287938336572368,0.9066890003229928,,0.8996134519027146,0.2583333333333333,0.0,9278.15625
relu,machine-2-7,22,burst,variant,D,64,0.17291666666666664,0.28625,0.5408333333333333,0.8753739686282123,0.8832774252677688,0.8931628669370235,0.8933332463461442,0.16666666666666666,0.5854166666666667,2139.625
relu,machine-2-7,22,burst,variant,D,256,0.011666666666666662,0.3933333333333333,0.595,0.7837119141992128,0.8833198353206578,0.8961896274430672,0.8980359346139422,0.014583333333333325,0.6,4881.125
relu,machine-2-7,22,burst,variant,D,1024,0.004583333333333332,0.31958333333333333,0.6758333333333333,0.759047560952441,0.9066890003229928,0.9207412032203199,0.9181366476493122,0.004166666666666662,0.6979166666666666,3219.90625
relu,machine-2-7,22,spike,identical,B,64,0.18374999999999997,0.3383333333333333,0.47791666666666666,0.8948978779037242,0.8957101965153036,0.9125706020079996,0.9137345389854015,0.4125,0.3125,2933.90625
relu,machine-2-7,22,spike,identical,B,256,0.05124999999999998,0.11458333333333331,0.8341666666666667,0.843734677737216,0.8868713240337219,0.9221601661485004,0.9136852731533537,0.18333333333333332,0.7416666666666667,103.0625
relu,machine-2-7,22,spike,identical,B,1024,0.01874999999999999,0.22666666666666666,0.7545833333333333,0.7989687851285998,0.8972784437301946,0.9237679570306248,0.922759838486226,0.05833333333333333,0.7333333333333334,3221.8125
relu,machine-2-7,22,spike,identical,Bng,64,0.4270833333333333,0.5729166666666666,0.0,0.8948978779037242,0.8957101965153036,,0.8855674104969343,0.5645833333333333,0.0,4191.40625
relu,machine-2-7,22,spike,identical,Bng,256,0.2758333333333333,0.7241666666666667,0.0,0.843734677737216,0.8868713240337219,,0.8771020046088781,0.4375,0.0,6930.65625
relu,machine-2-7,22,spike,identical,Bng,1024,0.09749999999999999,0.9025,0.0,0.7989687851285998,0.8972784437301946,,0.8881334289984524,0.21041666666666667,0.0,10040.25
relu,machine-2-7,22,spike,identical,D,64,0.14416666666666667,0.3470833333333333,0.50875,0.8748764747775132,0.8957101965153036,0.9125706020079996,0.9137345389854015,0.14166666666666664,0.55625,2918.5
relu,machine-2-7,22,spike,identical,D,256,0.015833333333333324,0.11999999999999998,0.8641666666666666,0.8221781541476594,0.8868713240337219,0.9221601661485004,0.9136852731533537,0.024999999999999988,0.8708333333333333,81.0625
relu,machine-2-7,22,spike,identical,D,1024,0.003749999999999994,0.23208333333333334,0.7641666666666667,0.7724759041933977,0.8972784437301946,0.9237679570306248,0.922759838486226,0.002083333333333331,0.7708333333333334,3243.625
relu,machine-2-7,22,spike,variant,B,64,0.11124999999999999,0.35291666666666666,0.5358333333333334,0.8767498417327546,0.8969701117428728,0.9131912647753626,0.9136881943918816,0.17708333333333331,0.5375,2919.6875
relu,machine-2-7,22,spike,variant,B,256,0.02083333333333332,0.12083333333333332,0.8583333333333333,0.8250828436329567,0.8876115428205571,0.9222949878203671,0.9137892658691933,0.033333333333333326,0.86875,892.84375
relu,machine-2-7,22,spike,variant,B,1024,0.002083333333333325,0.2520833333333333,0.7458333333333333,0.7812487038542236,0.8983017869871872,0.9232067836151192,0.922187543975347,0.002083333333333331,0.75,3287.09375
relu,machine-2-7,22,spike,variant,Bng,64,0.38375,0.61625,0.0,0.8767498417327546,0.8969701117428728,,0.8865941873821461,0.46458333333333335,0.0,5405.71875
relu,machine-2-7,22,spike,variant,Bng,256,0.24583333333333332,0.7541666666666667,0.0,0.8250828436329567,0.8876115428205571,,0.8780795101619806,0.31666666666666665,0.0,7029.875
relu,machine-2-7,22,spike,variant,Bng,1024,0.04708333333333332,0.9529166666666666,0.0,0.7812487038542236,0.8983017869871872,,0.8890759118037623,0.054166666666666655,0.0,11266.09375
relu,machine-2-7,22,spike,variant,D,64,0.15041666666666664,0.3445833333333333,0.505,0.8757808966450996,0.8969701117428728,0.9131912647753626,0.9136881943918816,0.15,0.575,2915.28125
relu,machine-2-7,22,spike,variant,D,256,0.023749999999999986,0.12291666666666665,0.8533333333333334,0.8233964674729641,0.8876115428205571,0.9222949878203671,0.9137892658691933,0.024999999999999988,0.8708333333333333,891.8125
relu,machine-2-7,22,spike,variant,D,1024,0.0024999999999999935,0.2525,0.745,0.7738077583445963,0.8983017869871872,0.9232067836151192,0.922187543975347,0.002083333333333331,0.75,3287.09375
relu,machine-2-7,33,burst,identical,B,64,0.8808333333333334,0.019999999999999987,0.09916666666666663,0.9481433705896298,0.8204306725429291,0.8129196348960467,0.8223623976575286,0.9020833333333333,0.08333333333333329,90.5625
relu,machine-2-7,33,burst,identical,B,256,0.73375,0.15041666666666667,0.1158333333333333,0.8748563597587102,0.8263832932174799,0.8261800701353674,0.8341667893158443,0.7541666666666667,0.0895833333333333,1481.25
relu,machine-2-7,33,burst,identical,B,1024,0.56875,0.15499999999999997,0.27625,0.856539747607336,0.8455630013071709,0.8549032902393091,0.8534231516279638,0.5895833333333333,0.29374999999999996,2330.46875
relu,machine-2-7,33,burst,identical,Bng,64,0.9070833333333334,0.09291666666666665,0.0,0.9481433705896298,0.8204306725429291,,0.8090100943061013,0.93125,0.0,92.375
relu,machine-2-7,33,burst,identical,Bng,256,0.7604166666666666,0.23958333333333331,0.0,0.8748563597587102,0.8263832932174799,,0.8129886976172391,0.78125,0.0,1483.4375
relu,machine-2-7,33,burst,identical,Bng,1024,0.5883333333333334,0.4116666666666666,0.0,0.856539747607336,0.8455630013071709,,0.836312055909303,0.6104166666666667,0.0,5051.75
relu,machine-2-7,33,burst,identical,D,64,0.12499999999999999,0.50625,0.36874999999999997,0.7940906118557658,0.8204306725429291,0.8129196348960467,0.8223623976575286,0.10208333333333332,0.3895833333333333,6896.4375
relu,machine-2-7,33,burst,identical,D,256,0.03041666666666666,0.4295833333333333,0.54,0.7198643633224802,0.8263832932174799,0.8261800701353674,0.8341667893158443,0.04166666666666666,0.5291666666666667,5019.15625
relu,machine-2-7,33,burst,identical,D,1024,0.014583333333333332,0.39916666666666667,0.5862499999999999,0.7045097826367334,0.8455630013071709,0.8549032902393091,0.8534231516279638,0.0125,0.6,5263.15625
relu,machine-2-7,33,burst,variant,B,64,0.7583333333333333,0.07541666666666666,0.16624999999999995,0.9241127155115103,0.8816452898020035,0.8891854710934061,0.8903987480873127,0.76875,0.15624999999999997,736.875
relu,machine-2-7,33,burst,variant,B,256,0.40708333333333335,0.20541666666666666,0.3875,0.8437670980814871,0.8886875473752675,0.9009070495973577,0.9026752417361816,0.41666666666666663,0.38749999999999996,2049.96875
relu,machine-2-7,33,burst,variant,B,1024,0.17791666666666664,0.24249999999999997,0.5795833333333333,0.8276327686184264,0.9038116016303005,0.919222604349695,0.916088671345647,0.19166666666666668,0.56875,2950.125
relu,machine-2-7,33,burst,variant,Bng,64,0.8195833333333333,0.18041666666666664,0.0,0.9241127155115103,0.8816452898020035,,0.8723485159531174,0.8604166666666667,0.0,740.03125
relu,machine-2-7,33,burst,variant,Bng,256,0.5545833333333333,0.4454166666666666,0.0,0.8437670980814871,0.8886875473752675,,0.8774414324679312,0.5770833333333334,0.0,3745.90625
relu,machine-2-7,33,burst,variant,Bng,1024,0.29791666666666666,0.7020833333333333,0.0,0.8276327686184264,0.9038116016303005,,0.896055815789733,0.29791666666666666,0.0,8450.125
relu,machine-2-7,33,burst,variant,D,64,0.1645833333333333,0.3183333333333333,0.5170833333333333,0.8720810966914961,0.8816452898020035,0.8891854710934061,0.8903987480873127,0.14166666666666664,0.5604166666666667,3764.3125
relu,machine-2-7,33,burst,variant,D,256,0.016249999999999994,0.2816666666666666,0.7020833333333333,0.7842943312620155,0.8886875473752675,0.9009070495973577,0.9026752417361816,0.012499999999999994,0.7270833333333333,2760.71875
relu,machine-2-7,33,burst,variant,D,1024,0.0025,0.26916666666666667,0.7283333333333333,0.7611261939767517,0.9038116016303005,0.919222604349695,0.916088671345647,0.0,0.7208333333333333,3195.65625
relu,machine-2-7,33,spike,identical,B,64,0.16249999999999998,0.32916666666666666,0.5083333333333333,0.8741202752471181,0.8925387702512276,0.9070406702415413,0.9088896594610467,0.36874999999999997,0.3583333333333333,3008.75
relu,machine-2-7,33,spike,identical,B,256,0.05458333333333332,0.10583333333333331,0.8395833333333333,0.8365220817697718,0.8869656058964767,0.9233744730005989,0.9146234364453576,0.17916666666666664,0.7479166666666667,95.0625
relu,machine-2-7,33,spike,identical,B,1024,0.020416666666666656,0.23625,0.7433333333333333,0.8097389397656493,0.8939281242303071,0.9162081827816428,0.9161337367849508,0.05208333333333333,0.7083333333333334,3349.25
relu,machine-2-7,33,spike,identical,Bng,64,0.4275,0.5725,0.0,0.8741202752471181,0.8925387702512276,,0.8813805345811349,0.5520833333333334,0.0,4569.21875
relu,machine-2-7,33,spike,identical,Bng,256,0.26791666666666664,0.7320833333333333,0.0,0.8365220817697718,0.8869656058964767,,0.876628260499463,0.4458333333333333,0.0,6507.09375
relu,machine-2-7,33,spike,identical,Bng,1024,0.11333333333333331,0.8866666666666667,0.0,0.8097389397656493,0.8939281242303071,,0.8827615696787044,0.23958333333333331,0.0,8495.96875
relu,machine-2-7,33,spike,identical,D,64,0.13499999999999998,0.33291666666666664,0.5320833333333334,0.8575093927514276,0.8925387702512276,0.9070406702415413,0.9088896594610467,0.12083333333333332,0.575,2871.5
relu,machine-2-7,33,spike,identical,D,256,0.01833333333333332,0.11208333333333331,0.8695833333333334,0.817382475471709,0.8869656058964767,0.9233744730005989,0.9146234364453576,0.010416666666666663,0.8854166666666667,67.875
relu,machine-2-7,33,spike,identical,D,1024,0.0029166666666666625,0.24,0.7570833333333333,0.7845477345199381,0.8939281242303071,0.9162081827816428,0.9161337367849508,0.0,0.74375,3285.375
relu,machine-2-7,33,spike,variant,B,64,0.09666666666666664,0.3383333333333333,0.565,0.8557618958702091,0.8920532825690177,0.9068704651495686,0.907557202686815,0.15208333333333332,0.5520833333333333,3558.375
relu,machine-2-7,33,spike,variant,B,256,0.01916666666666665,0.10083333333333333,0.88,0.8185097152283237,0.8865305899236692,0.9216035736461253,0.9128200435582946,0.049999999999999996,0.875,929.75
relu,machine-2-7,33,spike,variant,B,1024,0.004583333333333325,0.2558333333333333,0.7395833333333333,0.7904702492008919,0.8939814375896143,0.914395749031816,0.9146900366191052,0.004166666666666662,0.7416666666666667,3291.84375
relu,machine-2-7,33,spike,variant,Bng,64,0.38416666666666666,0.6158333333333333,0.0,0.8557618958702091,0.8920532825690177,,0.8806903878605306,0.46041666666666664,0.0,5222.78125
relu,machine-2-7,33,spike,variant,Bng,256,0.2270833333333333,0.7729166666666667,0.0,0.8185097152283237,0.8865305899236692,,0.8760492631739579,0.32291666666666663,0.0,8668.71875
relu,machine-2-7,33,spike,variant,Bng,1024,0.06041666666666665,0.9395833333333333,0.0,0.7904702492008919,0.8939814375896143,,0.882897002114736,0.08749999999999998,0.0,11500.59375
relu,machine-2-7,33,spike,variant,D,64,0.12499999999999999,0.33625,0.53875,0.8557292109125523,0.8920532825690177,0.9068704651495686,0.907557202686815,0.125,0.5791666666666666,3256.1875
relu,machine-2-7,33,spike,variant,D,256,0.015833333333333324,0.10416666666666666,0.88,0.8156017611237328,0.8865305899236692,0.9216035736461253,0.9128200435582946,0.014583333333333325,0.89375,917.09375
relu,machine-2-7,33,spike,variant,D,1024,0.002083333333333325,0.25708333333333333,0.7408333333333332,0.7825022170494085,0.8939814375896143,0.914395749031816,0.9146900366191052,0.0,0.74375,3291.84375
relu,machine-3-7,11,burst,identical,B,64,0.8345833333333333,0.11374999999999999,0.05166666666666664,0.94091787745006,0.8551689512187205,0.8353548245203379,0.8529114010026901,0.8666666666666667,0.039583333333333304,1158.625
relu,machine-3-7,11,burst,identical,B,256,0.5454166666666667,0.37083333333333335,0.08374999999999998,0.8494086580829705,0.8594613287070768,0.8445503065009803,0.8564463882749129,0.5645833333333333,0.06874999999999996,4578.5625
relu,machine-3-7,11,burst,identical,B,1024,0.3204166666666667,0.41374999999999995,0.2658333333333333,0.7431765719017797,0.8331220816905068,0.8352104524270676,0.8345818965223368,0.3229166666666667,0.2875,6127.25
relu,machine-3-7,11,burst,identical,Bng,64,0.8654166666666666,0.1345833333333333,0.0,0.94091787745006,0.8551689512187205,,0.8463152559212113,0.8875000000000001,0.0,1159.78125
relu,machine-3-7,11,burst,identical,Bng,256,0.5704166666666667,0.4295833333333333,0.0,0.8494086580829705,0.8594613287070768,,0.8506003487823539,0.5958333333333333,0.0,4579.75
relu,machine-3-7,11,burst,identical,Bng,1024,0.32416666666666666,0.6758333333333333,0.0,0.7431765719017797,0.8331220816905068,,0.8224387465330736,0.325,0.0,8713.71875
relu,machine-3-7,11,burst,identical,D,64,0.07541666666666665,0.6916666666666667,0.23291666666666663,0.8123226063234968,0.8551689512187205,0.8353548245203379,0.8529114010026901,0.05833333333333333,0.30416666666666664,7910.5625
relu,machine-3-7,11,burst,identical,D,256,0.012499999999999987,0.68375,0.30374999999999996,0.7050592535250514,0.8594613287070768,0.8445503065009803,0.8564463882749129,0.014583333333333325,0.3104166666666667,7584.125
relu,machine-3-7,11,burst,identical,D,1024,0.0004166666666666625,0.6354166666666666,0.36416666666666664,0.6164024692535334,0.8331220816905068,0.8352104524270676,0.8345818965223368,0.0,0.37916666666666665,9558.21875
relu,machine-3-7,11,burst,variant,B,64,0.6058333333333333,0.30208333333333337,0.0920833333333333,0.9249807612369988,0.911837597413663,0.9029045327690784,0.9139013249733515,0.6291666666666667,0.09374999999999999,3137.96875
relu,machine-3-7,11,burst,variant,B,256,0.3120833333333333,0.43749999999999994,0.2504166666666666,0.8282405031818192,0.9189957893172045,0.9120462061088503,0.9191416790371647,0.3208333333333333,0.24375,4734.46875
relu,machine-3-7,11,burst,variant,B,1024,0.2175,0.43041666666666667,0.3520833333333333,0.7191133332275954,0.9003827879183588,0.911606158797808,0.9088531570285381,0.24375,0.3625,5389.3125
relu,machine-3-7,11,burst,variant,Bng,64,0.6629166666666666,0.3370833333333333,0.0,0.9249807612369988,0.911837597413663,,0.9029295432785464,0.6895833333333333,0.0,3273.21875
relu,machine-3-7,11,burst,variant,Bng,256,0.3775,0.6224999999999999,0.0,0.8282405031818192,0.9189957893172045,,0.9103959503274338,0.39375,0.0,6164.28125
relu,machine-3-7,11,burst,variant,Bng,1024,0.22666666666666668,0.7733333333333333,0.0,0.7191133332275954,0.9003827879183588,,0.8903911200462933,0.24791666666666667,0.0,9714.46875
relu,machine-3-7,11,burst,variant,D,64,0.07916666666666665,0.6154166666666666,0.30541666666666667,0.8771787883689804,0.911837597413663,0.9029045327690784,0.9139013249733515,0.05833333333333332,0.3520833333333333,7878.875
relu,machine-3-7,11,burst,variant,D,256,0.013749999999999981,0.615,0.37124999999999997,0.7582707562681285,0.9189957893172045,0.9120462061088503,0.9191416790371647,0.014583333333333325,0.375,7905.0
relu,machine-3-7,11,burst,variant,D,1024,0.0004166666666666625,0.5504166666666667,0.44916666666666666,0.6594774787374721,0.9003827879183588,0.911606158797808,0.9088531570285381,0.0,0.4708333333333333,8042.46875
relu,machine-3-7,11,spike,identical,B,64,0.12041666666666664,0.42625,0.4533333333333333,0.9049158090183557,0.9025313452014522,0.9181048972957727,0.9181576004167465,0.29583333333333334,0.38958333333333334,5177.3125
relu,machine-3-7,11,spike,identical,B,256,0.05833333333333332,0.37916666666666665,0.5625,0.7686617518941792,0.909152366530313,0.9356549201357192,0.9336530168498721,0.14375,0.525,4991.28125
relu,machine-3-7,11,spike,identical,B,1024,0.04874999999999998,0.48375,0.46749999999999997,0.7342054238345621,0.9164112374278193,0.9241606078235854,0.9226472273652117,0.19583333333333333,0.4354166666666666,6492.46875
relu,machine-3-7,11,spike,identical,Bng,64,0.3283333333333333,0.6716666666666666,0.0,0.9049158090183557,0.9025313452014522,,0.8921203331315584,0.48333333333333334,0.0,7507.4375
relu,machine-3-7,11,spike,identical,Bng,256,0.20083333333333334,0.7991666666666667,0.0,0.7686617518941792,0.909152366530313,,0.9007267197534258,0.24375,0.0,10937.0
relu,machine-3-7,11,spike,identical,Bng,1024,0.09874999999999999,0.90125,0.0,0.7342054238345621,0.9164112374278193,,0.9063403164883541,0.25,0.0,10586.6875
relu,machine-3-7,11,spike,identical,D,64,0.09708333333333333,0.45791666666666664,0.445,0.8848402970772956,0.9025313452014522,0.9181048972957727,0.9181576004167465,0.06249999999999998,0.5229166666666667,6659.59375
relu,machine-3-7,11,spike,identical,D,256,0.043333333333333314,0.38708333333333333,0.5695833333333333,0.7502231591595044,0.909152366530313,0.9356549201357192,0.9336530168498721,0.03541666666666665,0.6,6054.125
relu,machine-3-7,11,spike,identical,D,1024,0.006666666666666663,0.50625,0.4870833333333333,0.7072493589299199,0.9164112374278193,0.9241606078235854,0.9226472273652117,0.008333333333333331,0.53125,7736.09375
relu,machine-3-7,11,spike,variant,B,64,0.05666666666666664,0.4695833333333333,0.47375,0.8813783379467505,0.9027924040902725,0.919263115461137,0.91878035550556,0.07916666666666665,0.5125,5946.5
relu,machine-3-7,11,spike,variant,B,256,0.034166666666666665,0.37833333333333335,0.5875,0.7530480799376945,0.9094263058456924,0.9355180694905467,0.9336467347160076,0.041666666666666664,0.5979166666666667,5726.5
relu,machine-3-7,11,spike,variant,B,1024,0.012499999999999994,0.49541666666666667,0.4920833333333333,0.7103507817541416,0.9177267071728924,0.9245495710810763,0.9228889187025663,0.031249999999999993,0.5229166666666667,7704.59375
relu,machine-3-7,11,spike,variant,Bng,64,0.27291666666666664,0.7270833333333333,0.0,0.8813783379467505,0.9027924040902725,,0.8925895325174473,0.3208333333333333,0.0,11047.21875
relu,machine-3-7,11,spike,variant,Bng,256,0.18375,0.81625,0.0,0.7530480799376945,0.9094263058456924,,0.9012339869915148,0.19791666666666666,0.0,11988.3125
relu,machine-3-7,11,spike,variant,Bng,1024,0.06874999999999998,0.93125,0.0,0.7103507817541416,0.9177267071728924,,0.9074848602996031,0.09583333333333333,0.0,13542.28125
relu,machine-3-7,11,spike,variant,D,64,0.08874999999999997,0.4708333333333333,0.4404166666666666,0.8850905828997434,0.9027924040902725,0.919263115461137,0.91878035550556,0.04999999999999999,0.525,6607.21875
relu,machine-3-7,11,spike,variant,D,256,0.045416666666666654,0.3779166666666667,0.5766666666666667,0.750556296525495,0.9094263058456924,0.9355180694905467,0.9336467347160076,0.033333333333333326,0.6083333333333333,5719.1875
relu,machine-3-7,11,spike,variant,D,1024,0.0075,0.4983333333333333,0.49416666666666664,0.7090922958440045,0.9177267071728924,0.9245495710810763,0.9228889187025663,0.00625,0.5375,7684.96875
relu,machine-3-7,22,burst,identical,B,64,0.8008333333333333,0.14125,0.057916666666666644,0.9480929270295894,0.8634895555340407,0.8554299398345864,0.8722140276991248,0.8291666666666667,0.04791666666666664,1017.8125
relu,machine-3-7,22,burst,identical,B,256,0.5079166666666667,0.39375,0.0983333333333333,0.8606185944091906,0.86939720237881,0.8581390327386894,0.8729379331830968,0.5375,0.09374999999999999,4619.71875
relu,machine-3-7,22,burst,identical,B,1024,0.315,0.36125,0.32375,0.7772936801928491,0.850399900019438,0.8677892872164105,0.8639849167558978,0.32083333333333336,0.34791666666666665,4423.65625
relu,machine-3-7,22,burst,identical,Bng,64,0.8412499999999999,0.15875,0.0,0.9480929270295894,0.8634895555340407,,0.8547831869152833,0.8604166666666666,0.0,1018.125
relu,machine-3-7,22,burst,identical,Bng,256,0.5458333333333334,0.45416666666666666,0.0,0.8606185944091906,0.86939720237881,,0.8609328844369436,0.56875,0.0,5550.1875
relu,machine-3-7,22,burst,identical,Bng,1024,0.34791666666666665,0.6520833333333333,0.0,0.7772936801928491,0.850399900019438,,0.8411977748491419,0.35833333333333334,0.0,8024.3125
relu,machine-3-7,22,burst,identical,D,64,0.07416666666666664,0.6729166666666666,0.2529166666666666,0.8347513913963964,0.8634895555340407,0.8554299398345864,0.8722140276991248,0.05416666666666665,0.2770833333333333,8768.625
relu,machine-3-7,22,burst,identical,D,256,0.024166666666666663,0.715,0.2608333333333333,0.7277467541500984,0.86939720237881,0.8581390327386894,0.8729379331830968,0.03958333333333333,0.26666666666666666,9035.53125
relu,machine-3-7,22,burst,identical,D,1024,0.005,0.5404166666666667,0.45458333333333334,0.6565301751160671,0.850399900019438,0.8677892872164105,0.8639849167558978,0.006249999999999993,0.4708333333333333,7184.375
relu,machine-3-7,22,burst,variant,B,64,0.5820833333333333,0.3204166666666667,0.09749999999999996,0.9345418628062518,0.911707985413031,0.9174722183674243,0.9265228399156142,0.6104166666666667,0.09791666666666667,3371.125
relu,machine-3-7,22,burst,variant,B,256,0.325,0.44375,0.23124999999999998,0.8436644955765141,0.9221870255826188,0.9200167759747895,0.9280487593549513,0.3416666666666667,0.2270833333333333,4419.90625
relu,machine-3-7,22,burst,variant,B,1024,0.23541666666666666,0.3958333333333333,0.36874999999999997,0.7540636327937228,0.908634230132783,0.9313679002535273,0.9270532686914225,0.24791666666666667,0.3770833333333333,4058.53125
relu,machine-3-7,22,burst,variant,Bng,64,0.6541666666666667,0.3458333333333333,0.0,0.9345418628062518,0.911707985413031,,0.9034848789677772,0.68125,0.0,3373.6875
relu,machine-3-7,22,burst,variant,Bng,256,0.4,0.6,0.0,0.8436644955765141,0.9221870255826188,,0.9139484205725228,0.4083333333333333,0.0,5930.0
relu,machine-3-7,22,burst,variant,Bng,1024,0.25333333333333335,0.7466666666666667,0.0,0.7540636327937228,0.908634230132783,,0.9005244675422628,0.26666666666666666,0.0,8680.0
relu,machine-3-7,22,burst,variant,D,64,0.08624999999999997,0.6141666666666666,0.2995833333333333,0.8938508390736889,0.911707985413031,0.9174722183674243,0.9265228399156142,0.039583333333333325,0.3520833333333333,9482.40625
relu,machine-3-7,22,burst,variant,D,256,0.014583333333333325,0.6325,0.35291666666666666,0.7765302685920351,0.9221870255826188,0.9200167759747895,0.9280487593549513,0.029166666666666664,0.35416666666666663,7660.5
relu,machine-3-7,22,burst,variant,D,1024,0.004166666666666662,0.5083333333333333,0.4875,0.6924712523085012,0.908634230132783,0.9313679002535273,0.9270532686914225,0.002083333333333331,0.5104166666666666,6461.0
relu,machine-3-7,22,spike,identical,B,64,0.11999999999999997,0.41083333333333333,0.4691666666666667,0.9200484686456655,0.9008918574775648,0.9317093669943102,0.9286950713738649,0.2875,0.39583333333333337,5089.78125
relu,machine-3-7,22,spike,identical,B,256,0.05499999999999998,0.3808333333333333,0.5641666666666667,0.7861156520414739,0.9102339726363539,0.9425031078821537,0.941121144042586,0.125,0.5541666666666667,5261.34375
relu,machine-3-7,22,spike,identical,B,1024,0.03999999999999999,0.46875,0.49124999999999996,0.7449732667906883,0.9191555420628366,0.9356939062430153,0.9326563938401067,0.14791666666666667,0.48124999999999996,6374.71875
relu,machine-3-7,22,spike,identical,Bng,64,0.3829166666666667,0.6170833333333333,0.0,0.9200484686456655,0.9008918574775648,,0.8915379388732597,0.5375,0.0,6919.59375
relu,machine-3-7,22,spike,identical,Bng,256,0.19833333333333333,0.8016666666666666,0.0,0.7861156520414739,0.9102339726363539,,0.9033757566048811,0.21875,0.0,12005.9375
relu,machine-3-7,22,spike,identical,Bng,1024,0.12833333333333333,0.8716666666666667,0.0,0.7449732667906883,0.9191555420628366,,0.9105295018947529,0.28125,0.0,10455.59375
relu,machine-3-7,22,spike,identical,D,64,0.0983333333333333,0.4383333333333333,0.4633333333333333,0.9038133670202808,0.9008918574775648,0.9317093669943102,0.9286950713738649,0.04999999999999999,0.5354166666666667,6617.34375
relu,machine-3-7,22,spike,identical,D,256,0.04374999999999998,0.38666666666666666,0.5695833333333333,0.7707394939731367,0.9102339726363539,0.9425031078821537,0.941121144042586,0.0375,0.61875,5250.75
relu,machine-3-7,22,spike,identical,D,1024,0.006666666666666663,0.48875,0.5045833333333334,0.7196972093344808,0.9191555420628366,0.9356939062430153,0.9326563938401067,0.008333333333333331,0.54375,7587.15625
relu,machine-3-7,22,spike,variant,B,64,0.0608333333333333,0.44,0.49916666666666665,0.9010145790436067,0.903016552959948,0.9328652837752353,0.9305160528319423,0.09374999999999999,0.5229166666666667,5733.46875
relu,machine-3-7,22,spike,variant,B,256,0.03374999999999999,0.3775,0.58875,0.7757450183639499,0.9114273106120093,0.9432540740933985,0.9415702187262094,0.054166666666666655,0.59375,4919.84375
relu,machine-3-7,22,spike,variant,B,1024,0.011666666666666657,0.4820833333333333,0.50625,0.7269776695393779,0.9205235235726056,0.9364871734358828,0.9341836289193587,0.02708333333333333,0.5229166666666667,7835.4375
relu,machine-3-7,22,spike,variant,Bng,64,0.33166666666666667,0.6683333333333333,0.0,0.9010145790436067,0.903016552959948,,0.8939214568166246,0.3875,0.0,9367.9375
relu,machine-3-7,22,spike,variant,Bng,256,0.18916666666666665,0.8108333333333333,0.0,0.7757450183639499,0.9114273106120093,,0.9045489542502821,0.19375,0.0,11879.0
relu,machine-3-7,22,spike,variant,Bng,1024,0.09166666666666666,0.9083333333333333,0.0,0.7269776695393779,0.9205235235726056,,0.9118452690720696,0.12916666666666665,0.0,12838.46875
relu,machine-3-7,22,spike,variant,D,64,0.10541666666666664,0.4358333333333333,0.45875,0.904939656336119,0.903016552959948,0.9328652837752353,0.9305160528319423,0.08541666666666667,0.51875,5734.9375
relu,machine-3-7,22,spike,variant,D,256,0.04375,0.3775,0.57875,0.7721251012098366,0.9114273106120093,0.9432540740933985,0.9415702187262094,0.04583333333333333,0.6,4918.84375
relu,machine-3-7,22,spike,variant,D,1024,0.007083333333333325,0.48375,0.5091666666666667,0.7221569042064089,0.9205235235726056,0.9364871734358828,0.9341836289193587,0.008333333333333331,0.5333333333333333,7835.3125
relu,machine-3-7,33,burst,identical,B,64,0.8325,0.11708333333333332,0.05041666666666664,0.9409079810022355,0.8566981989646223,0.8405724451833398,0.8581989480430069,0.8583333333333334,0.04374999999999998,625.0625
relu,machine-3-7,33,burst,identical,B,256,0.5475,0.33708333333333335,0.11541666666666664,0.834449256721034,0.855343709901899,0.8348757294618855,0.854616941641278,0.56875,0.10416666666666664,3678.125
relu,machine-3-7,33,burst,identical,B,1024,0.3275,0.34791666666666665,0.3245833333333333,0.7245047494636,0.8473542489873366,0.8524729854247165,0.8498230917948933,0.33541666666666664,0.33749999999999997,4649.375
relu,machine-3-7,33,burst,identical,Bng,64,0.8595833333333334,0.14041666666666663,0.0,0.9409079810022355,0.8566981989646223,,0.8469650948614927,0.8875,0.0,625.9375
relu,machine-3-7,33,burst,identical,Bng,256,0.5733333333333334,0.42666666666666664,0.0,0.834449256721034,0.855343709901899,,0.8458962704315235,0.60625,0.0,4100.375
relu,machine-3-7,33,burst,identical,Bng,1024,0.3408333333333333,0.6591666666666667,0.0,0.7245047494636,0.8473542489873366,,0.8376551830453942,0.35416666666666663,0.0,9057.3125
relu,machine-3-7,33,burst,identical,D,64,0.07083333333333332,0.6916666666666667,0.2375,0.823151310384509,0.8566981989646223,0.8405724451833398,0.8581989480430069,0.04791666666666666,0.24791666666666665,10078.0
relu,machine-3-7,33,burst,identical,D,256,0.008333333333333318,0.7045833333333333,0.2870833333333333,0.7002264598255363,0.855343709901899,0.8348757294618855,0.854616941641278,0.010416666666666663,0.2833333333333333,9832.1875
relu,machine-3-7,33,burst,identical,D,1024,0.0029166666666666625,0.515,0.4820833333333333,0.6068295549736505,0.8473542489873366,0.8524729854247165,0.8498230917948933,0.004166666666666662,0.5020833333333333,6822.0625
relu,machine-3-7,33,burst,variant,B,64,0.49624999999999997,0.37166666666666665,0.1320833333333333,0.9225286884217241,0.9151142057382925,0.9080481454417878,0.9191578775647563,0.5291666666666667,0.12708333333333333,4374.0625
relu,machine-3-7,33,burst,variant,B,256,0.295,0.4608333333333333,0.24416666666666664,0.8147924845300464,0.916945672100537,0.9061655648570968,0.9179824001882866,0.31875,0.2520833333333333,4548.34375
relu,machine-3-7,33,burst,variant,B,1024,0.2475,0.39749999999999996,0.355,0.6973990025154396,0.9101180696420641,0.9219954158959223,0.9184124606779983,0.26666666666666666,0.34375,5445.625
relu,machine-3-7,33,burst,variant,Bng,64,0.5833333333333334,0.41666666666666663,0.0,0.9225286884217241,0.9151142057382925,,0.9053118566619718,0.6270833333333333,0.0,4472.53125
relu,machine-3-7,33,burst,variant,Bng,256,0.35958333333333337,0.6404166666666666,0.0,0.8147924845300464,0.916945672100537,,0.907662490148843,0.3854166666666667,0.0,6098.34375
relu,machine-3-7,33,burst,variant,Bng,1024,0.26708333333333334,0.7329166666666667,0.0,0.6973990025154396,0.9101180696420641,,0.9013050710259123,0.2791666666666667,0.0,9303.125
relu,machine-3-7,33,burst,variant,D,64,0.06958333333333332,0.6375,0.29291666666666666,0.8848377298902969,0.9151142057382925,0.9080481454417878,0.9191578775647563,0.047916666666666656,0.3145833333333333,9592.78125
relu,machine-3-7,33,burst,variant,D,256,0.008749999999999994,0.6470833333333333,0.3441666666666666,0.7536663086211869,0.916945672100537,0.9061655648570968,0.9179824001882866,0.0125,0.3645833333333333,9064.25
relu,machine-3-7,33,burst,variant,D,1024,0.0025,0.51875,0.47875,0.6426346990486846,0.9101180696420641,0.9219954158959223,0.9184124606779983,0.002083333333333331,0.4791666666666667,8704.03125
relu,machine-3-7,33,spike,identical,B,64,0.1270833333333333,0.45,0.42291666666666666,0.9061311263891096,0.9109625723278628,0.9199973831270504,0.920619131414081,0.33749999999999997,0.3645833333333333,4939.0
relu,machine-3-7,33,spike,identical,B,256,0.06333333333333331,0.38666666666666666,0.55,0.7534014281583684,0.9199641603861411,0.9353436182672238,0.934140022033647,0.12083333333333332,0.5520833333333334,3600.09375
relu,machine-3-7,33,spike,identical,B,1024,0.06874999999999998,0.4970833333333333,0.43416666666666665,0.729138109913059,0.9168057572288044,0.9239215954146529,0.9222858812558375,0.20833333333333331,0.40625,7140.5
relu,machine-3-7,33,spike,identical,Bng,64,0.2925,0.7075,0.0,0.9061311263891096,0.9109625723278628,,0.90117941143812,0.4770833333333333,0.0,8351.5625
relu,machine-3-7,33,spike,identical,Bng,256,0.17166666666666666,0.8283333333333334,0.0,0.7534014281583684,0.9199641603861411,,0.9126327269842722,0.22708333333333333,0.0,11095.8125
relu,machine-3-7,33,spike,identical,Bng,1024,0.13249999999999998,0.8674999999999999,0.0,0.729138109913059,0.9168057572288044,,0.9074144327169968,0.3104166666666667,0.0,9496.90625
relu,machine-3-7,33,spike,identical,D,64,0.08791666666666664,0.4875,0.4245833333333333,0.8839203517789388,0.9109625723278628,0.9199973831270504,0.920619131414081,0.05624999999999999,0.4979166666666667,6763.28125
relu,machine-3-7,33,spike,identical,D,256,0.04208333333333332,0.395,0.5629166666666666,0.733804382813144,0.9199641603861411,0.9353436182672238,0.934140022033647,0.03541666666666666,0.6,4672.90625
relu,machine-3-7,33,spike,identical,D,1024,0.025416666666666657,0.5216666666666667,0.4529166666666667,0.69750746437746,0.9168057572288044,0.9239215954146529,0.9222858812558375,0.014583333333333332,0.5020833333333333,8418.5
relu,machine-3-7,33,spike,variant,B,64,0.05291666666666664,0.49124999999999996,0.4558333333333333,0.8824158623914184,0.9128802438771565,0.9210158766970297,0.9222040132725526,0.0895833333333333,0.48125,6534.125
relu,machine-3-7,33,spike,variant,B,256,0.033749999999999995,0.4020833333333333,0.5641666666666666,0.7373465461096728,0.9210781511006877,0.9357766237175693,0.9354763850598952,0.04791666666666666,0.5854166666666667,6088.40625
relu,machine-3-7,33,spike,variant,B,1024,0.036249999999999984,0.5141666666666667,0.4495833333333333,0.7056758363006407,0.9175652201834481,0.9238079942329114,0.9237173477220224,0.04375,0.46875,8463.0625
relu,machine-3-7,33,spike,variant,Bng,64,0.23499999999999996,0.765,0.0,0.8824158623914184,0.9128802438771565,,0.9032429217730693,0.2895833333333333,0.0,11165.0
relu,machine-3-7,33,spike,variant,Bng,256,0.14708333333333332,0.8529166666666667,0.0,0.7373465461096728,0.9210781511006877,,0.9136543640920968,0.16041666666666665,0.0,11953.28125
relu,machine-3-7,33,spike,variant,Bng,1024,0.10541666666666664,0.8945833333333333,0.0,0.7056758363006407,0.9175652201834481,,0.9080403897081094,0.16458333333333333,0.0,10970.5
relu,machine-3-7,33,spike,variant,D,64,0.09166666666666666,0.4858333333333333,0.4225,0.8839014043560037,0.9128802438771565,0.9210158766970297,0.9222040132725526,0.07291666666666664,0.48333333333333334,6670.75
relu,machine-3-7,33,spike,variant,D,256,0.04624999999999999,0.40125,0.5525,0.7341510828973885,0.9210781511006877,0.9357766237175693,0.9354763850598952,0.03749999999999999,0.5958333333333333,6096.15625
relu,machine-3-7,33,spike,variant,D,1024,0.02791666666666666,0.5179166666666667,0.45416666666666666,0.7003415397608922,0.9175652201834481,0.9238079942329114,0.9237173477220224,0.02291666666666666,0.4875,8461.625
