trace,FIT_top5_explained_variance
case05__s22__W3_b01__fit_only_clip.npz,0.3265148135598829
case02__s33__W3_b01__fit_only_clip.npz,0.278103699527297
case05__s11__W2_f0995__fit_only_clip.npz,0.347370314691112
case01__s11__W3_b01__fit_only_clip.npz,0.2800214227808825
case02__s11__W2_f0995__fit_only_clip.npz,0.29439784406145453
case03__s11__W1__fit_only_clip.npz,0.28841325844434795
case01__s33__W3_b01__fit_only_clip.npz,0.278103699527297
case04__s33__W2_f0995__fit_only_clip.npz,0.3128704611685617
case04__s11__W2_f0995__fit_only_clip.npz,0.31282548774798224
case01__s11__W1__fit_only_clip.npz,0.28841325844434795
case03__s22__W1__fit_only_clip.npz,0.2745953357502177
case04__s22__W2_f0995__fit_only_clip.npz,0.3144157601490567
case05__s22__W1__fit_only_clip.npz,0.25991019435640506
case05__s33__W1__fit_only_clip.npz,0.2695666938284159
case02__s11__W1__fit_only_clip.npz,0.28841325844434795
case01__s22__W2_f0995__fit_only_clip.npz,0.29437924221523487
case04__s22__W3_b01__fit_only_clip.npz,0.3020869759662121
case01__s33__W1__fit_only_clip.npz,0.28067476051561124
case02__s22__W3_b01__fit_only_clip.npz,0.2799937624361889
case02__s22__W1__fit_only_clip.npz,0.2745953357502177
case04__s11__W1__fit_only_clip.npz,0.2638535126809829
case04__s22__W1__fit_only_clip.npz,0.27022943017103757
case05__s33__W3_b01__fit_only_clip.npz,0.3260758152460294
case02__s11__W3_b01__fit_only_clip.npz,0.2800214227808825
case02__s22__W2_f0995__fit_only_clip.npz,0.29437924221523487
case03__s33__W2_f0995__fit_only_clip.npz,0.29456168808830563
case04__s33__W3_b01__fit_only_clip.npz,0.29616946520473464
case05__s22__W2_f0995__fit_only_clip.npz,0.3470246679980896
case02__s33__W1__fit_only_clip.npz,0.28067476051561124
case03__s11__W2_f0995__fit_only_clip.npz,0.29439784406145453
case03__s11__W3_b01__fit_only_clip.npz,0.2800214227808825
case03__s33__W1__fit_only_clip.npz,0.28067476051561124
case01__s11__W2_f0995__fit_only_clip.npz,0.29439784406145453
case01__s33__W2_f0995__fit_only_clip.npz,0.29456168808830563
case01__s22__W1__fit_only_clip.npz,0.2745953357502177
case01__s22__W3_b01__fit_only_clip.npz,0.2799937624361889
case02__s33__W2_f0995__fit_only_clip.npz,0.29456168808830563
case04__s11__W3_b01__fit_only_clip.npz,0.2981086832213005
case04__s33__W1__fit_only_clip.npz,0.2641164561527256
case05__s33__W2_f0995__fit_only_clip.npz,0.3471504375096067
case03__s33__W3_b01__fit_only_clip.npz,0.278103699527297
case05__s11__W3_b01__fit_only_clip.npz,0.3312499817401755
case03__s22__W3_b01__fit_only_clip.npz,0.2799937624361889
case05__s11__W1__fit_only_clip.npz,0.26746056519645517
case03__s22__W2_f0995__fit_only_clip.npz,0.29437924221523487
