view,seed,op,case,state,log_score,cv,maha_mean,maha_centroid,cov_distance,corr_distance,manip_energy,near_constant_energy,top5_energy,direction_cosine
fit_only_clip,11,W1,case01,NORMAL_B,4.271601629916539,0.0104129924670178,140.40377200553763,140.06158683963042,1.2132746642792864,0.1512049055837376,0.4648749440744761,0.1590799198750516,0.3963155346212906,-0.1306361541250605
fit_only_clip,11,W1,case02,NORMAL_B,4.26603621219471,0.0100742183867351,139.0305653577761,138.7059023514459,0.9716627930127524,0.136699203717213,0.4671609957665635,0.1671328710077322,0.3964140095994268,0.1152531452960442
fit_only_clip,11,W1,case03,NORMAL_B,2.056816761414525,0.115522965041943,11.215486086155984,4.096178646315027,1.2183250734114377,0.10584257242871,0.1661348105521506,0.0551870559982187,0.2502233083214321,-0.1089303958145921
fit_only_clip,11,W1,case04,FAULT,3.674726218263756,0.0131040607315928,214.060513958206,213.7904724081324,1.4520475862003777,0.1078445545062823,0.5187908704635443,0.2590259191296546,0.9502298808983936,0.4039279325921026
fit_only_clip,11,W1,case05,FAULT,3.832564540804,0.0157412485846206,104.9101325862734,104.42461778269532,1.3059302170747422,0.1109680354330764,0.2973775845107956,0.0619938777073358,0.6530143609253795,-0.0085282580564143
fit_only_clip,11,W2_f0995,case01,NORMAL_B,4.2744087718223245,0.009742164635046,94.8844293933671,94.59296947545587,0.8543558892436176,0.1541016576900503,0.4678062181942988,0.1616659098149429,0.3879361793702249,-0.2337297641111111
fit_only_clip,11,W2_f0995,case02,NORMAL_B,4.2757145147818,0.0091485007294953,94.11462760684694,93.85280720194052,0.7155278030172271,0.131841693729647,0.4654943570714253,0.1602459330668284,0.3868447451874411,0.2394228674398631
fit_only_clip,11,W2_f0995,case03,NORMAL_B,2.037106432562507,0.1228457524218517,8.362674072837994,3.3026413277049813,0.728089174533381,0.1050526272822669,0.1939055863968866,0.0563059011753423,0.2657222370570417,0.0583686452517348
fit_only_clip,11,W2_f0995,case04,FAULT,3.689797847691571,0.0146123907739276,144.24709388019926,144.04351430671807,0.6624850211572826,0.1064883997107613,0.5120071920407641,0.2531292479559155,0.9490337696418428,-0.1663223932180168
fit_only_clip,11,W2_f0995,case05,FAULT,3.849179540868199,0.0167211678985435,64.82959639901392,64.46327790783121,0.6853929427623883,0.1241392606054162,0.3057706065095698,0.0626033122952875,0.6423962280659054,-0.3569019815594364
fit_only_clip,11,W3_b01,case01,NORMAL_B,4.275564578900988,0.0098583119154426,101.83692758532509,101.5367559276438,0.9164478439378206,0.1464468308740583,0.4632439130043959,0.1591387612895763,0.3898823711889991,0.2311285301651867
fit_only_clip,11,W3_b01,case02,NORMAL_B,4.2708480001201,0.0091891920464183,101.27929957856962,101.00887802536862,0.7526445912212403,0.1367710245036738,0.4640840321078561,0.1597438113788993,0.388167751509455,-0.2135874002758051
fit_only_clip,11,W3_b01,case03,NORMAL_B,2.013269995631459,0.1163028687546239,8.712488510358448,3.4776037937405944,0.7866309762302389,0.1041431934354066,0.1830950199727321,0.056672548092193,0.2539947196768973,0.208403776772273
fit_only_clip,11,W3_b01,case04,FAULT,3.6859720623673087,0.0141751719677176,155.42007900712667,155.210532761697,0.7900062749378391,0.1097309079206946,0.5181215808704777,0.2553897498645011,0.949763408708373,-0.1505669535972808
fit_only_clip,11,W3_b01,case05,FAULT,3.8531862813949416,0.0168856001793501,69.7105497322118,69.31393949031116,0.7624454676857402,0.1220983100584571,0.3161155885724608,0.0647269790168635,0.6348580457291857,-0.0834393423073202
fit_only_clip,22,W1,case01,NORMAL_B,4.272095530536724,0.0100414027929566,148.5193322299827,148.1862488146169,1.264087231902137,0.1539170056381461,0.4671464791823524,0.1591721639553091,0.3940403964790388,0.0418908687948484
fit_only_clip,22,W1,case02,NORMAL_B,4.263782869318614,0.0091951702223551,147.31502215861354,147.0173607248454,0.9770539825410336,0.1594963752289371,0.4598884529246788,0.157085518964486,0.3925842160624381,-0.053443374467743
fit_only_clip,22,W1,case03,NORMAL_B,2.0536548665351253,0.1155367079243719,11.215934536377258,3.846841401520495,1.245196408846626,0.0990972675867268,0.1687386230594004,0.0564036187299375,0.2445758439819534,0.0431706993212271
fit_only_clip,22,W1,case04,FAULT,3.675521827444097,0.0167026117272727,214.34746309147465,214.08984927382477,1.3408819782348125,0.1065483668886104,0.5106176449312917,0.2574060647606325,0.9469735502455794,0.0387403927154091
fit_only_clip,22,W1,case05,FAULT,3.834098022921166,0.0173251767962151,102.064901880331,101.55918580247612,1.472936968760516,0.1120493011021525,0.2961931414403501,0.0606307083412145,0.6498941735148787,-0.0374281188988818
fit_only_clip,22,W2_f0995,case01,NORMAL_B,4.274414067614283,0.0097270037539047,95.20307167400844,94.913979009418,0.853158710036822,0.1524988170134377,0.4678211534492178,0.161593747735787,0.3879786736071823,-0.2228394108084987
fit_only_clip,22,W2_f0995,case02,NORMAL_B,4.275897203440555,0.0091489653624769,94.44711644067417,94.18552758168424,0.7139913641072153,0.1427250123064883,0.4653798089987306,0.1599985863611125,0.3871463368390235,0.227333697843641
fit_only_clip,22,W2_f0995,case03,NORMAL_B,2.036986019598907,0.1226605362358213,8.361763684469025,3.3022007192812817,0.7285318169133066,0.1051173371394302,0.1936644081225147,0.056225200361835,0.265813364669347,0.0426674809382205
fit_only_clip,22,W2_f0995,case04,FAULT,3.6896674204867215,0.0147003991120783,144.02651617793214,143.822895088451,0.6598716433730527,0.1124150399097855,0.5118715664117812,0.2531732340706775,0.9491161778679263,-0.1832877280662575
fit_only_clip,22,W2_f0995,case05,FAULT,3.84981450647128,0.0166967190089553,64.77267090153768,64.40588997931876,0.6870814722192372,0.1278217435980365,0.3059521503565107,0.062542187600778,0.6425053311794274,-0.35332220281987
fit_only_clip,22,W3_b01,case01,NORMAL_B,4.274864474138724,0.0097136860598521,106.1779410964914,105.89181081270044,0.9021586932485062,0.1483758819876335,0.4634457813944344,0.1581707913791324,0.3928968999287738,0.2284662295577969
fit_only_clip,22,W3_b01,case02,NORMAL_B,4.2732891617181,0.0092050508542826,105.6665489120009,105.40641750978536,0.7386553153502161,0.1392142828503461,0.4645174074733313,0.1589323593003853,0.3870699103687624,-0.2107913242866596
fit_only_clip,22,W3_b01,case03,NORMAL_B,2.0117795692958853,0.1186458439969511,8.685940250552523,3.4369295878761585,0.7856945349659893,0.1057717388604119,0.1813988795694023,0.0558549779953846,0.2515747063898232,0.2443268815989734
fit_only_clip,22,W3_b01,case04,FAULT,3.6835527449970464,0.0141455012586243,153.86596782161743,153.65504210386985,0.7739271977734723,0.1134469868876715,0.518058580363719,0.2566844126173223,0.9503485333701212,-0.1513065902193119
fit_only_clip,22,W3_b01,case05,FAULT,3.85529765984109,0.016844409266318,68.78696245727991,68.37871952653418,0.7733949943983961,0.1262531949346902,0.3178526930861523,0.0649288304342622,0.6381489823759755,-0.0420007008587018
fit_only_clip,33,W1,case01,NORMAL_B,4.266083335878151,0.0097405061400151,147.29018062114326,146.95849842393025,1.2179868564935128,0.1774730627031297,0.4646007683927949,0.1595529095024307,0.3918098939452209,-0.1661645485563923
fit_only_clip,33,W1,case02,NORMAL_B,4.267885208730958,0.0094623385287265,145.93508223952196,145.6374664709091,0.9576561930759616,0.1420425949178534,0.4690033766226711,0.1721295238818835,0.4010581089923332,0.1667002193139434
fit_only_clip,33,W1,case03,NORMAL_B,2.0623879803491776,0.1159224041304024,11.222138800712532,3.702879133706272,1.288033888030194,0.1045104796573129,0.1786818939692595,0.0584422129729037,0.2427309763342686,0.0481063054172932
fit_only_clip,33,W1,case04,FAULT,3.659619082636653,0.0136191670959614,214.4900165832327,214.20253579284767,1.4992151479482845,0.1070251373320132,0.5051355571348461,0.2683529514917654,0.9411055898519496,-0.013565881313708
fit_only_clip,33,W1,case05,FAULT,3.830125732466606,0.0176319593097672,111.2994662342709,110.7974731181408,1.4680767205731846,0.1197444113944818,0.2987153088007372,0.0601090817544594,0.6411915078887671,-0.1356119598112661
fit_only_clip,33,W2_f0995,case01,NORMAL_B,4.274325755978077,0.0097467075090141,94.8677509652267,94.5788943845981,0.8534322093189686,0.1438911160975297,0.4677559538045235,0.1617057814296081,0.3874887850739864,-0.2394716893269593
fit_only_clip,33,W2_f0995,case02,NORMAL_B,4.276082146241637,0.0091455395441354,94.11925388222632,93.85695900972648,0.7149706853637717,0.1410331615114808,0.4652644076681297,0.1601850688818812,0.3869476461528991,0.2440943162048532
fit_only_clip,33,W2_f0995,case03,NORMAL_B,2.037823857905081,0.1227702832991538,8.358513231246633,3.300191525340987,0.7288697671833704,0.1051783211612953,0.1942447873887478,0.0562829868747653,0.2656464276541243,0.0625988724217989
fit_only_clip,33,W2_f0995,case04,FAULT,3.689523904780468,0.0145958452862052,144.00399239555912,143.80015451939212,0.6612582751042946,0.1070849825062227,0.5123077500124588,0.2532935683251684,0.9492086490428076,-0.1740644037926051
fit_only_clip,33,W2_f0995,case05,FAULT,3.84877745918995,0.0167500193925513,64.7223722216498,64.35572091095412,0.6857044350970716,0.1243018599270548,0.305783484750055,0.0624782917904172,0.6424184752963074,-0.3523780604547401
fit_only_clip,33,W3_b01,case01,NORMAL_B,4.276616120318892,0.0098472264413685,101.94346935665422,101.6476806923608,0.9108179123693732,0.145938304820065,0.4638088986567448,0.160090420660474,0.3879837774067867,0.2542752709282211
fit_only_clip,33,W3_b01,case02,NORMAL_B,4.272490919527489,0.0092197231162926,101.38697203724458,101.11753651206216,0.7517036529435944,0.1398785104374832,0.4622120092119532,0.1600943922043825,0.3883425062047236,-0.2337984855561188
fit_only_clip,33,W3_b01,case03,NORMAL_B,2.017163407255964,0.1203409542457143,8.641150336549988,3.404142332908884,0.7957315170216556,0.1060267908744683,0.1845171397001405,0.0576843722809321,0.2508553121813581,0.2432650328515285
fit_only_clip,33,W3_b01,case04,FAULT,3.683726325734685,0.0135659906648943,152.599370201942,152.38708108913897,0.7809669898851361,0.107033020326096,0.5205108094690752,0.2572253144389904,0.949684523268822,-0.0985195054133892
fit_only_clip,33,W3_b01,case05,FAULT,3.850000323805364,0.017183608610557,68.30730777481642,67.90746831236783,0.7682353650469337,0.1312711288876725,0.3185751795314405,0.0636490361938035,0.6329692211044383,-0.0858335338756283
fit_only_no_clip,11,W1,case01,NORMAL_B,5.293924828213076,0.0098639052088579,345.4273807740036,345.2727034012137,1.9761320303985292,0.1336673006366205,0.7323176881432549,0.4395879728519852,0.8434055285786735,-0.174370995137183
fit_only_no_clip,11,W1,case02,NORMAL_B,5.290369353874247,0.0060496804555159,342.74212927224926,342.59122420295654,1.1285821404301042,0.106894806385477,0.7359597901655367,0.4456887081497488,0.8435295836055776,0.16135498024944
fit_only_no_clip,11,W1,case03,NORMAL_B,2.056816761414525,0.115522965041943,11.215486086155984,4.096178646315027,1.2183250734114377,0.10584257242871,0.1661348105521506,0.0551870559982187,0.2502233083214321,-0.1089303958145921
fit_only_no_clip,11,W1,case04,FAULT,4.8130177263244605,0.0119898991509682,212.57143341018224,212.30096474395637,1.648841540286199,0.1063078551254075,0.933122334217494,0.0424395050754958,0.9944781059643524,0.2888106882027921
fit_only_no_clip,11,W1,case05,FAULT,4.445162141191852,0.0107539100636472,156.41347190967747,156.06779068009033,1.2674000906454004,0.1021319999468412,0.0888569461655396,0.0184436503810103,0.8934594912531322,-0.0839463310404882
fit_only_no_clip,11,W2_f0995,case01,NORMAL_B,5.298689229154848,0.0099378599099102,237.89823697038048,237.7720613655121,1.1243007323953145,0.1225639040932231,0.7314355670482214,0.4382353038757178,0.8443494020444774,-0.2588917804877451
fit_only_no_clip,11,W2_f0995,case02,NORMAL_B,5.290625660228101,0.0060529115550353,235.09904247814944,234.9731818413101,0.6042902816934003,0.0993734843940097,0.7349762767595865,0.4413670999094342,0.8457452656890617,0.2559879794036917
fit_only_no_clip,11,W2_f0995,case03,NORMAL_B,2.037106432562507,0.1228457524218517,8.362674072837994,3.3026413277049813,0.728089174533381,0.1050526272822669,0.1939055863968866,0.0563059011753423,0.2657222370570417,0.0583686452517348
fit_only_no_clip,11,W2_f0995,case04,FAULT,4.81489168555018,0.0120304059725467,130.87834024599337,130.65278392573302,0.6802124043370977,0.1033770727457941,0.9328029090378503,0.0423750277409882,0.994591458548754,-0.0793781117412143
fit_only_no_clip,11,W2_f0995,case05,FAULT,4.449547816574697,0.0106519775704498,109.66569870681496,109.44295314067948,0.6791156432701855,0.1185711358947117,0.0917598400623257,0.0187858843390696,0.892688998242629,-0.3220666333868868
fit_only_no_clip,11,W3_b01,case01,NORMAL_B,5.297642138713528,0.0099179685798336,256.0201031045227,255.88956617092904,1.3188420658478166,0.1211187340277763,0.7290737970074556,0.4369811537638189,0.8424171021196795,0.0757551926891595
fit_only_no_clip,11,W3_b01,case02,NORMAL_B,5.288889782714126,0.0060528077882975,253.3373588712549,253.2066784099409,0.7012633931677259,0.0981239652336376,0.7340283779442388,0.441153441060063,0.8453122136109992,-0.0660180492838929
fit_only_no_clip,11,W3_b01,case03,NORMAL_B,2.013269995631459,0.1163028687546239,8.712488510358448,3.4776037937405944,0.7866309762302389,0.1041431934354066,0.1830950199727321,0.056672548092193,0.2539947196768973,0.208403776772273
fit_only_no_clip,11,W3_b01,case04,FAULT,4.814051353100998,0.0120362705219493,142.3665599217256,142.1337320019314,0.8290546577143131,0.1051163818558909,0.9334960171197204,0.0423920511622254,0.9945062460618144,-0.0515941124368747
fit_only_no_clip,11,W3_b01,case05,FAULT,4.448605458764821,0.0106827414578229,115.9701739841354,115.73881438434776,0.7663644310922495,0.121688082006827,0.0962052647665893,0.0195595066899717,0.8888658698370875,-0.2313688425070823
fit_only_no_clip,22,W1,case01,NORMAL_B,5.297702105950312,0.0099976802425307,352.8836792761624,352.73037448448605,2.099520150294438,0.1295512433930152,0.7274407710802294,0.4355117202417877,0.8431555446853016,-0.1271292601743863
fit_only_no_clip,22,W1,case02,NORMAL_B,5.28535151418586,0.0060727398407641,349.0938993400263,348.9396098018391,1.2034324639568703,0.1068860855535537,0.7344335473940131,0.4413005001495126,0.8453891515241997,0.1229059599058903
fit_only_no_clip,22,W1,case03,NORMAL_B,2.0536548665351253,0.1155367079243719,11.215934536377258,3.846841401520495,1.245196408846626,0.0990972675867268,0.1687386230594004,0.0564036187299375,0.2445758439819534,0.0431706993212271
fit_only_no_clip,22,W1,case04,FAULT,4.805493194794631,0.0122542030087092,223.50372496787696,223.2559004461394,1.5215855884385596,0.1054840779103941,0.9323362608948212,0.0425326298767969,0.9939803205276778,-0.0361715649172616
fit_only_no_clip,22,W1,case05,FAULT,4.446273817964826,0.0105613254777277,152.3911736763862,152.02610482655058,1.3321170490110696,0.1080021305519407,0.087760390407758,0.0179487224689898,0.8967407848874831,0.0213970213560826
fit_only_no_clip,22,W2_f0995,case01,NORMAL_B,5.298824099978215,0.0099390102069341,238.13414068480336,238.0080928152892,1.1242566289324651,0.1226765670635624,0.7312863850291561,0.4380505086884815,0.8443529405840807,-0.2664501661983893
fit_only_no_clip,22,W2_f0995,case02,NORMAL_B,5.290772123594941,0.0060518903560388,235.33878526516585,235.2130791529024,0.6056161883428689,0.0995142445089854,0.7350093149298526,0.4413189799160165,0.8456865538692205,0.2634757114695632
fit_only_no_clip,22,W2_f0995,case03,NORMAL_B,2.036986019598907,0.1226605362358213,8.361763684469025,3.3022007192812817,0.7285318169133066,0.1051173371394302,0.1936644081225147,0.056225200361835,0.265813364669347,0.0426674809382205
fit_only_no_clip,22,W2_f0995,case04,FAULT,4.814877755477209,0.0120302148154073,130.64888927034673,130.42318180361133,0.6775768242994115,0.1034935510529155,0.9328364187118676,0.0423815859598979,0.994621159647045,-0.0940611383393991
fit_only_no_clip,22,W2_f0995,case05,FAULT,4.449847642765493,0.0106555470078416,109.55525284479124,109.33224191365484,0.680766857298307,0.1187838388591941,0.0918704880843001,0.0187745908089315,0.8926760766147391,-0.3153655227626584
fit_only_no_clip,22,W3_b01,case01,NORMAL_B,5.299215161398798,0.0099104927141906,259.0969255693633,258.9674955161619,1.317004973428258,0.1213643642980084,0.7284422769106017,0.4353705580978956,0.8432071111183235,0.0780829070781558
fit_only_no_clip,22,W3_b01,case02,NORMAL_B,5.290157553632827,0.0060561334989961,256.224381732889,256.09519897569254,0.7098418038862698,0.0989358372475942,0.7347407713135603,0.4410836482703529,0.8453866649277981,-0.0693540562491401
fit_only_no_clip,22,W3_b01,case03,NORMAL_B,2.0117795692958853,0.1186458439969511,8.685940250552523,3.4369295878761585,0.7856945349659893,0.1057717388604119,0.1813988795694023,0.0558549779953846,0.2515747063898232,0.2443268815989734
fit_only_no_clip,22,W3_b01,case04,FAULT,4.813266670167724,0.0120320467712621,139.70354571933055,139.46596624569816,0.8140734081806731,0.1036764555253974,0.9339806654716106,0.0424637215303988,0.994707504582236,-0.032095727519455
fit_only_no_clip,22,W3_b01,case05,FAULT,4.450561383868772,0.0107036209220698,114.30263652682362,114.06674003762105,0.776405835304221,0.1231824843645702,0.096876732276918,0.0196552231199898,0.8895458414151655,-0.2037494688450438
fit_only_no_clip,33,W1,case01,NORMAL_B,5.2963458178777385,0.0099321519037463,346.8695158508976,346.715875487923,2.0142212420870527,0.1312299276675496,0.732074906254535,0.4417985301573587,0.8432787701744957,-0.2116348076618265
fit_only_no_clip,33,W1,case02,NORMAL_B,5.284973288266399,0.0060826134160809,342.3875296753852,342.2330246261356,1.147473739952359,0.1073878538849687,0.7391519173956835,0.4457740861004716,0.8474213240084463,0.2172266077775409
fit_only_no_clip,33,W1,case03,NORMAL_B,2.0623879803491776,0.1159224041304024,11.222138800712532,3.702879133706272,1.288033888030194,0.1045104796573129,0.1786818939692595,0.0584422129729037,0.2427309763342686,0.0481063054172932
fit_only_no_clip,33,W1,case04,FAULT,4.809757829247694,0.012200714320727,214.90587070850464,214.627786139274,1.5552283067549262,0.1054551765482165,0.933555521130501,0.042671516565582,0.993726638314772,-0.041112627976123
fit_only_no_clip,33,W1,case05,FAULT,4.437089796476884,0.0109445895500418,164.07635034506663,163.70114203703483,1.5046819965853695,0.113255140295163,0.0918958985606309,0.0181490121463016,0.8965458741119215,-0.1156958481737391
fit_only_no_clip,33,W2_f0995,case01,NORMAL_B,5.298579316543391,0.0099408923148691,237.58027600756557,237.45414735562295,1.1219371819033797,0.1225802597355975,0.7315196673868648,0.4383664497247792,0.8442951297219864,-0.2745619434069865
fit_only_no_clip,33,W2_f0995,case02,NORMAL_B,5.290820942503061,0.0060514167613806,234.81584211897336,234.69003085328129,0.6036303042670446,0.0994833334460218,0.7350805459997407,0.4414022681739282,0.8457889583692578,0.2715753745842841
fit_only_no_clip,33,W2_f0995,case03,NORMAL_B,2.037823857905081,0.1227702832991538,8.358513231246633,3.300191525340987,0.7288697671833704,0.1051783211612953,0.1942447873887478,0.0562829868747653,0.2656464276541243,0.0625988724217989
fit_only_no_clip,33,W2_f0995,case04,FAULT,4.814961489305518,0.0120271365556521,130.65240366322536,130.42672526955366,0.6789695853413293,0.103492913223185,0.9328981794540224,0.0423828432349717,0.9946321035927886,-0.0873673015049061
fit_only_no_clip,33,W2_f0995,case05,FAULT,4.4493347413546935,0.0106655726528086,109.5139701544904,109.2911424008468,0.6792377172380677,0.1186352358073144,0.091764426726947,0.0187528134768533,0.8928507526378013,-0.3180985888355239
fit_only_no_clip,33,W3_b01,case01,NORMAL_B,5.298621865733831,0.0099372654002578,252.56965547824387,252.43961548244977,1.304177953505745,0.1207639211232914,0.7300486505552394,0.4379058960558491,0.8430801173667174,0.1050788763412527
fit_only_no_clip,33,W3_b01,case02,NORMAL_B,5.288955975682413,0.0060544229372863,249.72215165756452,249.591675925817,0.6933684241610106,0.0987932614788343,0.7349013237421214,0.4421769300156851,0.8454002778494045,-0.0955379951484182
fit_only_no_clip,33,W3_b01,case03,NORMAL_B,2.017163407255964,0.1203409542457143,8.641150336549988,3.404142332908884,0.7957315170216556,0.1060267908744683,0.1845171397001405,0.0576843722809321,0.2508553121813581,0.2432650328515285
fit_only_no_clip,33,W3_b01,case04,FAULT,4.813937333408755,0.0120124870261008,138.46351216847327,138.22598862927003,0.8226851415116028,0.1070437987171603,0.9341888251771338,0.0424888557585585,0.9946242518738748,-0.0030627028583949
fit_only_no_clip,33,W3_b01,case05,FAULT,4.448676364744963,0.010739841908478,113.93395260915932,113.70064139958566,0.769354729824545,0.1239919574045871,0.0967768961007193,0.0193601254627205,0.889391329173781,-0.2389159768595398
step2e_regression_clip,11,W1,case01,NORMAL_B,4.269781971247699,0.010396904904831,138.7882977025042,138.4402876701239,1.191253089426733,0.1536287936318056,0.4688769589893135,0.1621092982739206,0.4022454674653238,-0.170225674582692
step2e_regression_clip,11,W1,case02,NORMAL_B,4.2612545632971965,0.009819751902276,137.8455773848044,137.52250979848753,0.9603637729439444,0.1377904226184407,0.471397546944573,0.1679557097608328,0.3983288818819168,0.161202983000368
step2e_regression_clip,11,W1,case03,NORMAL_B,2.0449856913122715,0.1162541641013011,11.176347328021874,4.085192957875157,1.1835841782832075,0.1052192715498732,0.1693884833604295,0.0564703219339517,0.2387593959561418,-0.0899263035792484
step2e_regression_clip,11,W1,case04,FAULT,3.670040950165504,0.0132153329494401,214.66315700333644,214.40157215157964,1.3705712022516052,0.1092981179557296,0.5264530246642586,0.2618099387119221,0.9512912026420328,0.4698251961451145
step2e_regression_clip,11,W1,case05,FAULT,3.8554882463954177,0.0167136293857707,108.7921843586016,108.31568561591637,1.3446743669306378,0.1099260503213157,0.3167210838646876,0.0591873951336316,0.6509615658001302,0.0016178082710282
step2e_regression_clip,11,W2_f0995,case01,NORMAL_B,4.268262143563683,0.0093662276737459,93.74539886665671,93.45271087334172,0.8413871502825123,0.1537983001780533,0.4717367336227194,0.1636970435356153,0.3931743315093351,-0.2232903593086317
step2e_regression_clip,11,W2_f0995,case02,NORMAL_B,4.273292019138118,0.0088605519574235,93.14441467791885,92.87838364174648,0.7121902814282138,0.1321888915902832,0.4699380222346755,0.1609994366325227,0.3928350728334403,0.2299046781861314
step2e_regression_clip,11,W2_f0995,case03,NORMAL_B,2.0252415339285585,0.120882256849732,8.361987490592263,3.302616185120218,0.7149556068136703,0.1050721085782883,0.1996934717369175,0.0576812027310973,0.2560287022969081,0.0364480465816502
step2e_regression_clip,11,W2_f0995,case04,FAULT,3.682852409759425,0.0138362072578344,145.11006501731816,144.9077778235544,0.6636843858495959,0.1065488850342595,0.5203570651011176,0.2567441990097645,0.9505505369834472,-0.1484826315568395
step2e_regression_clip,11,W2_f0995,case05,FAULT,3.8762935701230807,0.0172654756255081,65.29608030389156,64.93222317488298,0.6896834764569958,0.1240418152845326,0.3279970826110535,0.0592676585544132,0.638954635533958,-0.3743646165593653
step2e_regression_clip,11,W3_b01,case01,NORMAL_B,4.270639666974694,0.0094667381914852,100.4720621803302,100.16826154205168,0.9000776647118274,0.1446010928566855,0.4671098375242518,0.1609238977052806,0.3935604404320363,0.2265916539345059
step2e_regression_clip,11,W3_b01,case02,NORMAL_B,4.266810432070882,0.0088952976027562,100.07337413622196,99.79942525550504,0.7503579355587843,0.1368583440446499,0.4692859489175843,0.1609930249248037,0.3924826976435515,-0.2077651666362079
step2e_regression_clip,11,W3_b01,case03,NORMAL_B,2.0018035266065786,0.1164724368056402,8.697067240462026,3.4567252748092825,0.7714152917966735,0.1042953715102368,0.1890240765282161,0.0578631906009415,0.2477515375949281,0.2331999137708359
step2e_regression_clip,11,W3_b01,case04,FAULT,3.678361146441679,0.0133698178386313,156.55602770247907,156.34859606205745,0.7861030970516999,0.1104402871436986,0.5262353842786118,0.2593115363224682,0.9512696721068964,-0.1268187908311005
step2e_regression_clip,11,W3_b01,case05,FAULT,3.881474593775832,0.017402399411759,70.34463565399393,69.95422697949876,0.771925685438614,0.1223194508180017,0.3387541530491704,0.0611523774650068,0.6320458204321525,-0.0776742992738068
step2e_regression_clip,22,W1,case01,NORMAL_B,4.266950491018798,0.0095301490626903,148.66056061351298,148.32252410704274,1.2573545947784042,0.1491371871424351,0.4705031352201835,0.1604499711317857,0.3985141395193731,0.0258493985891673
step2e_regression_clip,22,W1,case02,NORMAL_B,4.262300506035059,0.0089984873295941,147.7140097472399,147.40973368277176,0.986980470732828,0.1501767242995332,0.4637799762145601,0.1578910328511427,0.3957864651467582,-0.0352590110259112
step2e_regression_clip,22,W1,case03,NORMAL_B,2.044683754413128,0.1141390834909603,11.342173138936175,3.919122647159584,1.262134065012758,0.0996849573724653,0.1720611307311136,0.0575017044046305,0.2359991220362403,0.0417628830216819
step2e_regression_clip,22,W1,case04,FAULT,3.668733566307492,0.015905228293373,212.63100751442167,212.37656064882344,1.3132663928023591,0.1078146100548607,0.517768225991078,0.2609004178387326,0.9470433053479004,0.0470678228772362
step2e_regression_clip,22,W1,case05,FAULT,3.8597755779260665,0.0179188997376773,104.7445689582178,104.23656810688246,1.553929698735031,0.1125132047965926,0.3184420442788671,0.0575857501585354,0.6474787457740903,-0.0656309438808164
step2e_regression_clip,22,W2_f0995,case01,NORMAL_B,4.268274470713967,0.0093532888373957,94.08160538176124,93.79009137588493,0.8401640026612438,0.1530891457605165,0.4717464280606697,0.1636237506284078,0.3933365248342311,-0.2124692872025482
step2e_regression_clip,22,W2_f0995,case02,NORMAL_B,4.273400311929638,0.0088612685482216,93.4887461842654,93.22382191691104,0.7103553389472507,0.1431181020284748,0.4698279656823603,0.1607508912995447,0.3934413849257033,0.2181663808694104
step2e_regression_clip,22,W2_f0995,case03,NORMAL_B,2.02494897447163,0.1206026235354342,8.361471821604749,3.302089035107867,0.715364374045822,0.1051396192954195,0.1993194814529192,0.0575983855354742,0.2557990156564715,0.0200258082154526
step2e_regression_clip,22,W2_f0995,case04,FAULT,3.68273079062557,0.0139112168319106,144.85174297197432,144.64939531811228,0.6608272885423173,0.1119705028955348,0.5202469926399724,0.2567912281345121,0.9506427775544988,-0.1671960055627544
step2e_regression_clip,22,W2_f0995,case05,FAULT,3.8769065017077526,0.0172332056202717,65.24403380554315,64.87967013418898,0.691348551385695,0.1276701923975269,0.3281616352713995,0.0592122530590382,0.6390604998119865,-0.3692011776482511
step2e_regression_clip,22,W3_b01,case01,NORMAL_B,4.269680536883888,0.0093447061854107,104.97924663491575,104.6899454225094,0.8864259631981217,0.1487144314860451,0.4673241847425989,0.1599940205688348,0.3961470069906773,0.21933843099541
step2e_regression_clip,22,W3_b01,case02,NORMAL_B,4.269072070036292,0.0089195444127765,104.58906198576348,104.32284837970664,0.7352068070615017,0.1396513981882032,0.4695879783524837,0.1601394603731693,0.3920508783976077,-0.1998775018859058
step2e_regression_clip,22,W3_b01,case03,NORMAL_B,1.999480589692863,0.1169876586892478,8.676769851734331,3.420889124955838,0.7700494454385023,0.1059356916446747,0.1862226477901056,0.0570100747582912,0.2462958804103363,0.2658298659007294
step2e_regression_clip,22,W3_b01,case04,FAULT,3.676570311053645,0.0133837553853583,154.48923206676517,154.28018571593827,0.7708830948262547,0.1136284036090933,0.5260790482609833,0.2603205309600596,0.9517543767988504,-0.1264087543558339
step2e_regression_clip,22,W3_b01,case05,FAULT,3.8829279473255087,0.0173500893915345,69.43149626298694,69.02768565047498,0.7828975838820499,0.1261568386681676,0.3404968256506949,0.0613903879643564,0.6356688139900837,-0.0365166405942007
step2e_regression_clip,33,W1,case01,NORMAL_B,4.259361206547641,0.0094337794334339,145.07856646124955,144.7457894681672,1.1900297015497423,0.1668353769612527,0.4685710612851907,0.1622184910753609,0.3946954093793899,-0.2017251669592343
step2e_regression_clip,33,W1,case02,NORMAL_B,4.267310077662913,0.0092935123890412,144.13963070400038,143.83413336574418,0.9554212974231552,0.1459056523930184,0.4714777923186951,0.1719803942785751,0.4005192971915692,0.2046845836981592
step2e_regression_clip,33,W1,case03,NORMAL_B,2.0547616579831685,0.1171704577244797,11.268212867933215,3.7677634160146,1.2907208885240846,0.104848589355803,0.1829822899753156,0.0598661242754904,0.238524381515579,0.103135082846679
step2e_regression_clip,33,W1,case04,FAULT,3.653432894944761,0.013006954010706,212.88368074681432,212.6021907764946,1.3771917770998174,0.1063796542005693,0.5112754716616458,0.2717493205291552,0.9420060354794758,0.0455836430420443
step2e_regression_clip,33,W1,case05,FAULT,3.856045427188325,0.0181576785441693,115.0406645924572,114.55175145084168,1.4924747651369237,0.1178088952164262,0.3192968173752425,0.0573769953907674,0.6365105031035295,-0.1748536091019854
step2e_regression_clip,33,W2_f0995,case01,NORMAL_B,4.26823024264985,0.0093702742367177,93.75051217431226,93.45826240814048,0.8404993282506453,0.1447985857883441,0.4716798477456105,0.1637212842702768,0.3929341064395374,-0.2274425120325294
step2e_regression_clip,33,W2_f0995,case02,NORMAL_B,4.273621294897806,0.0088579849608378,93.16533204603076,92.89969121955843,0.7115615071639801,0.1412407532401885,0.4697211652116437,0.1609551242083602,0.3933174835617251,0.2334047183975491
step2e_regression_clip,33,W2_f0995,case03,NORMAL_B,2.025969505991729,0.1207877136510927,8.35845349090293,3.300492229540245,0.7158763042867924,0.1051979190966618,0.1999818759475827,0.0576527830574828,0.2561428968660518,0.0425000880546912
step2e_regression_clip,33,W2_f0995,case04,FAULT,3.6825703607367615,0.0138032883199065,144.86590955579146,144.6633584456884,0.6621026641162137,0.1062251450662001,0.5206928272086396,0.2569210150749025,0.9507484917425272,-0.1564878876712439
step2e_regression_clip,33,W2_f0995,case05,FAULT,3.875818207512352,0.0172996222364926,65.1931434232402,64.82891540471111,0.6893912057437585,0.1240586995974718,0.3279852782660095,0.0591604938166693,0.6390093212343793,-0.3689522549977849
step2e_regression_clip,33,W3_b01,case01,NORMAL_B,4.272065269817106,0.0094539645747507,100.70000111961136,100.40075725018268,0.8953134818515781,0.1471703438189781,0.4676660272911776,0.1616835471842257,0.3911691760629029,0.248958224307236
step2e_regression_clip,33,W3_b01,case02,NORMAL_B,4.268887394868639,0.0089226812068101,100.29385948546847,100.02081068562808,0.7501696370470627,0.1395942411544244,0.4673549651200679,0.1613371060744214,0.3928930256497717,-0.227502427429115
step2e_regression_clip,33,W3_b01,case03,NORMAL_B,2.006225563890575,0.1188767908552854,8.638856962390445,3.402881048945281,0.7802317573804303,0.1062200763229377,0.1896703659194879,0.0588880247087713,0.2473576722928295,0.2618493573829198
step2e_regression_clip,33,W3_b01,case04,FAULT,3.676901104467318,0.0128391212517165,153.5871947280564,153.3769589070419,0.7735805910097976,0.107071567090703,0.5284376063677068,0.2608083535202198,0.9512310063553372,-0.0739621050643414
step2e_regression_clip,33,W3_b01,case05,FAULT,3.878077504674067,0.0177119046505623,68.85123518947475,68.45594001476238,0.7758309851284505,0.131438456958089,0.3409195270424038,0.0602231980437552,0.6301992460537585,-0.0801152991183172
