view,seed,op,fold,arm,AUROC,AP,case_AUROC,case_AP,train_cases,test_cases,claim
fit_only_clip,11,W1,0,A0,0.0,0.24206349206349206,0.0,0.3333333333333333,"case03,case05","case01,case02,case04","diagnostic supervised upper bound; same benign seed across interventions, not independent heldout benign seed"
fit_only_clip,11,W1,0,A1,0.9444444444444444,0.9166666666666665,1.0,1.0,"case03,case05","case01,case02,case04","diagnostic supervised upper bound; same benign seed across interventions, not independent heldout benign seed"
fit_only_clip,11,W1,0,A2,1.0,1.0,1.0,1.0,"case03,case05","case01,case02,case04","diagnostic supervised upper bound; same benign seed across interventions, not independent heldout benign seed"
fit_only_clip,11,W1,1,A0,0.0,0.38333333333333336,0.0,0.5,"case01,case02,case04","case03,case05","diagnostic supervised upper bound; same benign seed across interventions, not independent heldout benign seed"
fit_only_clip,11,W1,1,A1,0.0,0.38333333333333336,0.0,0.5,"case01,case02,case04","case03,case05","diagnostic supervised upper bound; same benign seed across interventions, not independent heldout benign seed"
fit_only_clip,11,W1,1,A2,0.0,0.38333333333333336,0.0,0.5,"case01,case02,case04","case03,case05","diagnostic supervised upper bound; same benign seed across interventions, not independent heldout benign seed"
fit_only_clip,11,W2_f0995,0,A0,0.0,0.24206349206349206,0.0,0.3333333333333333,"case03,case05","case01,case02,case04","diagnostic supervised upper bound; same benign seed across interventions, not independent heldout benign seed"
fit_only_clip,11,W2_f0995,0,A1,0.5,0.38333333333333336,0.5,0.5,"case03,case05","case01,case02,case04","diagnostic supervised upper bound; same benign seed across interventions, not independent heldout benign seed"
fit_only_clip,11,W2_f0995,0,A2,1.0,1.0,1.0,1.0,"case03,case05","case01,case02,case04","diagnostic supervised upper bound; same benign seed across interventions, not independent heldout benign seed"
fit_only_clip,11,W2_f0995,1,A0,0.0,0.38333333333333336,0.0,0.5,"case01,case02,case04","case03,case05","diagnostic supervised upper bound; same benign seed across interventions, not independent heldout benign seed"
fit_only_clip,11,W2_f0995,1,A1,0.0,0.38333333333333336,0.0,0.5,"case01,case02,case04","case03,case05","diagnostic supervised upper bound; same benign seed across interventions, not independent heldout benign seed"
fit_only_clip,11,W2_f0995,1,A2,0.0,0.38333333333333336,0.0,0.5,"case01,case02,case04","case03,case05","diagnostic supervised upper bound; same benign seed across interventions, not independent heldout benign seed"
fit_only_clip,11,W3_b01,0,A0,0.0,0.24206349206349206,0.0,0.3333333333333333,"case03,case05","case01,case02,case04","diagnostic supervised upper bound; same benign seed across interventions, not independent heldout benign seed"
fit_only_clip,11,W3_b01,0,A1,0.5,0.38333333333333336,0.5,0.5,"case03,case05","case01,case02,case04","diagnostic supervised upper bound; same benign seed across interventions, not independent heldout benign seed"
fit_only_clip,11,W3_b01,0,A2,1.0,1.0,1.0,1.0,"case03,case05","case01,case02,case04","diagnostic supervised upper bound; same benign seed across interventions, not independent heldout benign seed"
fit_only_clip,11,W3_b01,1,A0,0.0,0.38333333333333336,0.0,0.5,"case01,case02,case04","case03,case05","diagnostic supervised upper bound; same benign seed across interventions, not independent heldout benign seed"
fit_only_clip,11,W3_b01,1,A1,0.0,0.38333333333333336,0.0,0.5,"case01,case02,case04","case03,case05","diagnostic supervised upper bound; same benign seed across interventions, not independent heldout benign seed"
fit_only_clip,11,W3_b01,1,A2,0.0,0.38333333333333336,0.0,0.5,"case01,case02,case04","case03,case05","diagnostic supervised upper bound; same benign seed across interventions, not independent heldout benign seed"
fit_only_clip,22,W1,0,A0,0.0,0.24206349206349206,0.0,0.3333333333333333,"case03,case05","case01,case02,case04","diagnostic supervised upper bound; same benign seed across interventions, not independent heldout benign seed"
fit_only_clip,22,W1,0,A1,0.5,0.38333333333333336,0.5,0.5,"case03,case05","case01,case02,case04","diagnostic supervised upper bound; same benign seed across interventions, not independent heldout benign seed"
fit_only_clip,22,W1,0,A2,1.0,1.0,1.0,1.0,"case03,case05","case01,case02,case04","diagnostic supervised upper bound; same benign seed across interventions, not independent heldout benign seed"
fit_only_clip,22,W1,1,A0,0.0,0.38333333333333336,0.0,0.5,"case01,case02,case04","case03,case05","diagnostic supervised upper bound; same benign seed across interventions, not independent heldout benign seed"
fit_only_clip,22,W1,1,A1,0.0,0.38333333333333336,0.0,0.5,"case01,case02,case04","case03,case05","diagnostic supervised upper bound; same benign seed across interventions, not independent heldout benign seed"
fit_only_clip,22,W1,1,A2,0.0,0.38333333333333336,0.0,0.5,"case01,case02,case04","case03,case05","diagnostic supervised upper bound; same benign seed across interventions, not independent heldout benign seed"
fit_only_clip,22,W2_f0995,0,A0,0.0,0.24206349206349206,0.0,0.3333333333333333,"case03,case05","case01,case02,case04","diagnostic supervised upper bound; same benign seed across interventions, not independent heldout benign seed"
fit_only_clip,22,W2_f0995,0,A1,0.5,0.38333333333333336,0.5,0.5,"case03,case05","case01,case02,case04","diagnostic supervised upper bound; same benign seed across interventions, not independent heldout benign seed"
fit_only_clip,22,W2_f0995,0,A2,1.0,1.0,1.0,1.0,"case03,case05","case01,case02,case04","diagnostic supervised upper bound; same benign seed across interventions, not independent heldout benign seed"
fit_only_clip,22,W2_f0995,1,A0,0.0,0.38333333333333336,0.0,0.5,"case01,case02,case04","case03,case05","diagnostic supervised upper bound; same benign seed across interventions, not independent heldout benign seed"
fit_only_clip,22,W2_f0995,1,A1,0.0,0.38333333333333336,0.0,0.5,"case01,case02,case04","case03,case05","diagnostic supervised upper bound; same benign seed across interventions, not independent heldout benign seed"
fit_only_clip,22,W2_f0995,1,A2,0.0,0.38333333333333336,0.0,0.5,"case01,case02,case04","case03,case05","diagnostic supervised upper bound; same benign seed across interventions, not independent heldout benign seed"
fit_only_clip,22,W3_b01,0,A0,0.0,0.24206349206349206,0.0,0.3333333333333333,"case03,case05","case01,case02,case04","diagnostic supervised upper bound; same benign seed across interventions, not independent heldout benign seed"
fit_only_clip,22,W3_b01,0,A1,0.5,0.38333333333333336,0.5,0.5,"case03,case05","case01,case02,case04","diagnostic supervised upper bound; same benign seed across interventions, not independent heldout benign seed"
fit_only_clip,22,W3_b01,0,A2,1.0,1.0,1.0,1.0,"case03,case05","case01,case02,case04","diagnostic supervised upper bound; same benign seed across interventions, not independent heldout benign seed"
fit_only_clip,22,W3_b01,1,A0,0.0,0.38333333333333336,0.0,0.5,"case01,case02,case04","case03,case05","diagnostic supervised upper bound; same benign seed across interventions, not independent heldout benign seed"
fit_only_clip,22,W3_b01,1,A1,0.0,0.38333333333333336,0.0,0.5,"case01,case02,case04","case03,case05","diagnostic supervised upper bound; same benign seed across interventions, not independent heldout benign seed"
fit_only_clip,22,W3_b01,1,A2,0.0,0.38333333333333336,0.0,0.5,"case01,case02,case04","case03,case05","diagnostic supervised upper bound; same benign seed across interventions, not independent heldout benign seed"
fit_only_clip,33,W1,0,A0,0.0,0.24206349206349206,0.0,0.3333333333333333,"case03,case05","case01,case02,case04","diagnostic supervised upper bound; same benign seed across interventions, not independent heldout benign seed"
fit_only_clip,33,W1,0,A1,0.5,0.38333333333333336,0.5,0.5,"case03,case05","case01,case02,case04","diagnostic supervised upper bound; same benign seed across interventions, not independent heldout benign seed"
fit_only_clip,33,W1,0,A2,1.0,1.0,1.0,1.0,"case03,case05","case01,case02,case04","diagnostic supervised upper bound; same benign seed across interventions, not independent heldout benign seed"
fit_only_clip,33,W1,1,A0,0.0,0.38333333333333336,0.0,0.5,"case01,case02,case04","case03,case05","diagnostic supervised upper bound; same benign seed across interventions, not independent heldout benign seed"
fit_only_clip,33,W1,1,A1,0.0,0.38333333333333336,0.0,0.5,"case01,case02,case04","case03,case05","diagnostic supervised upper bound; same benign seed across interventions, not independent heldout benign seed"
fit_only_clip,33,W1,1,A2,0.0,0.38333333333333336,0.0,0.5,"case01,case02,case04","case03,case05","diagnostic supervised upper bound; same benign seed across interventions, not independent heldout benign seed"
fit_only_clip,33,W2_f0995,0,A0,0.0,0.24206349206349206,0.0,0.3333333333333333,"case03,case05","case01,case02,case04","diagnostic supervised upper bound; same benign seed across interventions, not independent heldout benign seed"
fit_only_clip,33,W2_f0995,0,A1,0.5,0.38333333333333336,0.5,0.5,"case03,case05","case01,case02,case04","diagnostic supervised upper bound; same benign seed across interventions, not independent heldout benign seed"
fit_only_clip,33,W2_f0995,0,A2,1.0,1.0,1.0,1.0,"case03,case05","case01,case02,case04","diagnostic supervised upper bound; same benign seed across interventions, not independent heldout benign seed"
fit_only_clip,33,W2_f0995,1,A0,0.0,0.38333333333333336,0.0,0.5,"case01,case02,case04","case03,case05","diagnostic supervised upper bound; same benign seed across interventions, not independent heldout benign seed"
fit_only_clip,33,W2_f0995,1,A1,0.0,0.38333333333333336,0.0,0.5,"case01,case02,case04","case03,case05","diagnostic supervised upper bound; same benign seed across interventions, not independent heldout benign seed"
fit_only_clip,33,W2_f0995,1,A2,0.0,0.38333333333333336,0.0,0.5,"case01,case02,case04","case03,case05","diagnostic supervised upper bound; same benign seed across interventions, not independent heldout benign seed"
fit_only_clip,33,W3_b01,0,A0,0.0,0.24206349206349206,0.0,0.3333333333333333,"case03,case05","case01,case02,case04","diagnostic supervised upper bound; same benign seed across interventions, not independent heldout benign seed"
fit_only_clip,33,W3_b01,0,A1,0.5,0.38333333333333336,0.5,0.5,"case03,case05","case01,case02,case04","diagnostic supervised upper bound; same benign seed across interventions, not independent heldout benign seed"
fit_only_clip,33,W3_b01,0,A2,1.0,1.0,1.0,1.0,"case03,case05","case01,case02,case04","diagnostic supervised upper bound; same benign seed across interventions, not independent heldout benign seed"
fit_only_clip,33,W3_b01,1,A0,0.0,0.38333333333333336,0.0,0.5,"case01,case02,case04","case03,case05","diagnostic supervised upper bound; same benign seed across interventions, not independent heldout benign seed"
fit_only_clip,33,W3_b01,1,A1,0.0,0.38333333333333336,0.0,0.5,"case01,case02,case04","case03,case05","diagnostic supervised upper bound; same benign seed across interventions, not independent heldout benign seed"
fit_only_clip,33,W3_b01,1,A2,0.0,0.38333333333333336,0.0,0.5,"case01,case02,case04","case03,case05","diagnostic supervised upper bound; same benign seed across interventions, not independent heldout benign seed"
fit_only_no_clip,11,W1,0,A0,0.0,0.24206349206349206,0.0,0.3333333333333333,"case03,case05","case01,case02,case04","diagnostic supervised upper bound; same benign seed across interventions, not independent heldout benign seed"
fit_only_no_clip,11,W1,0,A1,0.5,0.38333333333333336,0.5,0.5,"case03,case05","case01,case02,case04","diagnostic supervised upper bound; same benign seed across interventions, not independent heldout benign seed"
fit_only_no_clip,11,W1,0,A2,1.0,1.0,1.0,1.0,"case03,case05","case01,case02,case04","diagnostic supervised upper bound; same benign seed across interventions, not independent heldout benign seed"
fit_only_no_clip,11,W1,1,A0,0.0,0.38333333333333336,0.0,0.5,"case01,case02,case04","case03,case05","diagnostic supervised upper bound; same benign seed across interventions, not independent heldout benign seed"
fit_only_no_clip,11,W1,1,A1,0.0,0.38333333333333336,0.0,0.5,"case01,case02,case04","case03,case05","diagnostic supervised upper bound; same benign seed across interventions, not independent heldout benign seed"
fit_only_no_clip,11,W1,1,A2,0.0,0.38333333333333336,0.0,0.5,"case01,case02,case04","case03,case05","diagnostic supervised upper bound; same benign seed across interventions, not independent heldout benign seed"
fit_only_no_clip,11,W2_f0995,0,A0,0.0,0.24206349206349206,0.0,0.3333333333333333,"case03,case05","case01,case02,case04","diagnostic supervised upper bound; same benign seed across interventions, not independent heldout benign seed"
fit_only_no_clip,11,W2_f0995,0,A1,0.6111111111111112,0.4444444444444445,0.5,0.5,"case03,case05","case01,case02,case04","diagnostic supervised upper bound; same benign seed across interventions, not independent heldout benign seed"
fit_only_no_clip,11,W2_f0995,0,A2,1.0,1.0,1.0,1.0,"case03,case05","case01,case02,case04","diagnostic supervised upper bound; same benign seed across interventions, not independent heldout benign seed"
fit_only_no_clip,11,W2_f0995,1,A0,0.0,0.38333333333333336,0.0,0.5,"case01,case02,case04","case03,case05","diagnostic supervised upper bound; same benign seed across interventions, not independent heldout benign seed"
fit_only_no_clip,11,W2_f0995,1,A1,0.0,0.38333333333333336,0.0,0.5,"case01,case02,case04","case03,case05","diagnostic supervised upper bound; same benign seed across interventions, not independent heldout benign seed"
fit_only_no_clip,11,W2_f0995,1,A2,0.0,0.38333333333333336,0.0,0.5,"case01,case02,case04","case03,case05","diagnostic supervised upper bound; same benign seed across interventions, not independent heldout benign seed"
fit_only_no_clip,11,W3_b01,0,A0,0.0,0.24206349206349206,0.0,0.3333333333333333,"case03,case05","case01,case02,case04","diagnostic supervised upper bound; same benign seed across interventions, not independent heldout benign seed"
fit_only_no_clip,11,W3_b01,0,A1,0.5,0.38333333333333336,0.5,0.5,"case03,case05","case01,case02,case04","diagnostic supervised upper bound; same benign seed across interventions, not independent heldout benign seed"
fit_only_no_clip,11,W3_b01,0,A2,1.0,1.0,1.0,1.0,"case03,case05","case01,case02,case04","diagnostic supervised upper bound; same benign seed across interventions, not independent heldout benign seed"
fit_only_no_clip,11,W3_b01,1,A0,0.0,0.38333333333333336,0.0,0.5,"case01,case02,case04","case03,case05","diagnostic supervised upper bound; same benign seed across interventions, not independent heldout benign seed"
fit_only_no_clip,11,W3_b01,1,A1,0.0,0.38333333333333336,0.0,0.5,"case01,case02,case04","case03,case05","diagnostic supervised upper bound; same benign seed across interventions, not independent heldout benign seed"
fit_only_no_clip,11,W3_b01,1,A2,0.0,0.38333333333333336,0.0,0.5,"case01,case02,case04","case03,case05","diagnostic supervised upper bound; same benign seed across interventions, not independent heldout benign seed"
fit_only_no_clip,22,W1,0,A0,0.0,0.24206349206349206,0.0,0.3333333333333333,"case03,case05","case01,case02,case04","diagnostic supervised upper bound; same benign seed across interventions, not independent heldout benign seed"
fit_only_no_clip,22,W1,0,A1,0.5,0.38333333333333336,0.5,0.5,"case03,case05","case01,case02,case04","diagnostic supervised upper bound; same benign seed across interventions, not independent heldout benign seed"
fit_only_no_clip,22,W1,0,A2,1.0,1.0,1.0,1.0,"case03,case05","case01,case02,case04","diagnostic supervised upper bound; same benign seed across interventions, not independent heldout benign seed"
fit_only_no_clip,22,W1,1,A0,0.0,0.38333333333333336,0.0,0.5,"case01,case02,case04","case03,case05","diagnostic supervised upper bound; same benign seed across interventions, not independent heldout benign seed"
fit_only_no_clip,22,W1,1,A1,0.0,0.38333333333333336,0.0,0.5,"case01,case02,case04","case03,case05","diagnostic supervised upper bound; same benign seed across interventions, not independent heldout benign seed"
fit_only_no_clip,22,W1,1,A2,0.0,0.38333333333333336,0.0,0.5,"case01,case02,case04","case03,case05","diagnostic supervised upper bound; same benign seed across interventions, not independent heldout benign seed"
fit_only_no_clip,22,W2_f0995,0,A0,0.0,0.24206349206349206,0.0,0.3333333333333333,"case03,case05","case01,case02,case04","diagnostic supervised upper bound; same benign seed across interventions, not independent heldout benign seed"
fit_only_no_clip,22,W2_f0995,0,A1,0.6111111111111112,0.4444444444444445,0.5,0.5,"case03,case05","case01,case02,case04","diagnostic supervised upper bound; same benign seed across interventions, not independent heldout benign seed"
fit_only_no_clip,22,W2_f0995,0,A2,1.0,1.0,1.0,1.0,"case03,case05","case01,case02,case04","diagnostic supervised upper bound; same benign seed across interventions, not independent heldout benign seed"
fit_only_no_clip,22,W2_f0995,1,A0,0.0,0.38333333333333336,0.0,0.5,"case01,case02,case04","case03,case05","diagnostic supervised upper bound; same benign seed across interventions, not independent heldout benign seed"
fit_only_no_clip,22,W2_f0995,1,A1,0.0,0.38333333333333336,0.0,0.5,"case01,case02,case04","case03,case05","diagnostic supervised upper bound; same benign seed across interventions, not independent heldout benign seed"
fit_only_no_clip,22,W2_f0995,1,A2,0.0,0.38333333333333336,0.0,0.5,"case01,case02,case04","case03,case05","diagnostic supervised upper bound; same benign seed across interventions, not independent heldout benign seed"
fit_only_no_clip,22,W3_b01,0,A0,0.0,0.24206349206349206,0.0,0.3333333333333333,"case03,case05","case01,case02,case04","diagnostic supervised upper bound; same benign seed across interventions, not independent heldout benign seed"
fit_only_no_clip,22,W3_b01,0,A1,0.5,0.38333333333333336,0.5,0.5,"case03,case05","case01,case02,case04","diagnostic supervised upper bound; same benign seed across interventions, not independent heldout benign seed"
fit_only_no_clip,22,W3_b01,0,A2,1.0,1.0,1.0,1.0,"case03,case05","case01,case02,case04","diagnostic supervised upper bound; same benign seed across interventions, not independent heldout benign seed"
fit_only_no_clip,22,W3_b01,1,A0,0.0,0.38333333333333336,0.0,0.5,"case01,case02,case04","case03,case05","diagnostic supervised upper bound; same benign seed across interventions, not independent heldout benign seed"
fit_only_no_clip,22,W3_b01,1,A1,0.0,0.38333333333333336,0.0,0.5,"case01,case02,case04","case03,case05","diagnostic supervised upper bound; same benign seed across interventions, not independent heldout benign seed"
fit_only_no_clip,22,W3_b01,1,A2,0.0,0.38333333333333336,0.0,0.5,"case01,case02,case04","case03,case05","diagnostic supervised upper bound; same benign seed across interventions, not independent heldout benign seed"
fit_only_no_clip,33,W1,0,A0,0.0,0.24206349206349206,0.0,0.3333333333333333,"case03,case05","case01,case02,case04","diagnostic supervised upper bound; same benign seed across interventions, not independent heldout benign seed"
fit_only_no_clip,33,W1,0,A1,1.0,1.0,1.0,1.0,"case03,case05","case01,case02,case04","diagnostic supervised upper bound; same benign seed across interventions, not independent heldout benign seed"
fit_only_no_clip,33,W1,0,A2,1.0,1.0,1.0,1.0,"case03,case05","case01,case02,case04","diagnostic supervised upper bound; same benign seed across interventions, not independent heldout benign seed"
fit_only_no_clip,33,W1,1,A0,0.0,0.38333333333333336,0.0,0.5,"case01,case02,case04","case03,case05","diagnostic supervised upper bound; same benign seed across interventions, not independent heldout benign seed"
fit_only_no_clip,33,W1,1,A1,0.0,0.38333333333333336,0.0,0.5,"case01,case02,case04","case03,case05","diagnostic supervised upper bound; same benign seed across interventions, not independent heldout benign seed"
fit_only_no_clip,33,W1,1,A2,0.0,0.38333333333333336,0.0,0.5,"case01,case02,case04","case03,case05","diagnostic supervised upper bound; same benign seed across interventions, not independent heldout benign seed"
fit_only_no_clip,33,W2_f0995,0,A0,0.0,0.24206349206349206,0.0,0.3333333333333333,"case03,case05","case01,case02,case04","diagnostic supervised upper bound; same benign seed across interventions, not independent heldout benign seed"
fit_only_no_clip,33,W2_f0995,0,A1,0.5,0.38333333333333336,0.5,0.5,"case03,case05","case01,case02,case04","diagnostic supervised upper bound; same benign seed across interventions, not independent heldout benign seed"
fit_only_no_clip,33,W2_f0995,0,A2,1.0,1.0,1.0,1.0,"case03,case05","case01,case02,case04","diagnostic supervised upper bound; same benign seed across interventions, not independent heldout benign seed"
fit_only_no_clip,33,W2_f0995,1,A0,0.0,0.38333333333333336,0.0,0.5,"case01,case02,case04","case03,case05","diagnostic supervised upper bound; same benign seed across interventions, not independent heldout benign seed"
fit_only_no_clip,33,W2_f0995,1,A1,0.0,0.38333333333333336,0.0,0.5,"case01,case02,case04","case03,case05","diagnostic supervised upper bound; same benign seed across interventions, not independent heldout benign seed"
fit_only_no_clip,33,W2_f0995,1,A2,0.0,0.38333333333333336,0.0,0.5,"case01,case02,case04","case03,case05","diagnostic supervised upper bound; same benign seed across interventions, not independent heldout benign seed"
fit_only_no_clip,33,W3_b01,0,A0,0.0,0.24206349206349206,0.0,0.3333333333333333,"case03,case05","case01,case02,case04","diagnostic supervised upper bound; same benign seed across interventions, not independent heldout benign seed"
fit_only_no_clip,33,W3_b01,0,A1,0.5,0.38333333333333336,0.5,0.5,"case03,case05","case01,case02,case04","diagnostic supervised upper bound; same benign seed across interventions, not independent heldout benign seed"
fit_only_no_clip,33,W3_b01,0,A2,1.0,1.0,1.0,1.0,"case03,case05","case01,case02,case04","diagnostic supervised upper bound; same benign seed across interventions, not independent heldout benign seed"
fit_only_no_clip,33,W3_b01,1,A0,0.0,0.38333333333333336,0.0,0.5,"case01,case02,case04","case03,case05","diagnostic supervised upper bound; same benign seed across interventions, not independent heldout benign seed"
fit_only_no_clip,33,W3_b01,1,A1,0.0,0.38333333333333336,0.0,0.5,"case01,case02,case04","case03,case05","diagnostic supervised upper bound; same benign seed across interventions, not independent heldout benign seed"
fit_only_no_clip,33,W3_b01,1,A2,0.0,0.38333333333333336,0.0,0.5,"case01,case02,case04","case03,case05","diagnostic supervised upper bound; same benign seed across interventions, not independent heldout benign seed"
step2e_regression_clip,11,W1,0,A0,0.0,0.24206349206349206,0.0,0.3333333333333333,"case03,case05","case01,case02,case04","diagnostic supervised upper bound; same benign seed across interventions, not independent heldout benign seed"
step2e_regression_clip,11,W1,0,A1,0.5,0.38333333333333336,0.5,0.5,"case03,case05","case01,case02,case04","diagnostic supervised upper bound; same benign seed across interventions, not independent heldout benign seed"
step2e_regression_clip,11,W1,0,A2,1.0,1.0,1.0,1.0,"case03,case05","case01,case02,case04","diagnostic supervised upper bound; same benign seed across interventions, not independent heldout benign seed"
step2e_regression_clip,11,W1,1,A0,0.0,0.38333333333333336,0.0,0.5,"case01,case02,case04","case03,case05","diagnostic supervised upper bound; same benign seed across interventions, not independent heldout benign seed"
step2e_regression_clip,11,W1,1,A1,0.0,0.38333333333333336,0.0,0.5,"case01,case02,case04","case03,case05","diagnostic supervised upper bound; same benign seed across interventions, not independent heldout benign seed"
step2e_regression_clip,11,W1,1,A2,0.0,0.38333333333333336,0.0,0.5,"case01,case02,case04","case03,case05","diagnostic supervised upper bound; same benign seed across interventions, not independent heldout benign seed"
step2e_regression_clip,11,W2_f0995,0,A0,0.0,0.24206349206349206,0.0,0.3333333333333333,"case03,case05","case01,case02,case04","diagnostic supervised upper bound; same benign seed across interventions, not independent heldout benign seed"
step2e_regression_clip,11,W2_f0995,0,A1,0.5,0.38333333333333336,0.5,0.5,"case03,case05","case01,case02,case04","diagnostic supervised upper bound; same benign seed across interventions, not independent heldout benign seed"
step2e_regression_clip,11,W2_f0995,0,A2,1.0,1.0,1.0,1.0,"case03,case05","case01,case02,case04","diagnostic supervised upper bound; same benign seed across interventions, not independent heldout benign seed"
step2e_regression_clip,11,W2_f0995,1,A0,0.0,0.38333333333333336,0.0,0.5,"case01,case02,case04","case03,case05","diagnostic supervised upper bound; same benign seed across interventions, not independent heldout benign seed"
step2e_regression_clip,11,W2_f0995,1,A1,0.0,0.38333333333333336,0.0,0.5,"case01,case02,case04","case03,case05","diagnostic supervised upper bound; same benign seed across interventions, not independent heldout benign seed"
step2e_regression_clip,11,W2_f0995,1,A2,0.0,0.38333333333333336,0.0,0.5,"case01,case02,case04","case03,case05","diagnostic supervised upper bound; same benign seed across interventions, not independent heldout benign seed"
step2e_regression_clip,11,W3_b01,0,A0,0.0,0.24206349206349206,0.0,0.3333333333333333,"case03,case05","case01,case02,case04","diagnostic supervised upper bound; same benign seed across interventions, not independent heldout benign seed"
step2e_regression_clip,11,W3_b01,0,A1,0.5,0.38333333333333336,0.5,0.5,"case03,case05","case01,case02,case04","diagnostic supervised upper bound; same benign seed across interventions, not independent heldout benign seed"
step2e_regression_clip,11,W3_b01,0,A2,1.0,1.0,1.0,1.0,"case03,case05","case01,case02,case04","diagnostic supervised upper bound; same benign seed across interventions, not independent heldout benign seed"
step2e_regression_clip,11,W3_b01,1,A0,0.0,0.38333333333333336,0.0,0.5,"case01,case02,case04","case03,case05","diagnostic supervised upper bound; same benign seed across interventions, not independent heldout benign seed"
step2e_regression_clip,11,W3_b01,1,A1,0.0,0.38333333333333336,0.0,0.5,"case01,case02,case04","case03,case05","diagnostic supervised upper bound; same benign seed across interventions, not independent heldout benign seed"
step2e_regression_clip,11,W3_b01,1,A2,0.0,0.38333333333333336,0.0,0.5,"case01,case02,case04","case03,case05","diagnostic supervised upper bound; same benign seed across interventions, not independent heldout benign seed"
step2e_regression_clip,22,W1,0,A0,0.0,0.24206349206349206,0.0,0.3333333333333333,"case03,case05","case01,case02,case04","diagnostic supervised upper bound; same benign seed across interventions, not independent heldout benign seed"
step2e_regression_clip,22,W1,0,A1,0.5,0.38333333333333336,0.5,0.5,"case03,case05","case01,case02,case04","diagnostic supervised upper bound; same benign seed across interventions, not independent heldout benign seed"
step2e_regression_clip,22,W1,0,A2,0.0,0.24206349206349206,0.0,0.3333333333333333,"case03,case05","case01,case02,case04","diagnostic supervised upper bound; same benign seed across interventions, not independent heldout benign seed"
step2e_regression_clip,22,W1,1,A0,0.0,0.38333333333333336,0.0,0.5,"case01,case02,case04","case03,case05","diagnostic supervised upper bound; same benign seed across interventions, not independent heldout benign seed"
step2e_regression_clip,22,W1,1,A1,0.0,0.38333333333333336,0.0,0.5,"case01,case02,case04","case03,case05","diagnostic supervised upper bound; same benign seed across interventions, not independent heldout benign seed"
step2e_regression_clip,22,W1,1,A2,0.0,0.38333333333333336,0.0,0.5,"case01,case02,case04","case03,case05","diagnostic supervised upper bound; same benign seed across interventions, not independent heldout benign seed"
step2e_regression_clip,22,W2_f0995,0,A0,0.0,0.24206349206349206,0.0,0.3333333333333333,"case03,case05","case01,case02,case04","diagnostic supervised upper bound; same benign seed across interventions, not independent heldout benign seed"
step2e_regression_clip,22,W2_f0995,0,A1,0.5,0.38333333333333336,0.5,0.5,"case03,case05","case01,case02,case04","diagnostic supervised upper bound; same benign seed across interventions, not independent heldout benign seed"
step2e_regression_clip,22,W2_f0995,0,A2,1.0,1.0,1.0,1.0,"case03,case05","case01,case02,case04","diagnostic supervised upper bound; same benign seed across interventions, not independent heldout benign seed"
step2e_regression_clip,22,W2_f0995,1,A0,0.0,0.38333333333333336,0.0,0.5,"case01,case02,case04","case03,case05","diagnostic supervised upper bound; same benign seed across interventions, not independent heldout benign seed"
step2e_regression_clip,22,W2_f0995,1,A1,0.0,0.38333333333333336,0.0,0.5,"case01,case02,case04","case03,case05","diagnostic supervised upper bound; same benign seed across interventions, not independent heldout benign seed"
step2e_regression_clip,22,W2_f0995,1,A2,0.0,0.38333333333333336,0.0,0.5,"case01,case02,case04","case03,case05","diagnostic supervised upper bound; same benign seed across interventions, not independent heldout benign seed"
step2e_regression_clip,22,W3_b01,0,A0,0.0,0.24206349206349206,0.0,0.3333333333333333,"case03,case05","case01,case02,case04","diagnostic supervised upper bound; same benign seed across interventions, not independent heldout benign seed"
step2e_regression_clip,22,W3_b01,0,A1,0.5,0.38333333333333336,0.5,0.5,"case03,case05","case01,case02,case04","diagnostic supervised upper bound; same benign seed across interventions, not independent heldout benign seed"
step2e_regression_clip,22,W3_b01,0,A2,1.0,1.0,1.0,1.0,"case03,case05","case01,case02,case04","diagnostic supervised upper bound; same benign seed across interventions, not independent heldout benign seed"
step2e_regression_clip,22,W3_b01,1,A0,0.0,0.38333333333333336,0.0,0.5,"case01,case02,case04","case03,case05","diagnostic supervised upper bound; same benign seed across interventions, not independent heldout benign seed"
step2e_regression_clip,22,W3_b01,1,A1,0.0,0.38333333333333336,0.0,0.5,"case01,case02,case04","case03,case05","diagnostic supervised upper bound; same benign seed across interventions, not independent heldout benign seed"
step2e_regression_clip,22,W3_b01,1,A2,0.0,0.38333333333333336,0.0,0.5,"case01,case02,case04","case03,case05","diagnostic supervised upper bound; same benign seed across interventions, not independent heldout benign seed"
step2e_regression_clip,33,W1,0,A0,0.0,0.24206349206349206,0.0,0.3333333333333333,"case03,case05","case01,case02,case04","diagnostic supervised upper bound; same benign seed across interventions, not independent heldout benign seed"
step2e_regression_clip,33,W1,0,A1,0.5,0.38333333333333336,0.5,0.5,"case03,case05","case01,case02,case04","diagnostic supervised upper bound; same benign seed across interventions, not independent heldout benign seed"
step2e_regression_clip,33,W1,0,A2,0.0,0.24206349206349206,0.0,0.3333333333333333,"case03,case05","case01,case02,case04","diagnostic supervised upper bound; same benign seed across interventions, not independent heldout benign seed"
step2e_regression_clip,33,W1,1,A0,0.0,0.38333333333333336,0.0,0.5,"case01,case02,case04","case03,case05","diagnostic supervised upper bound; same benign seed across interventions, not independent heldout benign seed"
step2e_regression_clip,33,W1,1,A1,0.0,0.38333333333333336,0.0,0.5,"case01,case02,case04","case03,case05","diagnostic supervised upper bound; same benign seed across interventions, not independent heldout benign seed"
step2e_regression_clip,33,W1,1,A2,0.0,0.38333333333333336,0.0,0.5,"case01,case02,case04","case03,case05","diagnostic supervised upper bound; same benign seed across interventions, not independent heldout benign seed"
step2e_regression_clip,33,W2_f0995,0,A0,0.0,0.24206349206349206,0.0,0.3333333333333333,"case03,case05","case01,case02,case04","diagnostic supervised upper bound; same benign seed across interventions, not independent heldout benign seed"
step2e_regression_clip,33,W2_f0995,0,A1,0.5,0.38333333333333336,0.5,0.5,"case03,case05","case01,case02,case04","diagnostic supervised upper bound; same benign seed across interventions, not independent heldout benign seed"
step2e_regression_clip,33,W2_f0995,0,A2,1.0,1.0,1.0,1.0,"case03,case05","case01,case02,case04","diagnostic supervised upper bound; same benign seed across interventions, not independent heldout benign seed"
step2e_regression_clip,33,W2_f0995,1,A0,0.0,0.38333333333333336,0.0,0.5,"case01,case02,case04","case03,case05","diagnostic supervised upper bound; same benign seed across interventions, not independent heldout benign seed"
step2e_regression_clip,33,W2_f0995,1,A1,0.0,0.38333333333333336,0.0,0.5,"case01,case02,case04","case03,case05","diagnostic supervised upper bound; same benign seed across interventions, not independent heldout benign seed"
step2e_regression_clip,33,W2_f0995,1,A2,0.0,0.38333333333333336,0.0,0.5,"case01,case02,case04","case03,case05","diagnostic supervised upper bound; same benign seed across interventions, not independent heldout benign seed"
step2e_regression_clip,33,W3_b01,0,A0,0.0,0.24206349206349206,0.0,0.3333333333333333,"case03,case05","case01,case02,case04","diagnostic supervised upper bound; same benign seed across interventions, not independent heldout benign seed"
step2e_regression_clip,33,W3_b01,0,A1,0.5,0.38333333333333336,0.5,0.5,"case03,case05","case01,case02,case04","diagnostic supervised upper bound; same benign seed across interventions, not independent heldout benign seed"
step2e_regression_clip,33,W3_b01,0,A2,1.0,1.0,1.0,1.0,"case03,case05","case01,case02,case04","diagnostic supervised upper bound; same benign seed across interventions, not independent heldout benign seed"
step2e_regression_clip,33,W3_b01,1,A0,0.0,0.38333333333333336,0.0,0.5,"case01,case02,case04","case03,case05","diagnostic supervised upper bound; same benign seed across interventions, not independent heldout benign seed"
step2e_regression_clip,33,W3_b01,1,A1,0.0,0.38333333333333336,0.0,0.5,"case01,case02,case04","case03,case05","diagnostic supervised upper bound; same benign seed across interventions, not independent heldout benign seed"
step2e_regression_clip,33,W3_b01,1,A2,0.0,0.38333333333333336,0.0,0.5,"case01,case02,case04","case03,case05","diagnostic supervised upper bound; same benign seed across interventions, not independent heldout benign seed"
