model,fault,delta,n_units,q_W,q_Fsub,wim_sub,wim_sub_lo,wim_sub_hi,null,null_lo,null_hi,wim_skip,wim_skip_lo,wim_skip_hi,wim_decay,wim_decay_lo,wim_decay_hi,logratio,logratio_lo,logratio_hi,null_sd_unit,frac_detect_W,frac_detect_Fsub
gdeltanet,corr,1,48,0.7536532385466034,0.7670813586097948,0.013428120063191154,-0.014721563981042659,0.04117298578199052,0.012440758293838864,-0.00790383096366508,0.037914691943127965,0.005529225908372828,-0.0017772511848341208,0.017278830963665087,9.873617693523008e-05,0.0,0.00029620853080569026,-0.10914625960316604,-0.19067371391964616,-0.03478285204926621,0.08228324196168449,0.4375,0.4791666666666667
gdeltanet,corr,4,48,0.7553317535545023,0.762539494470774,0.00720774091627172,-0.01273696682464455,0.029134577409162688,-0.0020734597156398062,-0.015898992890995257,0.01402053712480253,0.0022709320695102676,-0.009083728278041077,0.017389909162717154,0.0014810426540284363,-0.010367298578199053,0.016390205371248027,-0.00014417669357250548,-0.02826253759471747,0.027793652692249163,0.05292788952848925,0.4375,0.4791666666666667
gdeltanet,corr,16,48,0.7707345971563981,0.7816943127962085,0.010959715639810429,-0.00118483412322275,0.028932168246445494,0.014218009478672987,0.0029620853080568714,0.027843601895734593,1.1564823173178713e-18,-0.0002962085308056833,0.0002962085308056868,0.0013823064770932096,-0.00019747235387045556,0.004344391785150083,-0.0013593550053362057,-0.022816981192687463,0.01895064449384404,0.04841097689981289,0.4583333333333333,0.4791666666666667
gdeltanet,corr,64,48,0.7538507109004738,0.7575039494470773,0.003653238546603475,0.0,0.010959715639810427,-0.002270932069510269,-0.006812796208530807,0.0,0.0,0.0,0.0,0.0,0.0,0.0,-0.0018977119516772032,-0.00562719054334808,0.0017614317247064682,0.015733478899717292,0.4583333333333333,0.4583333333333333
gdeltanet,corr,256,48,0.7500987361769352,0.7474328593996841,-0.0026658767772511846,-0.007997630331753554,0.0,-0.0026658767772511846,-0.007997630331753554,0.0,0.0,0.0,0.0,-0.0026658767772511846,-0.007997630331753554,0.0,-0.0001035224676113206,-0.0003786943175302035,0.000152238383200774,0.018469736099668125,0.4583333333333333,0.4583333333333333
gdeltanet,corr,1024,48,0.7311413902053712,0.7311413902053712,0.0,0.0,0.0,0.0,0.0,0.0,0.0,0.0,0.0,0.0,0.0,0.0,-1.4530226080204193e-08,-4.764295880900493e-08,1.0692974478088122e-08,0.0,0.4583333333333333,0.4583333333333333
gdeltanet,spike_a1,1,48,0.565955766192733,0.6852290679304897,0.1192733017377567,0.054299960505529224,0.19569510268562404,-0.03801342812006319,-0.09844243680884675,0.008987460505529208,-0.0078001579778830986,-0.020537124802527645,0.0005924170616113753,0.03929699842022117,0.007896425750394943,0.07752764612954176,-0.3605440536621491,-0.5644533575808083,-0.18087650616110995,0.19023151286774437,0.22916666666666666,0.3541666666666667
gdeltanet,spike_a1,4,48,0.568522906793049,0.5928120063191152,0.024289099526066355,-0.008293838862559239,0.06496840442338073,-0.0101698262243286,-0.06072521721958928,0.035843700631911515,-0.010564770932069513,-0.027251184834123227,0.002665876777251185,-0.005035545023696685,-0.012440758293838871,0.0004936808846761458,-0.0640645266235752,-0.13182102689713676,-0.0009994496894870516,0.17045354759354933,0.22916666666666666,0.25
gdeltanet,spike_a1,16,48,0.5626974723538704,0.5694115323854659,0.006714060031595577,-0.011752073459715639,0.025081457345971555,-0.005529225908372828,-0.02587381516587678,0.00947867298578199,0.0012835703001579785,0.0,0.0032582938388625617,0.0007898894154818326,0.0,0.002369668246445498,-0.01855450680225444,-0.049226594896025246,0.007098406393289951,0.06383491118075067,0.22916666666666666,0.25
gdeltanet,spike_a1,64,48,0.5549960505529226,0.5545023696682465,-0.0004936808846761455,-0.012835703001579775,0.014812894944707725,-0.008392575039494471,-0.02409162717219589,0.0008886255924170543,-0.0012835703001579772,-0.009774881516587676,0.007602685624012641,-0.00424565560821485,-0.011463270142180093,0.0,0.001432651870310273,-0.005810333295509012,0.009314427475822234,0.04576448145476159,0.25,0.25
gdeltanet,spike_a1,256,48,0.5611176935229067,0.5611176935229067,0.0,0.0,0.0,0.0,0.0,0.0,0.0,0.0,0.0,0.0,0.0,0.0,2.51421211850799e-06,-0.00022283428941188634,0.00024968197701455376,0.0,0.22916666666666666,0.22916666666666666
gdeltanet,spike_a1,1024,48,0.5654620853080569,0.5654620853080569,0.0,0.0,0.0,0.0,0.0,0.0,0.0,0.0,0.0,0.0,0.0,0.0,-4.082404277128138e-08,-6.681448078022882e-08,-1.6742135883728054e-08,0.0,0.3541666666666667,0.3541666666666667
gdeltanet,spike_a2,1,48,0.7265995260663507,0.7958135860979464,0.06921406003159558,0.026848834913112164,0.11750098736176934,-0.024585308056872035,-0.0697126777251185,0.013134379936808844,0.0007898894154818345,-0.004741804897314376,0.006319115323854659,0.01737756714060032,0.0012835703001579772,0.039891883886255926,-0.2877858097374888,-0.4706104675174215,-0.12776613498857006,0.14748483958799846,0.375,0.4583333333333333
gdeltanet,spike_a2,4,48,0.7307464454976303,0.7484202211690364,0.01767377567140601,-0.008395043443917852,0.04680341627172195,-0.0031595576619273345,-0.035056279620853094,0.022511848341232227,9.873617693523038e-05,-0.005924170616113745,0.006417851500789891,-0.009281200631911533,-0.024886453396524483,0.0013823064770932061,-0.0670047283846722,-0.1334068621465171,-0.009974976068942086,0.1036186516411448,0.375,0.3958333333333333
gdeltanet,spike_a2,16,48,0.731931279620853,0.7343009478672986,0.0023696682464454982,-0.010174763033175355,0.015607721169036293,-0.0034557661927330182,-0.020734597156398107,0.011552132701421802,0.00740521327014218,-0.005529225908372828,0.02675750394944708,0.010466034755134282,0.0,0.028732227488151657,-0.015611585063715442,-0.042850871624899256,0.006679570239235991,0.05646504555011927,0.3958333333333333,0.375
gdeltanet,spike_a2,64,48,0.721958925750395,0.7207740916271721,-0.0011848341232227478,-0.007898894154818327,0.0051342812006319166,-0.0029620853080568714,-0.00829383886255924,0.0,-0.0007898894154818333,-0.0023696682464455,0.0,-0.0007898894154818333,-0.0023696682464455,0.0,0.00035537063015816245,-0.0029575059844372358,0.0036615888417431,0.016837883067121872,0.4583333333333333,0.4583333333333333
gdeltanet,spike_a2,256,48,0.7394352290679306,0.7394352290679306,0.0,0.0,0.0,0.0,0.0,0.0,0.0,0.0,0.0,0.0,0.0,0.0,7.005623743073138e-06,-0.00025718341100747363,0.00028458406231042,0.0,0.3541666666666667,0.3541666666666667
gdeltanet,spike_a2,1024,48,0.7425947867298577,0.7425947867298577,0.0,0.0,0.0,0.0,0.0,0.0,0.0,0.0,0.0,0.0,0.0,0.0,-3.1920673229657304e-08,-5.717013440836398e-08,-6.972908190202211e-09,0.0,0.4791666666666667,0.4791666666666667
gdeltanet,spike_a4,1,48,0.9103475513428121,0.9236769352290679,0.013329383886255921,0.001678515007898893,0.02804847946287515,9.873617693522778e-05,-0.00878751974723539,0.008984992101105845,0.002369668246445498,0.0,0.007109004739336493,0.005331753554502373,0.0,0.01362559241706162,-0.14099553077016258,-0.26668187580294067,-0.04309059509141544,0.029337490383304708,0.6041666666666666,0.6458333333333334
gdeltanet,spike_a4,4,48,0.9160742496050552,0.9161729857819904,9.87361769352324e-05,-0.01184834123222749,0.012144549763033188,0.003653238546603476,0.0,0.010285841232227396,-0.0029620853080568727,-0.008886255924170618,0.0,0.006022906793048978,0.0,0.01510663507109006,-0.0319457899098449,-0.07436399783536632,0.002724319859784794,0.020973726356812068,0.625,0.6041666666666666
gdeltanet,spike_a4,16,48,0.9098538704581358,0.908570300157978,-0.0012835703001579796,-0.008886255924170618,0.005035545023696679,0.001678515007898893,0.0,0.005035545023696679,-0.004838072669826224,-0.012638230647709319,0.0,-0.004838072669826224,-0.012638230647709319,0.0,0.0008778764517928991,-0.011151379149454825,0.012415437852444117,0.011629093099791031,0.5833333333333334,0.5833333333333334
gdeltanet,spike_a4,64,48,0.9278238546603474,0.9261453396524487,-0.001678515007898893,-0.005035545023696679,0.0,-0.001678515007898893,-0.005035545023696679,0.0,0.0,0.0,0.0,0.0,0.0,0.0,0.002548805270047675,-0.0015987436099340608,0.007336803683009881,0.011629093099791031,0.625,0.625
gdeltanet,spike_a4,256,48,0.903436018957346,0.903436018957346,0.0,0.0,0.0,0.0,0.0,0.0,0.0,0.0,0.0,0.0,0.0,0.0,8.237297754838206e-05,-0.00010652701241407117,0.00028230342778325573,0.0,0.625,0.625
gdeltanet,spike_a4,1024,48,0.9283175355450236,0.9283175355450236,0.0,0.0,0.0,0.0,0.0,0.0,0.0,0.0,0.0,0.0,0.0,0.0,-7.004380085199695e-09,-3.146454922558125e-08,1.3066606667268739e-08,0.0,0.6666666666666666,0.6666666666666666
gdeltanet,stuck,1,48,0.43868483412322273,0.6001184834123222,0.16143364928909953,0.07730795813586099,0.2516785150078989,-0.04304897314375986,-0.11927330173775669,0.015010367298578185,-0.013625592417061613,-0.027944806477093218,-0.0011848341232227498,0.06802922590837283,0.01559784755134281,0.12826816745655606,-0.4163309957199736,-0.6568685074095044,-0.204454362705828,0.2391846068850002,0.125,0.2916666666666667
gdeltanet,stuck,4,48,0.4016587677725118,0.4515205371248025,0.04986176935229069,-0.004248124012638227,0.11434883491311211,-0.030015797788309647,-0.09814375987361772,0.02685624012638231,-0.008787519747235384,-0.026461295418641378,0.004936808846761453,-0.012835703001579775,-0.02893216824644549,-0.0022684636650869,-0.07337954882029883,-0.15547717802398386,0.0002682071812725093,0.22464342934972076,0.10416666666666667,0.125
gdeltanet,stuck,16,48,0.3693720379146919,0.377567140600316,0.00819510268562401,-0.00454186413902054,0.029524585308056853,-0.019253554502369662,-0.04966429699842021,0.006815264612954174,-0.003060821484992099,-0.007701421800947864,0.0002986769352290547,-0.00296208530805687,-0.0077014218009478635,0.0,-0.017317670200764537,-0.05425986487343073,0.013652084748240968,0.10280405528905637,0.14583333333333334,0.16666666666666666
gdeltanet,stuck,64,48,0.47324249605055285,0.47225513428120064,-0.0009873617693522882,-0.0043443917851500756,0.0018759873617693532,-0.013329383886255921,-0.02626382306477092,-0.0024659360189573506,0.0029620853080568727,0.0,0.008886255924170618,0.0,0.0,0.0,-0.0018064115861490624,-0.008243633833201714,0.004611209681826394,0.04178419380084594,0.14583333333333334,0.14583333333333334
gdeltanet,stuck,256,48,0.4657385466034755,0.4657385466034755,0.0,0.0,0.0,0.0,0.0,0.0,0.0,0.0,0.0,0.0,0.0,0.0,0.000135036060834194,-0.00022716312796178739,0.0005720900299524495,0.0,0.22916666666666666,0.22916666666666666
gdeltanet,stuck,1024,48,0.49417456556082145,0.49417456556082145,0.0,0.0,0.0,0.0,0.0,0.0,0.0,0.0,0.0,0.0,0.0,0.0,-2.4777748251849214e-08,-6.83028590075938e-08,1.268715374666943e-08,0.0,0.2916666666666667,0.2916666666666667
knn_append,corr,1,48,0.5706951026856241,0.7968996840442338,0.22620458135860977,0.1258836887835703,0.33057365718799364,0.0302132701421801,-0.042863842812006316,0.09657138625592412,0.11966824644549763,0.06141390205371248,0.19067189968404416,,,,-0.7802554235053014,-1.146036739817203,-0.45124518881374126,0.24548494751944583,0.25,0.5
knn_append,corr,4,48,0.6018957345971564,0.7722156398104265,0.17031990521327015,0.085503060821485,0.2617718206951026,0.013428120063191154,-0.05805687203791469,0.08224970379146918,0.06457345971563981,0.02428416271721959,0.11414148894154817,,,,-0.7043459878206247,-0.9938131277157145,-0.4458065719344592,0.25092372732136975,0.2916666666666667,0.4583333333333333
knn_append,corr,16,48,0.5995260663507108,0.6427725118483413,0.04324644549763034,-0.006521524486571873,0.09233066745655602,-0.011947077409162718,-0.035841232227488154,0.0,0.03366903633491311,0.00977488151658768,0.06536334913112164,,,,-0.14042677357958736,-0.21710953435669794,-0.06990198675674125,0.0827717802985127,0.3125,0.3541666666666667
knn_append,corr,64,48,0.680193522906793,0.6921406003159557,0.011947077409162718,0.0,0.030420616113744022,0.0,0.0,0.0,0.011947077409162718,0.0,0.032390402843601875,,,,-0.07125215151852275,-0.1281839108581397,-0.02666001062088337,0.0,0.375,0.3958333333333333
knn_append,corr,256,48,0.6796011058451817,0.6924368088467615,0.012835703001579777,0.0,0.03495260663507109,0.0,0.0,0.0,0.008886255924170616,0.0,0.023509083728277994,,,,-0.011485641860911881,-0.030622843186312875,-9.43390923151451e-05,0.0,0.4375,0.4583333333333333
knn_append,corr,1024,48,0.6812796208530806,0.6837480252764614,0.0024684044233807267,0.0,0.00740521327014218,9.873617693523008e-05,0.0,0.00029620853080569026,0.0024684044233807267,0.0,0.00740521327014218,,,,-0.0011479492878008711,-0.00696900966606826,0.0045173710053013705,0.0006840642999877153,0.4166666666666667,0.4166666666666667
knn_append,spike_a1,1,48,0.5570695102685623,0.7597748815165876,0.20270537124802526,0.10810624012638233,0.30707691548183247,0.004146919431279622,-0.0890773104265403,0.08709271327014215,0.030509478672985788,0.011352191943127966,0.05648203001579776,,,,-0.7990188752459836,-1.1171522404019993,-0.503893782121038,0.3078786105496464,0.1875,0.4583333333333333
knn_append,spike_a1,4,48,0.5447274881516587,0.7300552922590837,0.18532780410742497,0.09438931674565562,0.2807415086887834,-0.011749605055292258,-0.10762490126382307,0.0782015205371248,0.025967614533965244,0.010762243285939969,0.04265649684044232,,,,-0.735316618647914,-1.031083712131975,-0.4481036764512242,0.32498017741160146,0.14583333333333334,0.4375
knn_append,spike_a1,16,48,0.5432464454976303,0.5497630331753555,0.006516587677725112,-0.032691548183254364,0.04186660742496049,-0.02201816745655609,-0.058353080568720385,0.00019747235387045786,0.021820695102685625,0.004144451026856238,0.04671949052132692,,,,-0.012854701409899916,-0.0404991764633517,0.017763180112110404,0.11141565548634774,0.1875,0.25
knn_append,spike_a1,64,48,0.561216429699842,0.561216429699842,0.0,0.0,0.0,0.0,0.0,0.0,0.0,0.0,0.0,,,,0.0,0.0,0.0,0.0,0.2708333333333333,0.2708333333333333
knn_append,spike_a1,256,48,0.5609202211690363,0.5609202211690363,0.0,0.0,0.0,0.0,0.0,0.0,0.0,0.0,0.0,,,,-0.0005264098723476163,-0.0015792296170428488,0.0,0.0,0.2708333333333333,0.2708333333333333
knn_append,spike_a1,1024,48,0.5480845181674566,0.5481832543443917,9.873617693522716e-05,-0.0002962085308056872,0.0005924170616113687,-9.873617693522908e-05,-0.0002962085308056872,0.0,0.00019747235387045624,0.0,0.0005924170616113687,,,,-0.0016758841525409268,-0.009655114466724318,0.004627462009101538,0.0006840642999877084,0.2708333333333333,0.2708333333333333
knn_append,spike_a2,1,48,0.7126777251184834,0.8156595576619273,0.10298183254344394,0.01875000000000001,0.1944510268562399,-0.011453396524486561,-0.08965491706161136,0.0691276658767772,0.016390205371248027,0.005526757503949449,0.029127172195892576,,,,-0.6794577098500892,-0.9867965637355948,-0.4115304428259658,0.2867081201058934,0.3333333333333333,0.4791666666666667
knn_append,spike_a2,4,48,0.7043838862559242,0.810821484992101,0.10643759873617693,0.03385416666666667,0.1908669036334913,0.002270932069510271,-0.07219095576619272,0.0743557464454976,0.009478672985781993,0.0005924170616113767,0.020932069510268558,,,,-0.6076540530836448,-0.8820631744698799,-0.366057648371643,0.2613016464476167,0.2916666666666667,0.4583333333333333
knn_append,spike_a2,16,48,0.6722946287519748,0.6855252764612955,0.013230647709320692,-0.02468898104265403,0.04571484992101107,-0.017278830963665087,-0.04798578199052133,0.0,0.024486571879936813,0.006714060031595574,0.04690215244865717,,,,-0.045667928743329644,-0.08299032883118478,-0.00851870448767948,0.09623522447064675,0.3125,0.3333333333333333
knn_append,spike_a2,64,48,0.6993483412322276,0.7059636650868879,0.006615323854660348,0.0,0.019451026856240127,0.0,0.0,0.0,0.006615323854660348,0.0,0.019451026856240127,,,,-0.014247047102476517,-0.03252581739816512,-0.0016520725839853584,0.0,0.375,0.375
knn_append,spike_a2,256,48,0.6884873617693522,0.6884873617693522,0.0,0.0,0.0,0.0,0.0,0.0,0.0,0.0,0.0,,,,-0.0026748797983407804,-0.007249324401245418,0.0,0.0,0.3541666666666667,0.3541666666666667
knn_append,spike_a2,1024,48,0.7329186413902052,0.7366706161137441,0.003751974723538704,-0.0009873617693522917,0.012144549763033174,-0.0004936808846761458,-0.0014810426540284374,0.0,0.0004936808846761456,0.0,0.0011848341232227465,,,,-0.004233859354292842,-0.011649679556937504,0.0008220307841312825,0.0034203214999385446,0.4166666666666667,0.4166666666666667
knn_append,spike_a4,1,48,0.8712480252764614,0.9399684044233808,0.06872037914691943,0.020635860979462885,0.12687845576619272,0.011552132701421797,-0.03801589652448658,0.06329235781990519,0.008590047393364929,0.0016785150078988953,0.018661137440758292,,,,-0.6160493690941721,-0.8646795661608324,-0.3913156403090575,0.18704552863350138,0.6458333333333334,0.75
knn_append,spike_a4,4,48,0.8394549763033176,0.9369075829383885,0.0974526066350711,0.041071781200631916,0.16569411532385458,0.011749605055292255,-0.038324447077409174,0.0681551145339651,0.03179304897314376,0.009676145339652456,0.05934784755134278,,,,-0.703495502907149,-0.9365859945141523,-0.485351490079795,0.18703041097417644,0.5416666666666666,0.7083333333333334
knn_append,spike_a4,16,48,0.8062796208530805,0.8683846761453395,0.06210505529225909,0.03030460110584518,0.10071336887835701,0.0,0.0,0.0,0.060130331753554506,0.027643661137440757,0.10150325829383884,,,,-0.39221375556373533,-0.5195960414065559,-0.2730476491879262,0.0,0.4375,0.625
knn_append,spike_a4,64,48,0.8588072669826224,0.8888230647709321,0.03001579778830964,0.00967614533965245,0.055889612954186395,0.0,0.0,0.0,0.03001579778830964,0.00977488151658768,0.05855302132701421,,,,-0.2295693427049111,-0.32047341532219087,-0.14773541335875923,0.0,0.6041666666666666,0.7083333333333334
knn_append,spike_a4,256,48,0.8375789889415483,0.8755924170616113,0.0380134281200632,0.01619273301737757,0.06517081358609794,0.0,0.0,0.0,0.037914691943127965,0.016192733017377572,0.06428218799368086,,,,-0.15078529702186347,-0.21531224683333505,-0.0948986865969032,0.0,0.5208333333333334,0.6666666666666666
knn_append,spike_a4,1024,48,0.8884281200631912,0.9105450236966824,0.022116903633491312,0.006220379146919433,0.043051441548183245,0.0,0.0,0.0,0.022116903633491312,0.006615323854660349,0.04255529225908372,,,,-0.13649074979565548,-0.205140554720195,-0.08316048183629465,0.0,0.625,0.7083333333333334
knn_append,stuck,1,48,0.3941548183254344,0.7291666666666666,0.33501184834123227,0.21741459320695103,0.4571608412322275,0.0030608214849920934,-0.08709271327014219,0.09628011453396519,0.07464454976303316,0.030901954976303315,0.13152152448657184,,,,-0.9921300510918637,-1.3792889692709047,-0.6299029965147956,0.3382734055316803,0.125,0.4583333333333333
knn_append,stuck,4,48,0.4279225908372828,0.7046800947867299,0.27675750394944704,0.16024140995260663,0.39427577014218,-0.021623222748815174,-0.11108313586097948,0.07751777251184828,0.060525276461295414,0.01155213270142181,0.11800454186413895,,,,-0.8039820174963026,-1.1359652669894647,-0.5038653436417272,0.3387102559368992,0.10416666666666667,0.4166666666666667
knn_append,stuck,16,48,0.3779620853080568,0.3910939968404423,0.013131911532385467,-0.018266192733017373,0.04779077804107424,-0.013428120063191154,-0.03475513428120063,0.0,0.013625592417061613,0.0030608214849921016,0.027451125592417056,,,,-0.01960631147688384,-0.04667111518320683,0.00822294407002439,0.06612946108532845,0.16666666666666666,0.16666666666666666
knn_append,stuck,64,48,0.4459913112164296,0.4580371248025276,0.012045813586097945,9.873617693522893e-05,0.03061315165876774,0.0,0.0,0.0,0.011749605055292258,0.0,0.030608214849921007,,,,-0.016154231580307644,-0.03834910363120776,-0.0007416324094632141,0.0,0.16666666666666666,0.1875
knn_append,stuck,256,48,0.4948657187993681,0.4962480252764612,0.0013823064770932061,0.0,0.004146919431279619,0.0,0.0,0.0,0.0013823064770932061,0.0,0.004146919431279619,,,,-0.003008231965850608,-0.008311449123078107,0.0,0.0,0.20833333333333334,0.20833333333333334
knn_append,stuck,1024,48,0.4429304897314376,0.44381911532385465,0.0008886255924170616,0.0,0.0025671406003159544,0.0,0.0,0.0,0.0008886255924170616,0.0,0.0025671406003159544,,,,-0.007404635687998599,-0.016952841781008657,0.0,0.0,0.1875,0.1875
lstm,corr,1,48,0.7631319115323855,0.8117101105845181,0.0485781990521327,9.873617693522763e-05,0.1063462677725118,-0.014514218009478682,-0.04976303317535546,0.015407780410742464,0.04423380726698262,0.012342022116903632,0.07968256319115323,,,,-0.371153014653476,-0.5346492184933739,-0.21733131380322115,0.11625989139755318,0.3958333333333333,0.5
lstm,corr,4,48,0.8020339652448657,0.8167456556082149,0.01471169036334913,-0.023992890995260665,0.05559093601895734,0.0024684044233807267,-0.034271327014218,0.0370260663507109,0.01589652448657188,-0.008888724328594003,0.04719836097946287,,,,-0.06672586709936666,-0.13974124159345877,0.0038330069421586405,0.12646123138516957,0.4791666666666667,0.5
lstm,corr,16,48,0.8129936808846762,0.7977883096366508,-0.015205371248025274,-0.041777744865718794,0.0011848341232227496,0.005627962085308059,-0.008886255924170618,0.023400473933649288,-0.008787519747235385,-0.02409162717219589,0.0015797788309636674,,,,0.01716475911087234,-0.000489202413535735,0.04328279209631949,0.056911151300772136,0.5,0.4791666666666667
lstm,corr,64,48,0.7812006319115324,0.7812006319115324,0.0,0.0,0.0,0.0,0.0,0.0,0.0,0.0,0.0,,,,-0.005849003647732653,-0.017779706061522023,0.0004017971076896596,0.0,0.4791666666666667,0.4791666666666667
lstm,corr,256,48,0.805193522906793,0.805193522906793,0.0,0.0,0.0,0.0,0.0,0.0,0.0,0.0,0.0,,,,8.795043314954731e-07,-8.228584576364337e-07,3.4569552820069735e-06,0.0,0.5,0.5
lstm,corr,1024,48,0.7550355450236967,0.7550355450236967,0.0,0.0,0.0,0.0,0.0,0.0,0.0,0.0,0.0,,,,1.174326251518476e-08,-3.4204248278100107e-08,5.6924317289273364e-08,0.0,0.4791666666666667,0.4791666666666667
lstm,spike_a1,1,48,0.5843206951026856,0.7794233807266983,0.19510268562401265,0.11344293048973145,0.2751851303317535,-0.054107424960505524,-0.09795122432859399,-0.011441054502369721,0.05548973143759874,0.014114336492890999,0.10367545418641388,,,,-0.7082969709096344,-0.9683544972035635,-0.47239192236377886,0.1613473809686994,0.1875,0.4583333333333333
lstm,spike_a1,4,48,0.5507503949447078,0.6790086887835702,0.12825829383886259,0.06722946287519747,0.1981709123222749,0.01599526066350711,-0.04197274881516585,0.06942140600315952,0.03110189573459715,-0.0007948262243285925,0.07385466034755134,,,,-0.21967353228045136,-0.3841169586436598,-0.08658910871236843,0.195736818974816,0.1875,0.375
lstm,spike_a1,16,48,0.5915284360189573,0.6089060031595577,0.017377567140600316,-0.016587677725118485,0.0588492298578199,0.006022906793048974,-0.02764612954186414,0.046314672195892546,0.002172195892575039,-0.015600315955766192,0.021230746445497616,,,,-0.004873870798312679,-0.03575254590736031,0.026042279672518247,0.13643650723642015,0.3125,0.3333333333333333
lstm,spike_a1,64,48,0.6231240126382306,0.6256911532385466,0.0025671406003159544,-0.0021721958925750386,0.008984992101105843,0.0017772511848341216,-0.00029620853080568766,0.0056279620853080525,0.0,0.0,0.0,,,,-0.0053062017592221495,-0.012800742119921701,-7.700311548436124e-05,0.01302973727879631,0.2708333333333333,0.2708333333333333
lstm,spike_a1,256,48,0.5984399684044234,0.5984399684044234,0.0,0.0,0.0,0.0,0.0,0.0,0.0,0.0,0.0,,,,1.8033858705133094e-05,-2.473700993140214e-07,5.4374515705521836e-05,0.0,0.3125,0.3125
lstm,spike_a1,1024,48,0.636650868878357,0.636650868878357,0.0,0.0,0.0,0.0,0.0,0.0,0.0,0.0,0.0,,,,7.773651868749065e-06,-2.9262321668728496e-08,2.3336577768189325e-05,0.0,0.4166666666666667,0.4166666666666667
lstm,spike_a2,1,48,0.7893957345971563,0.8744075829383885,0.08501184834123225,0.04295023696682465,0.13201273696682464,-0.014514218009478668,-0.044927428909952605,0.01678761848341231,0.019549763033175356,-0.004048183254344392,0.0497679699842022,,,,-0.5125085496045104,-0.7151532297757046,-0.3286571909401036,0.11452041810099338,0.3958333333333333,0.6041666666666666
lstm,spike_a2,4,48,0.7775473933649288,0.8059834123222749,0.02843601895734597,0.0014785742496050507,0.0631911532385466,-0.027152448657187998,-0.06191005134281202,-0.0033570300157977928,0.008688783570300155,-0.00523301737756715,0.02182316350710899,,,,-0.15802840879298244,-0.3015374556683826,-0.03602527402728088,0.11059443635686904,0.3958333333333333,0.4791666666666667
lstm,spike_a2,16,48,0.7734992101105845,0.772906793048973,-0.0005924170616113724,-0.01541024881516587,0.01224575434439177,-0.002369668246445498,-0.01777251184834123,0.008691251974723525,0.0022709320695102723,-0.0017772511848341162,0.008984992101105848,,,,-0.010615773644105778,-0.035870215460422746,0.009639738089988794,0.046569423482180586,0.4583333333333333,0.4583333333333333
lstm,spike_a2,64,48,0.7825829383886257,0.7880134281200633,0.005430489731437599,0.0,0.013823064770932071,0.0009873617693522917,-0.004443127962085305,0.00740521327014218,0.0024684044233807267,0.0,0.00740521327014218,,,,-0.00523308477041548,-0.011778634065075214,-0.0001358085301616041,0.0201300661324073,0.4375,0.4375
lstm,spike_a2,256,48,0.7398301737756713,0.7398301737756713,0.0,0.0,0.0,0.0,0.0,0.0,0.0,0.0,0.0,,,,8.584691363909547e-06,-2.1043588670933284e-07,2.5975027745936118e-05,0.0,0.4166666666666667,0.4166666666666667
lstm,spike_a2,1024,48,0.7753751974723538,0.7753751974723538,0.0,0.0,0.0,0.0,0.0,0.0,0.0,0.0,0.0,,,,1.0539104068477597e-05,-1.9047999430590416e-08,3.161392444783883e-05,0.0,0.5416666666666666,0.5416666666666666
lstm,spike_a4,1,48,0.9451026856240127,0.9527053712480252,0.007602685624012634,0.00019747235387045556,0.016883886255924168,9.873617693522546e-05,-0.008491311216429707,0.008886255924170616,0.0030608214849921003,0.0,0.009083728278041074,,,,-0.21728841219543674,-0.32944885224499176,-0.11696975771864758,0.02954849823154692,0.6875,0.75
lstm,spike_a4,4,48,0.9401658767772512,0.9463862559241706,0.006220379146919429,0.0,0.014810426540284362,0.004739336492890996,0.0,0.012440758293838864,0.0,0.0,0.0,,,,-0.07500954408427199,-0.17415995200715534,-0.007086890789682618,0.023706764014566235,0.6875,0.7083333333333334
lstm,spike_a4,16,48,0.935821484992101,0.934044233807267,-0.0017772511848341231,-0.005331753554502369,0.0,-0.0017772511848341231,-0.005331753554502369,0.0,0.0,0.0,0.0,,,,-0.005224221441690741,-0.01751130890101921,0.0035478050982773067,0.012313157399778746,0.6666666666666666,0.6666666666666666
lstm,spike_a4,64,48,0.9483609794628752,0.9483609794628752,0.0,0.0,0.0,0.0,0.0,0.0,0.0,0.0,0.0,,,,-0.0057457185214517675,-0.01726082374572416,0.00014775482763156733,0.0,0.7291666666666666,0.7291666666666666
lstm,spike_a4,256,48,0.9218009478672985,0.9218009478672985,0.0,0.0,0.0,0.0,0.0,0.0,0.0,0.0,0.0,,,,3.83785997903896e-06,-1.422777535306739e-07,1.1678972657203078e-05,0.0,0.6666666666666666,0.6666666666666666
lstm,spike_a4,1024,48,0.9368088467614534,0.9368088467614534,0.0,0.0,0.0,0.0,0.0,0.0,0.0,0.0,0.0,,,,-1.6643258253049946e-09,-3.619521413630866e-08,3.679385645026968e-08,0.0,0.7083333333333334,0.7083333333333334
lstm,stuck,1,48,0.515501579778831,0.7016192733017378,0.18611769352290683,0.09290827409162719,0.2838911927330172,-0.04680094786729858,-0.10447521721958924,-9.873617693522778e-05,0.02813981042654028,-0.03663112164296999,0.09192338072669826,,,,-0.6998104420880306,-0.9817515487266429,-0.43884588796067686,0.18707291297185794,0.125,0.3958333333333333
lstm,stuck,4,48,0.4979265402843602,0.5734597156398104,0.07553317535545022,-0.0014835110584518207,0.15394451026856232,-0.009577409162717229,-0.06873272116903636,0.055884676145339644,0.009972353870458134,-0.03791962875197473,0.05697817930489728,,,,-0.22161432803474956,-0.410995438524003,-0.06648375400894432,0.22122674745355136,0.10416666666666667,0.2708333333333333
lstm,stuck,16,48,0.45112559241706157,0.46613349131121645,0.015007898894154817,-0.016491409952606634,0.04946682464454977,-0.007602685624012637,-0.04610979462875198,0.03219293048973142,-0.007602685624012635,-0.01984843996840442,0.004445596366508675,,,,-0.002465875922855784,-0.031335925681494715,0.024303682217167864,0.142037976712652,0.1875,0.1875
lstm,stuck,64,48,0.528041074249605,0.529324644549763,0.0012835703001579796,0.0,0.0038507109004739387,0.0022709320695102715,0.0,0.005825434439178522,0.0,0.0,0.0,,,,-0.026263339036752292,-0.08050280578773969,0.0037650394453237557,0.011103526502670092,0.22916666666666666,0.22916666666666666
lstm,stuck,256,48,0.5873815165876778,0.5873815165876778,0.0,0.0,0.0,0.0,0.0,0.0,0.0,0.0,0.0,,,,0.00017368159057893923,-2.1174674404743238e-07,0.0005212938552123416,0.0,0.22916666666666666,0.22916666666666666
lstm,stuck,1024,48,0.5223143759873617,0.5223143759873617,0.0,0.0,0.0,0.0,0.0,0.0,0.0,0.0,0.0,,,,1.5106323913653974e-06,-4.963613930183789e-09,4.53149255859315e-06,0.0,0.2708333333333333,0.2708333333333333
mlstm,corr,1,48,0.7311413902053712,0.783570300157978,0.05242890995260665,0.008683846761453397,0.10428515007898884,0.004443127962085315,-0.022314375987361763,0.039494470774091635,0.019253554502369666,-0.010863447867298584,0.057464454976303314,0.02162322274881516,-0.0005948854660347634,0.05055539099526066,-0.5861283556069495,-0.9459606492597776,-0.28534337329012577,0.11283461430201523,0.4166666666666667,0.5208333333333334
mlstm,corr,4,48,0.7129739336492892,0.7717219589257504,0.0587480252764613,0.006709123222748819,0.126095971563981,0.012243285939968401,-0.016886354660347557,0.0510490718799368,0.03406398104265403,-0.006321583728278042,0.08571040679304893,0.017377567140600313,0.0015797788309636664,0.037129739336492856,-0.5454474154841523,-0.9048179497487765,-0.25728219062575525,0.125157717093046,0.4166666666666667,0.5208333333333334
mlstm,corr,16,48,0.7304502369668247,0.7522709320695103,0.021820695102685625,0.0,0.050355450236966824,-0.0003949447077409146,-0.025671406003159553,0.03337282780410743,0.003159557661927329,-0.011650868878357035,0.01816745655608215,-0.0029620853080568736,-0.008886255924170621,0.0,-0.19772210965958725,-0.4669343446328755,-0.041952501217015395,0.1053135747744901,0.4166666666666667,0.4375
mlstm,corr,64,48,0.7081358609794629,0.7095181674565559,0.0013823064770932074,0.0,0.004146919431279622,0.0013823064770932074,0.0,0.004146919431279622,0.0013823064770932074,0.0,0.004146919431279622,0.0,0.0,0.0,0.01915548977076256,-0.02447388453992587,0.08343253633406497,0.009576900199827916,0.375,0.375
mlstm,corr,256,48,0.7299565560821485,0.7299565560821485,0.0,0.0,0.0,0.0,0.0,0.0,0.0,0.0,0.0,0.0,0.0,0.0,-1.8520861643084308e-06,-5.4208306631211196e-06,0.0,0.0,0.4375,0.4375
mlstm,corr,1024,48,0.6850315955766192,0.6850315955766192,0.0,0.0,0.0,0.0,0.0,0.0,0.0,0.0,0.0,0.0,0.0,0.0,0.0,0.0,0.0,0.0,0.3958333333333333,0.3958333333333333
mlstm,spike_a1,1,48,0.5358412322274881,0.7211690363349131,0.18532780410742497,0.09852883096366508,0.28219046208530807,-0.029423380726698267,-0.09873864533965244,0.04068671011058447,0.04156793048973143,0.00473933649289099,0.09301441548183251,0.036334913112164295,0.01016735781990521,0.06566202606635069,-0.8925329082812062,-1.3456817804090047,-0.471500678551202,0.23613842968856286,0.1875,0.4375
mlstm,spike_a1,4,48,0.5267575039494471,0.6810821484992101,0.15432464454976305,0.07424219984202211,0.24734152843601895,-0.0363349131121643,-0.11325533175355451,0.04078050947867297,0.027053712480252765,-1.2143064331837616e-18,0.060327804107424964,-0.0016785150078988936,-0.014909162717219588,0.009876086097946277,-0.8056823305481863,-1.2930380200213378,-0.3838472819970133,0.28279684086636186,0.16666666666666666,0.3541666666666667
mlstm,spike_a1,16,48,0.5523301737756713,0.596563981042654,0.04423380726698262,-0.006232721169036333,0.10574891390205371,-0.020339652448657198,-0.07942338072669827,0.03515501579778828,-0.0011848341232227472,-0.010169826224328595,0.0078001579778831,-0.002962085308056868,-0.013921800947867295,0.007605154028436012,-0.2661321647181914,-0.5779953531762129,-0.03341521588309394,0.20034669886779427,0.1875,0.2708333333333333
mlstm,spike_a1,64,48,0.5358412322274881,0.5358412322274881,0.0,0.0,0.0,0.0,0.0,0.0,-0.0013823064770932074,-0.004146919431279622,0.0,0.0,0.0,0.0,0.01043127246212529,-0.013440448173571906,0.046417773642469656,0.0,0.16666666666666666,0.16666666666666666
mlstm,spike_a1,256,48,0.517673775671406,0.517673775671406,0.0,0.0,0.0,0.0,0.0,0.0,0.0,0.0,0.0,0.0,0.0,0.0,1.0072948923902276e-06,-3.889594742586174e-08,3.046448814744001e-06,0.0,0.25,0.25
mlstm,spike_a1,1024,48,0.6002172195892576,0.6002172195892576,0.0,0.0,0.0,0.0,0.0,0.0,0.0,0.0,0.0,0.0,0.0,0.0,0.0,0.0,0.0,0.0,0.2916666666666667,0.2916666666666667
mlstm,spike_a2,1,48,0.7300552922590837,0.8367890995260664,0.10673380726698263,0.04245408767772513,0.18068967219589258,0.0018759873617693532,-0.037818424170616115,0.04877567140600315,0.012440758293838871,-0.010564770932069504,0.047689573459715646,0.03376777251184834,-4.936808846757696e-06,0.08491558056872038,-0.7879083339458924,-1.2140839818911946,-0.4163338702510009,0.1563529948706901,0.3541666666666667,0.5208333333333334
mlstm,spike_a2,4,48,0.6963862559241706,0.814672195892575,0.11828593996840443,0.05213270142180095,0.19995556872037906,-0.00394944707740916,-0.060330272511848346,0.05925651658767765,0.01905608214849921,-0.005334221958925752,0.05717071484992099,0.01757503949447077,-0.0009898301737756767,0.05351500789889415,-0.7189657679958775,-1.1390027291833773,-0.3429336155709445,0.21690037383111807,0.3333333333333333,0.5
mlstm,spike_a2,16,48,0.7382503949447078,0.7669826224328595,0.02873222748815166,-0.007602685624012637,0.07662174170616114,-0.0077014218009478705,-0.05164395734597158,0.036633590047393354,0.01905608214849921,0.0009873617693522928,0.05015797788309637,-9.873617693522893e-05,-0.0002962085308056868,0.0,-0.2266173319129289,-0.5015856790066302,-0.021669383767679108,0.15094690562447724,0.4166666666666667,0.4375
mlstm,spike_a2,64,48,0.716429699842022,0.7154423380726698,-0.0009873617693522917,-0.002962085308056875,0.0,-0.005924170616113745,-0.014810426540284362,0.0,0.0,0.0,0.0,0.0,0.0,0.0,0.007501522362933934,-0.004411768808590527,0.027919159045225746,0.028711981496226373,0.3958333333333333,0.3958333333333333
mlstm,spike_a2,256,48,0.7048775671406003,0.7048775671406003,0.0,0.0,0.0,0.0,0.0,0.0,0.0,0.0,0.0,0.0,0.0,0.0,3.2055789421966036e-07,-8.053290137532976e-08,1.041912374090866e-06,0.0,0.375,0.375
mlstm,spike_a2,1024,48,0.7520734597156397,0.7520734597156397,0.0,0.0,0.0,0.0,0.0,0.0,0.0,0.0,0.0,0.0,0.0,0.0,0.0,0.0,0.0,0.0,0.3958333333333333,0.3958333333333333
mlstm,spike_a4,1,48,0.928909952606635,0.9412519747235386,0.012342022116903629,0.0,0.02892969984202211,0.010762243285939966,-0.00019747235387046017,0.02764612954186414,0.006022906793048973,0.0,0.01806872037914692,0.00266587677725118,-0.0013823064770932074,0.008195102685624,-0.47851526879823103,-0.7719250793977143,-0.21547982730659385,0.05298955362108644,0.6875,0.75
mlstm,spike_a4,4,48,0.9192338072669827,0.9353278041074251,0.016093996840442337,0.0,0.0370260663507109,0.012934439178515007,0.0,0.0339652448657188,0.006714060031595577,0.0,0.02014218009478673,-0.0013823064770932074,-0.004146919431279622,0.0,-0.502888454091785,-0.8011758904217132,-0.22722326111239297,0.06473005663873511,0.6875,0.75
mlstm,spike_a4,16,48,0.9287124802527646,0.9354265402843603,0.006714060031595577,0.0,0.02014218009478673,0.006714060031595577,0.0,0.02014218009478673,0.006714060031595577,0.0,0.02014218009478673,0.0,0.0,0.0,-0.14526432545390075,-0.36110760500637246,-0.015379703777597918,0.04651637239916416,0.6875,0.7083333333333334
mlstm,spike_a4,64,48,0.9140995260663507,0.9140995260663507,0.0,0.0,0.0,0.0,0.0,0.0,0.0,0.0,0.0,0.0,0.0,0.0,-0.0010734703204964928,-0.002825827345920399,0.00019384042066995877,0.0,0.6875,0.6875
mlstm,spike_a4,256,48,0.9087677725118484,0.9087677725118484,0.0,0.0,0.0,0.0,0.0,0.0,0.0,0.0,0.0,0.0,0.0,0.0,-2.061660900609663e-07,-5.742852993304015e-07,3.515632483741497e-09,0.0,0.6875,0.6875
mlstm,spike_a4,1024,48,0.9363151658767772,0.9363151658767772,0.0,0.0,0.0,0.0,0.0,0.0,0.0,0.0,0.0,0.0,0.0,0.0,0.0,0.0,0.0,0.0,0.6875,0.6875
mlstm,stuck,1,48,0.41390205371248023,0.6336887835703001,0.2197867298578199,0.12129986176935229,0.3333358017377567,-0.0709913112164297,-0.1466306279620853,-0.0014785742496050728,0.01076224328593997,-0.02281299368088467,0.04275770142180092,0.03278041074249605,-0.0011848341232227498,0.07811265797788304,-1.005339196617201,-1.5342849319216239,-0.5283982527578903,0.25910410110047377,0.125,0.3541666666666667
mlstm,stuck,4,48,0.4063981042654028,0.5786927330173776,0.17229462875197474,0.08185229067930493,0.27123321484992097,-0.060130331753554506,-0.15175997235387045,0.02952705371248022,0.0008886255924170616,-0.013329383886255928,0.01580025671406003,-0.02626382306477093,-0.04917308451816745,-0.006022906793048974,-0.8068226092572749,-1.2926792688225859,-0.39057374570804837,0.3255945325023282,0.10416666666666667,0.3333333333333333
mlstm,stuck,16,48,0.35238941548183256,0.4370063191153239,0.08461690363349132,0.018458728278041077,0.1612411137440758,-0.017377567140600323,-0.09934093601895737,0.05630677330173762,0.004936808846761447,-0.0004936808846761486,0.012048281990521308,-0.0017772511848341225,-0.005134281200631912,0.0013823064770932085,-0.28951018382167865,-0.619207165852572,-0.03933129923782157,0.259814789482765,0.14583333333333334,0.25
mlstm,stuck,64,48,0.4214060031595576,0.4214060031595576,0.0,0.0,0.0,0.000592417061611373,0.0,0.001777251184834119,0.0,0.0,0.0,0.0,0.0,0.0,-0.000737810292748347,-0.01734270020335074,0.01541313585000258,0.004104385799926239,0.1875,0.1875
mlstm,stuck,256,48,0.4220971563981042,0.4220971563981042,0.0,0.0,0.0,0.0,0.0,0.0,0.0,0.0,0.0,0.0,0.0,0.0,2.2770857603226363e-06,-5.5920577512316135e-08,6.859453974278224e-06,0.0,0.20833333333333334,0.20833333333333334
mlstm,stuck,1024,48,0.5045418641390206,0.5045418641390206,0.0,0.0,0.0,0.0,0.0,0.0,0.0,0.0,0.0,0.0,0.0,0.0,0.0,0.0,0.0,0.0,0.3125,0.3125
titans,corr,1,48,0.6910545023696683,0.7719194312796208,0.0808649289099526,0.024684044233807267,0.14711937203791467,0.03860584518167457,-0.0004936808846761435,0.08442189968404423,0.01165086887835703,-0.00217219589257504,0.028833432069510258,0.017278830963665084,-0.002962085308056875,0.04354265402843602,-0.1742936255287364,-0.2735269375150645,-0.08068055856066782,0.1556860091939361,0.3541666666666667,0.3958333333333333
titans,corr,4,48,0.6885860979462874,0.7688586097946287,0.08027251184834124,0.014111868088467611,0.15394204186413896,0.05213270142180095,0.012633293838862561,0.10249062006319115,-0.00434439178515008,-0.03476500789889417,0.020443325434439153,0.007010268562401262,-0.006121642969984203,0.021524486571879938,-0.1285203599433369,-0.23222238709303472,-0.02210556624317708,0.16069195607682213,0.3541666666666667,0.4166666666666667
titans,corr,16,48,0.7140600315955766,0.7283767772511848,0.014316745655608218,-0.004146919431279619,0.04768957345971564,0.008293838862559246,-0.017871248025276457,0.041686413902053604,0.0036532385466034774,-0.003751974723538705,0.012440758293838866,0.010564770932069511,-0.004746741706161139,0.03061068325434437,-0.02331953051761626,-0.06352249707663489,0.00369217840258315,0.1097692956851337,0.3958333333333333,0.3958333333333333
titans,corr,64,48,0.7017180094786729,0.7053712480252764,0.0036532385466034787,-0.0039519154818325455,0.013526856240126386,-0.001283570300157976,-0.005529225908372823,0.0012835703001579796,0.00789889415481833,-0.0009898301737756687,0.01964849921011059,0.0019747235387045843,-0.0029620853080568658,0.009379936808846762,-0.019357555684170445,-0.07329664176165473,0.014173609129808674,0.01353753221774976,0.3333333333333333,0.375
titans,corr,256,48,0.7515797788309637,0.7682661927330173,0.016686413902053714,0.0,0.04107424960505529,0.008590047393364929,0.0,0.023203001579778833,0.011453396524486572,0.0,0.029225908372827805,0.016686413902053714,0.0,0.04107424960505529,-0.08489295660503902,-0.2358921629168932,-0.00011395982880596815,0.045010758504668305,0.4583333333333333,0.4791666666666667
titans,corr,1024,48,0.7078396524486572,0.7029028436018958,-0.0049368088467614535,-0.01481042654028436,0.0,-0.0009873617693522917,-0.002962085308056875,0.0,-0.0049368088467614535,-0.01481042654028436,0.0,-0.0025671406003159557,-0.01481042654028436,0.0051342812006319105,0.005921345186992797,-0.0031672201978966384,0.018031723014911717,0.006840642999877089,0.4375,0.4166666666666667
titans,spike_a1,1,48,0.5716824644549763,0.6643957345971564,0.0927132701421801,0.03238546603475514,0.16361571879936804,-0.03179304897314377,-0.08275078988941549,0.013929206161137398,0.005529225908372824,-0.011848341232227493,0.028342219589257464,0.05953791469194312,0.01884873617693523,0.1045690165876777,-0.22206773049475115,-0.3752681191562623,-0.06042569284382344,0.1747615733123326,0.14583333333333334,0.2708333333333333
titans,spike_a1,4,48,0.5678317535545023,0.6636058451816745,0.0957740916271722,0.025362855450236962,0.17239830173775664,-0.007800157977883103,-0.06141883886255926,0.03515254739336493,-0.001481042654028434,-0.021721958925750396,0.0162914691943128,0.032879146919431286,0.0077927527646129546,0.06141390205371248,-0.19136849036371295,-0.31251895700454047,-0.06665619127977439,0.16944262045966452,0.16666666666666666,0.2916666666666667
titans,spike_a1,16,48,0.5665481832543443,0.5738546603475513,0.007306477093206948,-0.04760071090047395,0.050952804107424934,0.010959715639810434,-0.016592614533965246,0.03851204581358609,-0.008886255924170618,-0.03347403238546603,0.00908372827804107,-0.005134281200631912,-0.028640896524486578,0.018367397314375974,-0.018334634862400567,-0.0896017505667996,0.08110914937303355,0.10248629373575706,0.20833333333333334,0.1875
titans,spike_a1,64,48,0.5812598736176935,0.5936018957345972,0.012342022116903629,-0.002764612954186413,0.03812450631911526,0.013033175355450231,-0.0018759873617693573,0.03851204581358606,0.00019747235387045843,-0.004344391785150076,0.005430489731437598,0.006812796208530804,-0.00800009873617694,0.029919530015797783,0.012947243876574898,-0.03568092542189797,0.08679974922614027,0.07396945066480907,0.25,0.2708333333333333
titans,spike_a1,256,48,0.5717812006319115,0.5911334913112164,0.019352290679304898,0.0,0.05805687203791469,0.008984992101105845,0.0,0.02695497630331754,0.007405213270142181,0.0,0.022215639810426544,0.019352290679304898,0.0,0.05805687203791469,-0.0803639506783721,-0.20256381538445917,0.0005602582187877123,0.06224985129888144,0.22916666666666666,0.25
titans,spike_a1,1024,48,0.6071287519747235,0.5981437598736177,-0.008984992101105845,-0.026954976303317533,0.0,-0.003751974723538704,-0.009488546603475513,0.0,-0.00523301737756714,-0.01984597156398104,0.004146919431279619,-0.00523301737756714,-0.01984597156398104,0.004146919431279619,0.00739060663336438,-0.0005172080927195583,0.021447991498985734,0.018829820473278594,0.2916666666666667,0.2916666666666667
titans,spike_a2,1,48,0.7412124802527646,0.7884083728278041,0.0471958925750395,0.0100661532385466,0.08560920221169034,0.001283570300157976,-0.027851007109004747,0.028534755134281203,-3.469446951953614e-18,-0.015205371248025281,0.018068720379146915,0.0377172195892575,0.0035495655608214823,0.07504196287519745,-0.17214601661048964,-0.30214466779588595,-0.049658267929226424,0.10268467058195349,0.3333333333333333,0.4166666666666667
titans,spike_a2,4,48,0.7143562401263823,0.8012440758293838,0.08688783570300158,0.041762934439178515,0.13695201421800945,0.024486571879936813,-0.009589751184834124,0.06141637045813585,0.007898894154818323,-0.007405213270142184,0.030117002369668234,0.024091627172195897,0.004245655608214854,0.04719836097946287,-0.16329808446155683,-0.2798096339692275,-0.06047468443497217,0.12752749948545156,0.3333333333333333,0.5
titans,spike_a2,16,48,0.7322274881516587,0.7527646129541864,0.020537124802527645,-0.009782286729857821,0.053023795418641384,0.01905608214849921,-0.003653238546603476,0.045816054502369655,-9.873617693523008e-05,-0.011159656398104272,0.009774881516587678,0.001579778830963663,-0.012045813586097952,0.015600315955766197,-0.007156806293690744,-0.04581155199100633,0.046812403463404324,0.09319265401435728,0.3958333333333333,0.375
titans,spike_a2,64,48,0.7242298578199051,0.7207740916271721,-0.003455766192733013,-0.01224575434439178,0.0035545023696682506,0.006615323854660351,-0.00711147314375987,0.024592713270142147,-0.001283570300157975,-0.0069140007898894126,0.003554502369668252,-0.001481042654028434,-0.00720774091627172,0.0034557661927330217,0.030722189944802285,-0.011385993415052783,0.08204445133199216,0.05654116706398342,0.4166666666666667,0.3958333333333333
titans,spike_a2,256,48,0.7118878357030015,0.7207740916271722,0.008886255924170618,-0.0002962085308056833,0.02695497630331754,-0.0005924170616113736,-0.0017772511848341208,0.0,0.0019747235387045834,-0.0002962085308056833,0.006220379146919433,0.008886255924170618,-0.0002962085308056833,0.02695497630331754,-0.07056087533624893,-0.17789356664125272,0.0003441190840895727,0.004104385799926244,0.3541666666666667,0.375
titans,spike_a2,1024,48,0.7104067930489731,0.7080371248025278,-0.002369668246445498,-0.007109004739336493,0.0,0.0,0.0,0.0,-0.0013823064770932083,-0.007109004739336493,0.0029620853080568692,-0.0010860979462875206,-0.0032582938388625617,0.0,-0.001274317435667624,-0.008629829686903841,0.006281200864433116,0.0,0.4166666666666667,0.4166666666666667
titans,spike_a4,1,48,0.9278238546603476,0.932365718799368,0.004541864139020533,-0.019954581358609797,0.02666123617693521,0.019747235387045814,0.003946978672985781,0.03930440363349128,0.0029620853080568727,0.0,0.008886255924170618,0.001579778830963663,-0.018661137440758296,0.01925355450236967,-0.09674325887464989,-0.18770526707314966,-0.019672425058814436,0.05993510375496692,0.625,0.6875
titans,spike_a4,4,48,0.9256516587677724,0.9278238546603476,0.0021721958925750365,-0.01737756714060032,0.021751579778830795,0.011749605055292258,0.0,0.0292259083728278,-0.005035545023696686,-0.021919431279620857,0.0066153238546603444,-0.0084913112164297,-0.03485387045813587,0.009182464454976315,-0.06888489311205913,-0.14815121650779858,0.0003116611652334522,0.0545997401378395,0.625,0.6666666666666666
titans,spike_a4,16,48,0.9218009478672986,0.9218009478672986,0.0,0.0,0.0,-0.00434439178515008,-0.01303317535545024,0.0,0.00434439178515008,0.0,0.01303317535545024,0.0,0.0,0.0,0.0199933455018828,-0.008380854380442879,0.06561802863790658,0.03009882919945917,0.6458333333333334,0.6458333333333334
titans,spike_a4,64,48,0.9231832543443917,0.9226895734597157,-0.0004936808846761458,-0.0014810426540284374,0.0,-0.0004936808846761458,-0.0014810426540284374,0.0,0.0,0.0,0.0,0.0021721958925750386,0.0,0.006516587677725116,0.00231878316763566,-0.006565457023525178,0.012289774780434174,0.0034203214999385446,0.6458333333333334,0.6458333333333334
titans,spike_a4,256,48,0.9110387045813586,0.9110387045813586,0.0,0.0,0.0,0.0,0.0,0.0,0.0,0.0,0.0,0.0,0.0,0.0,0.011013232474295318,-0.1335322911110387,0.16627543473736223,0.0,0.625,0.625
titans,spike_a4,1024,48,0.9367101105845181,0.9337480252764614,-0.00296208530805687,-0.00888625592417061,0.0,0.0033570300157977906,-0.00592417061611374,0.018957345971563982,-0.005924170616113743,-0.014810426540284359,0.0,-0.011255924170616114,-0.02883096366508689,0.0,-0.005296789717888513,-0.017324847124718837,0.001614321628187433,0.048745051794128295,0.6875,0.6666666666666666
titans,stuck,1,48,0.3979067930489732,0.5581556082148499,0.16024881516587677,0.06525473933649287,0.2623839849921009,-0.04453001579778831,-0.13270882701421802,0.029828199052132645,-0.003949447077409164,-0.05086394154818326,0.02537519747235387,0.06773301737756714,0.01816498815165877,0.12618977093206948,-0.2766835976201523,-0.4677901856320848,-0.07400336669114342,0.29478348681894073,0.125,0.20833333333333334
titans,stuck,4,48,0.3924763033175355,0.5213270142180094,0.12885071090047392,0.04500888625592416,0.21862164296998413,-0.04067930489731438,-0.10969589257503949,0.024190363349131123,-0.0017772511848341208,-0.019549763033175353,0.015205371248025274,0.05154028436018957,0.016390205371248027,0.09657138625592411,-0.22062792865060374,-0.3595974728153953,-0.10213481178535702,0.24278593405272889,0.10416666666666667,0.22916666666666666
titans,stuck,16,48,0.3535742496050553,0.3703593996840442,0.016785150078988943,-0.03841084123222749,0.06704926935229065,-0.005233017377567139,-0.044828692733017386,0.03318029225908371,-0.018364928909952605,-0.059044233807266984,0.003653238546603479,-0.002172195892575042,-0.011554601105845191,0.006025375197472345,-0.024375005179748988,-0.10749393080381735,0.0912241986794094,0.1396783004658912,0.14583333333333334,0.10416666666666667
titans,stuck,64,48,0.4343404423380726,0.4438191153238546,0.009478672985781991,-0.004443127962085308,0.02745112559241705,0.011947077409162718,-0.003855647709320695,0.03159804502369667,-0.006121642969984198,-0.015402843601895727,0.0011873025276461179,0.0032582938388625604,0.0003949447077409166,0.00829383886255924,0.005674050821050766,-0.03178641938480545,0.05555507094267592,0.06313979480775501,0.125,0.125
titans,stuck,256,48,0.4893364928909952,0.495260663507109,0.005924170616113747,-0.002567140600315949,0.021327014218009477,0.020734597156398107,-0.0004936808846761435,0.05479857819905214,-0.0018759873617693532,-0.0056279620853080595,0.0,-0.0028633491311216407,-0.00789889415481832,0.0,-0.058557611168440014,-0.16796523227155585,0.002089897039205931,0.10915424814412174,0.20833333333333334,0.22916666666666666
titans,stuck,1024,48,0.4943720379146919,0.4890402843601896,-0.005331753554502369,-0.015995260663507108,0.0,-0.005331753554502369,-0.015995260663507108,0.0,0.006615323854660346,0.0,0.01984597156398104,0.006615323854660346,0.0,0.01984597156398104,0.00535376770368387,-0.002482690139559465,0.01775707980011075,0.03693947219933624,0.1875,0.1875
window_only,corr,1,48,0.7550355450236967,0.8355055292259084,0.08046998420221169,0.03376530410742496,0.13941795023696682,0.02231437598736177,-0.018367397314375995,0.06665185624012637,0.033965244865718794,0.0,0.08145734597156397,,,,-0.7894510048517298,-1.0662292661449588,-0.4949392048332725,0.1514347390325568,0.4791666666666667,0.6041666666666666
window_only,corr,4,48,0.7578988941548183,0.7790284360189573,0.021129541864139016,0.0022659952606635054,0.042557760663507097,0.022808056872037907,-0.006321583728278042,0.06082642180094784,0.004739336492890993,-0.00039494470774091805,0.012243285939968401,,,,-0.1411545256657525,-0.24456553010369028,-0.053129751641142316,0.11797068145596047,0.4791666666666667,0.5208333333333334
window_only,corr,16,48,0.7690560821484992,0.7690560821484992,0.0,0.0,0.0,0.0,0.0,0.0,0.0,0.0,0.0,,,,0.0,0.0,0.0,0.0,0.5,0.5
window_only,corr,64,48,0.770240916271722,0.770240916271722,0.0,0.0,0.0,0.0,0.0,0.0,0.0,0.0,0.0,,,,0.0,0.0,0.0,0.0,0.4583333333333333,0.4583333333333333
window_only,corr,256,48,0.789296998420221,0.789296998420221,0.0,0.0,0.0,0.0,0.0,0.0,0.0,0.0,0.0,,,,0.0,0.0,0.0,0.0,0.4791666666666667,0.4791666666666667
window_only,corr,1024,48,0.7277843601895735,0.7277843601895735,0.0,0.0,0.0,0.0,0.0,0.0,0.0,0.0,0.0,,,,0.0,0.0,0.0,0.0,0.4166666666666667,0.4166666666666667
window_only,spike_a1,1,48,0.6077211690363349,0.7962085308056871,0.18848736176935232,0.11275424565560821,0.27163062796208526,0.0013823064770932074,-0.04158027251184835,0.051451421800947805,0.026066350710900476,-0.0005948854660347519,0.05776066350710901,,,,-1.198718618226277,-1.6018768817447335,-0.8145340431008637,0.1656503397868662,0.20833333333333334,0.5
window_only,spike_a1,4,48,0.6182859399684043,0.6846366508688783,0.06635071090047394,0.023395537124802527,0.12717219589257503,0.014909162717219579,-0.023304206161137448,0.06348983017377564,0.0031595576619273306,-0.004739336492890995,0.014218009478672985,,,,-0.29771883872538546,-0.4801567475065628,-0.14967903679601396,0.15678718575809678,0.1875,0.25
window_only,spike_a1,16,48,0.6096958925750395,0.6096958925750395,0.0,0.0,0.0,0.0,0.0,0.0,0.0,0.0,0.0,,,,0.0,0.0,0.0,0.0,0.20833333333333334,0.20833333333333334
window_only,spike_a1,64,48,0.6365521327014217,0.6365521327014217,0.0,0.0,0.0,0.0,0.0,0.0,0.0,0.0,0.0,,,,0.0,0.0,0.0,0.0,0.2916666666666667,0.2916666666666667
window_only,spike_a1,256,48,0.6238151658767772,0.6238151658767772,0.0,0.0,0.0,0.0,0.0,0.0,0.0,0.0,0.0,,,,0.0,0.0,0.0,0.0,0.25,0.25
window_only,spike_a1,1024,48,0.667259083728278,0.667259083728278,0.0,0.0,0.0,0.0,0.0,0.0,0.0,0.0,0.0,,,,0.0,0.0,0.0,0.0,0.3333333333333333,0.3333333333333333
window_only,spike_a2,1,48,0.8335308056872037,0.8867496050552921,0.05321879936808847,0.020534656398104263,0.0902498025276461,0.0006911532385466054,-0.019947176145339647,0.024387835703001574,0.012638230647709322,-0.005924170616113745,0.039691943127962086,,,,-0.8486670159562942,-1.1531879169435355,-0.536656991930694,0.07914133143814427,0.4375,0.5833333333333334
window_only,spike_a2,4,48,0.8295813586097948,0.862954186413902,0.03337282780410742,-0.0029620853080568727,0.08255825434439172,0.01747630331753554,-0.009478672985781988,0.05539099526066351,-0.003850710900473935,-0.01066350710900474,0.0,,,,-0.1402229560102357,-0.27900600475964743,-0.029188438287586223,0.12008459774687062,0.5,0.5208333333333334
window_only,spike_a2,16,48,0.8484399684044233,0.8484399684044233,0.0,0.0,0.0,0.0,0.0,0.0,0.0,0.0,0.0,,,,0.0,0.0,0.0,0.0,0.5,0.5
window_only,spike_a2,64,48,0.8221761453396524,0.8221761453396524,0.0,0.0,0.0,0.0,0.0,0.0,0.0,0.0,0.0,,,,0.0,0.0,0.0,0.0,0.5208333333333334,0.5208333333333334
window_only,spike_a2,256,48,0.7898894154818326,0.7898894154818326,0.0,0.0,0.0,0.0,0.0,0.0,0.0,0.0,0.0,,,,0.0,0.0,0.0,0.0,0.3958333333333333,0.3958333333333333
window_only,spike_a2,1024,48,0.828890205371248,0.828890205371248,0.0,0.0,0.0,0.0,0.0,0.0,0.0,0.0,0.0,,,,0.0,0.0,0.0,0.0,0.5,0.5
window_only,spike_a4,1,48,0.9553712480252764,0.9656398104265401,0.010268562401263821,0.0,0.024785248815165858,0.0027646129541864122,-0.0005924170616113736,0.00888625592417061,0.0,0.0,0.0,,,,-0.403308245071378,-0.6150729519233233,-0.22018547373526795,0.020596506895218594,0.7708333333333334,0.8125
window_only,spike_a4,4,48,0.9593206951026856,0.960801737756714,0.0014810426540284329,0.0,0.004443127962085298,0.0014810426540284329,0.0,0.004443127962085298,0.0,0.0,0.0,,,,-0.06640038869190297,-0.15871330194520122,-0.0017701789154163927,0.010260964499815601,0.7708333333333334,0.7916666666666666
window_only,spike_a4,16,48,0.9591232227488152,0.9591232227488152,0.0,0.0,0.0,0.0,0.0,0.0,0.0,0.0,0.0,,,,0.0,0.0,0.0,0.0,0.75,0.75
window_only,spike_a4,64,48,0.964158767772512,0.964158767772512,0.0,0.0,0.0,0.0,0.0,0.0,0.0,0.0,0.0,,,,0.0,0.0,0.0,0.0,0.7916666666666666,0.7916666666666666
window_only,spike_a4,256,48,0.9549763033175355,0.9549763033175355,0.0,0.0,0.0,0.0,0.0,0.0,0.0,0.0,0.0,,,,0.0,0.0,0.0,0.0,0.7916666666666666,0.7916666666666666
window_only,spike_a4,1024,48,0.9618878357030015,0.9618878357030015,0.0,0.0,0.0,0.0,0.0,0.0,0.0,0.0,0.0,,,,0.0,0.0,0.0,0.0,0.7916666666666666,0.7916666666666666
window_only,stuck,1,48,0.5266587677725117,0.7783372827804107,0.2516785150078989,0.1664593206951027,0.3427280805687204,0.011157187993680888,-0.04512490126382307,0.07011009083728276,0.03998815165876777,-0.003063289889415485,0.09142969984202214,,,,-1.3206557746012868,-1.76706360063481,-0.9308483721878138,0.21110797039596665,0.14583333333333334,0.5
window_only,stuck,4,48,0.49140995260663506,0.5968601895734598,0.10545023696682465,0.047780904423380725,0.1806008096366508,0.00039494470774090645,-0.04620853080568721,0.059843996840442275,0.004344391785150078,-0.006519056082148501,0.016093996840442337,,,,-0.39219224408942804,-0.621242333406129,-0.20666213832070093,0.1937323216867921,0.16666666666666666,0.22916666666666666
window_only,stuck,16,48,0.4632701421800947,0.4632701421800947,0.0,0.0,0.0,0.0,0.0,0.0,0.0,0.0,0.0,,,,0.0,0.0,0.0,0.0,0.16666666666666666,0.16666666666666666
window_only,stuck,64,48,0.48904028436018954,0.48904028436018954,0.0,0.0,0.0,0.0,0.0,0.0,0.0,0.0,0.0,,,,0.0,0.0,0.0,0.0,0.22916666666666666,0.22916666666666666
window_only,stuck,256,48,0.5210308056872038,0.5210308056872038,0.0,0.0,0.0,0.0,0.0,0.0,0.0,0.0,0.0,,,,0.0,0.0,0.0,0.0,0.22916666666666666,0.22916666666666666
window_only,stuck,1024,48,0.5419628751974723,0.5419628751974723,0.0,0.0,0.0,0.0,0.0,0.0,0.0,0.0,0.0,,,,0.0,0.0,0.0,0.0,0.3333333333333333,0.3333333333333333
