model,mode,drift,fpr_post,lo,hi,fpr_pre,logratio
gdeltanet,persistent,level,0.25944940476190476,0.16141183035714282,0.3666369047619047,0.010044642857142835,2.2817091159522533
gdeltanet,persistent,none,0.013430059523809485,0.007738095238095204,0.020127418154761868,0.010044642857142835,0.12283678108845682
gdeltanet,persistent,ramp,0.12380952380952377,0.07652064732142853,0.1753776041666666,0.010044642857142835,1.6518464639472465
gdeltanet,reset,level,0.26822916666666663,0.17246186755952378,0.3732905505952381,0.010044642857142835,2.267765193556746
gdeltanet,reset,none,0.013727678571428531,0.00788597470238091,0.02038783482142853,0.010044642857142835,0.11843699723006769
gdeltanet,reset,ramp,0.12898065476190473,0.0784914434523809,0.18468377976190467,0.010044642857142835,1.6446273516242702
knn_append,persistent,level,0.026860119047619018,0.017372581845238072,0.03716610863095234,0.010044642857142842,0.15488295855660303
knn_append,persistent,none,0.019308035714285684,0.0118675595238095,0.027902715773809487,0.010044642857142842,0.07439831372660895
knn_append,persistent,ramp,0.02284226190476187,0.01406156994047616,0.03251581101190472,0.010044642857142842,0.1860120783870419
knn_append,reset,level,0.09218749999999998,0.05035993303571427,0.14572358630952376,0.010044642857142847,1.3102480575131874
knn_append,reset,none,0.017745535714285682,0.010824032738095209,0.02585751488095233,0.010044642857142847,0.18364936614913555
knn_append,reset,ramp,0.04665178571428569,0.02559523809523807,0.06957031249999998,0.010044642857142847,0.8602093856413072
lstm,persistent,level,0.09936755952380949,0.05371930803571425,0.1556928943452381,0.010044642857142837,1.9602103995469708
lstm,persistent,none,0.0153645833333333,0.007775297619047589,0.024409412202380895,0.010044642857142837,0.11418558321505164
lstm,persistent,ramp,0.055059523809523774,0.03161830357142854,0.08557198660714278,0.010044642857142837,1.4496413134038448
lstm,reset,level,0.10145089285714282,0.05538969494047615,0.16028366815476178,0.010044642857142837,1.9350943332538009
lstm,reset,none,0.013690476190476156,0.007812499999999969,0.02120628720238091,0.010044642857142837,0.11550532656353123
lstm,reset,ramp,0.058110119047619015,0.03180617559523805,0.09152343749999992,0.010044642857142837,1.42747031742086
mlstm,persistent,level,0.13511904761904758,0.07614583333333332,0.20032459077380932,0.01004464285714284,2.232678989879787
mlstm,persistent,none,0.014769345238095194,0.008332403273809482,0.022284226190476143,0.01004464285714284,0.15845835047851628
mlstm,persistent,ramp,0.05204613095238091,0.027863653273809484,0.08363281249999996,0.01004464285714284,1.593193856921668
mlstm,reset,level,0.0954241071428571,0.045119047619047586,0.1603078497023809,0.01004464285714284,2.1708974738915763
mlstm,reset,none,0.014843749999999956,0.00863095238095234,0.022769717261904708,0.01004464285714284,0.15741288002269962
mlstm,reset,ramp,0.03891369047619044,0.019751674107142816,0.06238932291666662,0.01004464285714284,1.5453439997509122
titans,persistent,level,0.21860119047619042,0.12952566964285714,0.3223567708333331,0.010044642857142835,2.2905880672236285
titans,persistent,none,0.043452380952380916,0.013278459821428543,0.08441871279761896,0.010044642857142835,0.2101727593690157
titans,persistent,ramp,0.12068452380952377,0.06752139136904757,0.17906156994047612,0.010044642857142835,1.6857115312013775
titans,reset,level,0.17098214285714283,0.09843749999999996,0.2635937499999997,0.010044642857142837,2.151550908883413
titans,reset,none,0.016889880952380924,0.009596354166666635,0.024814918154761872,0.010044642857142837,0.1088496057394271
titans,reset,ramp,0.09144345238095235,0.05213448660714281,0.13768880208333328,0.010044642857142837,1.547817877222163
window_only,persistent,level,0.04557291666666663,0.020310639880952348,0.08561197916666656,0.010044642857142837,1.911043014229411
window_only,persistent,none,0.014918154761904723,0.00792317708333329,0.023437499999999962,0.010044642857142837,0.18770444998517632
window_only,persistent,ramp,0.026488095238095203,0.0145833333333333,0.04151971726190471,0.010044642857142837,1.4428463823666486
window_only,reset,level,0.04557291666666663,0.021091889880952338,0.08408017113095233,0.010044642857142837,1.911043014229411
window_only,reset,none,0.014918154761904723,0.008220796130952338,0.0228059895833333,0.010044642857142837,0.18770444998517632
window_only,reset,ramp,0.026488095238095203,0.014582403273809486,0.041331845238095195,0.010044642857142837,1.4428463823666486
