machine,arm,policy,AP,VUS_PR,AUROC,VUS_ROC,fault_written_fraction,normal_B_FPR,normal_B_written_fraction,transition_written_fraction,fault_false_promotions,transition_period_promotions,transition_touching_promotions,normal_B_promotion_rate,time_to_safe_promotion_after_70h,promotion_starvation_hours,normal_B_max_unwritten_hours
case01,setpoint,A_no_update,,,,,,1.0,0.0,0.0,0.0,0.0,0.0,0.0,,30.049999999999997,30.049999999999997
case01,setpoint,B_always,,,,,,0.004252172305416898,1.0,1.0,0.0,0.0,0.0,0.0,,30.049999999999997,0.0
case01,setpoint,C_threshold,,,,,,1.0,0.0,0.0,0.0,0.0,0.0,0.0,,30.049999999999997,30.049999999999997
case01,setpoint,DE_stab,,,,,,0.34350157145498245,0.5646145313366611,0.43,0.0,0.6666666666666666,0.6666666666666666,0.0,,30.049999999999997,12.283333333333335
case01,setpoint,DEph_cv,,,,,,0.34350157145498245,0.5646145313366611,0.43,0.0,0.6666666666666666,0.6666666666666666,0.0,,30.049999999999997,12.283333333333335
case01,setpoint,D_quarantine,,,,,,0.00517655758920318,0.9349232760214458,0.9266666666666666,0.0,1.0,1.0,0.0,,30.049999999999997,1.3333333333333333
case01,setpoint,D_trail512,,,,,,0.11148086522462562,0.9378813089295619,0.6522222222222223,0.0,1.0,1.4444444444444444,0.0,,30.049999999999997,1.688888888888889
case01,setpoint,H_hold,,,,,,1.0,0.0,0.0,0.0,0.0,0.0,0.0,,30.049999999999997,30.049999999999997
case02,setpoint,A_no_update,,,,,,1.0,0.0,0.0,0.0,0.0,0.0,0.0,,30.049999999999997,30.049999999999997
case02,setpoint,B_always,,,,,,0.0007395082270290257,1.0,1.0,0.0,0.0,0.0,0.0,,30.049999999999997,0.0
case02,setpoint,C_threshold,,,,,,1.0,0.0,0.003333333333333333,0.0,0.0,0.0,0.0,,30.049999999999997,30.049999999999997
case02,setpoint,DE_stab,,,,,,0.33444259567387685,0.64891846921797,0.36777777777777776,0.0,0.6666666666666666,0.6666666666666666,0.0,,30.049999999999997,10.461111111111112
case02,setpoint,DEph_cv,,,,,,0.33444259567387685,0.64891846921797,0.36777777777777776,0.0,0.6666666666666666,0.6666666666666666,0.0,,30.049999999999997,10.461111111111112
case02,setpoint,D_quarantine,,,,,,0.0011092623405435384,0.9822518025513034,0.9711111111111111,0.0,1.0,1.0,0.0,,30.049999999999997,0.4444444444444444
case02,setpoint,D_trail512,,,,,,0.07154742096505823,0.9822518025513034,0.6644444444444445,0.0,1.0,1.3333333333333333,0.0,,30.049999999999997,0.4444444444444444
case02,setpoint,H_hold,,,,,,1.0,0.0,0.0011111111111111111,0.0,0.0,0.0,0.0,,30.049999999999997,30.049999999999997
case03,setpoint,A_no_update,,,,,,0.10611943057866519,0.0,0.0,0.0,0.0,0.0,0.0,,30.049999999999997,30.049999999999997
case03,setpoint,B_always,,,,,,0.018302828618968384,1.0,1.0,0.0,0.0,0.0,0.0,,30.049999999999997,0.0
case03,setpoint,C_threshold,,,,,,0.02791643557034572,0.7337770382695508,0.6777777777777777,0.0,0.0,0.0,0.0,,30.049999999999997,2.0444444444444447
case03,setpoint,DE_stab,,,,,,0.05916065816232205,0.3891662044740248,0.19333333333333333,0.0,0.0,0.0,0.0,,30.049999999999997,12.583333333333334
case03,setpoint,DEph_cv,,,,,,0.05916065816232205,0.3891662044740248,0.19333333333333333,0.0,0.0,0.0,0.0,,30.049999999999997,12.583333333333334
case03,setpoint,D_quarantine,,,,,,0.02791643557034572,0.7337770382695508,0.6777777777777777,0.0,0.0,0.0,0.0,,30.049999999999997,2.0444444444444447
case03,setpoint,D_trail512,,,,,,0.03161397670549085,0.5622111295988168,0.5366666666666666,0.0,0.5555555555555556,0.6666666666666666,0.0,,30.049999999999997,6.677777777777778
case03,setpoint,H_hold,,,,,,0.05916065816232205,0.3891662044740248,0.19333333333333333,0.0,0.0,0.0,0.0,,30.049999999999997,12.583333333333334
case04,fault,A_no_update,0.9999561652526895,0.9999855419359631,0.9996736458085493,0.9999212033695604,0.0,,,,0.0,0.0,0.0,,,,
case04,fault,B_always,0.9391168526704026,0.9479500610093942,0.6515136013958284,0.6897439825095728,1.0,,,,0.0,0.0,0.0,,,,
case04,fault,C_threshold,0.9999716339643273,0.9999909367116031,0.9997918153699739,0.999950020358622,0.0,,,,0.0,0.0,0.0,,,,
case04,fault,DE_stab,0.9777749097451903,0.9804305279416927,0.8521262590213339,0.866193581329584,0.22079467047347134,,,,0.6666666666666666,0.0,0.0,,,,
case04,fault,DEph_cv,0.9777749097451903,0.9804305279416927,0.8521262590213339,0.866193581329584,0.22079467047347134,,,,0.6666666666666666,0.0,0.0,,,,
case04,fault,D_quarantine,0.968653065122184,0.9735247376042158,0.8009227535887065,0.8263419870845721,0.6675390594020144,,,,1.4444444444444444,0.0,0.0,,,,
case04,fault,D_trail512,0.9727587123802705,0.9765442929600917,0.8193108097390752,0.8402484209021666,0.5063050202236499,,,,2.3333333333333335,0.0,0.0,,,,
case04,fault,H_hold,0.9999604521149913,0.9999877141564227,0.9997053691807439,0.9999314743310767,0.0,,,,0.0,0.0,0.0,,,,
case05,fault,A_no_update,0.9998038764291578,0.9998556303717654,0.9985351732889206,0.9990099398719258,0.0,,,,0.0,0.0,0.0,,,,
case05,fault,B_always,0.9238986026633624,0.9305757852664355,0.6127048140217305,0.6402903027735694,1.0,,,,0.0,0.0,0.0,,,,
case05,fault,C_threshold,0.9998265972618129,0.999877006007168,0.9987080656673805,0.9991704739530279,0.0,,,,0.0,0.0,0.0,,,,
case05,fault,DE_stab,0.9660489212346979,0.9690526522837213,0.7959287017209928,0.8104412409684678,0.3401538583551431,,,,0.7777777777777778,0.0,0.0,,,,
case05,fault,DEph_cv,0.9665138439822246,0.9694628297381568,0.7984685542073122,0.8128029360830493,0.3058926163851217,,,,0.6666666666666666,0.0,0.0,,,,
case05,fault,D_quarantine,0.9536505968232674,0.9576529762259409,0.7204147830914427,0.7399092708293216,0.8451899436910143,,,,1.3333333333333333,0.0,0.0,,,,
case05,fault,D_trail512,0.9524838221660761,0.9563959071204455,0.7160859306844318,0.7350309312369663,0.553334919501943,,,,1.6666666666666667,0.0,0.0,,,,
case05,fault,H_hold,0.9998109498689627,0.9998605626516341,0.9985891030216512,0.9990465699901127,0.0,,,,0.0,0.0,0.0,,,,
