machine,start,state,n,cv_median,pass_cv,pass_conjunction
case01,0,MIXED,4,0.34211477058099465,0.5,0.5
case01,0,NORMAL_B,3,0.0103969017646178,1.0,1.0
case01,0,TRANSITION,4,0.014010508682517301,0.75,0.75
case02,0,MIXED,4,0.336881198801234,0.5,0.5
case02,0,NORMAL_B,3,0.0098197541921423,1.0,1.0
case02,0,TRANSITION,4,0.01533694700887735,0.75,0.75
case03,0,MIXED,2,0.138778306014229,0.0,0.0
case03,0,TRANSITION,3,0.1117082365688239,0.0,0.0
case03,800,MIXED,1,0.1222497115123702,0.0,0.0
case04,144,FAULT,9,0.0143487982802982,0.8888888888888888,0.4444444444444444
case04,144,MIXED,1,0.5420791221684079,0.0,0.0
case05,192,FAULT,9,0.016312861482015,1.0,0.8888888888888888
case05,192,MIXED,1,0.3108112847860807,0.0,0.0
