machine,alpha,seed,steps,score_sha256,final_model_sha256,runtime_seconds,peak_gpu_allocated_bytes,peak_gpu_reserved_bytes,record_path,trace_path,AUROC,AUPRC,hard_candidate_count,hard_candidate_anomalous,hard_candidate_contamination,hard_candidate_repeated_anomalous_exposures,hard_committed_count,hard_committed_anomalous,hard_committed_contamination,hard_committed_repeated_anomalous_exposures,hard_gradient_exposure_count,hard_gradient_exposure_anomalous,hard_gradient_exposure_contamination,hard_gradient_exposure_repeated_anomalous_exposures,hard_pending_count,hard_pending_anomalous,hard_pending_contamination,hard_pending_repeated_anomalous_exposures,hard_update_count,hard_optimizer_steps,hard_committed_minus_candidate,hard_material_delta_1pp,hard_commit_latency_mean_windows,hard_commit_latency_median_windows,hard_commit_latency_p95_windows,hard_commit_latency_maximum_windows,moderate_candidate_count,moderate_candidate_anomalous,moderate_candidate_contamination,moderate_candidate_repeated_anomalous_exposures,moderate_committed_count,moderate_committed_anomalous,moderate_committed_contamination,moderate_committed_repeated_anomalous_exposures,moderate_gradient_exposure_count,moderate_gradient_exposure_anomalous,moderate_gradient_exposure_contamination,moderate_gradient_exposure_repeated_anomalous_exposures,moderate_pending_count,moderate_pending_anomalous,moderate_pending_contamination,moderate_pending_repeated_anomalous_exposures,moderate_update_count,moderate_optimizer_steps,moderate_committed_minus_candidate,moderate_material_delta_1pp,moderate_commit_latency_mean_windows,moderate_commit_latency_median_windows,moderate_commit_latency_p95_windows,moderate_commit_latency_maximum_windows,all_candidate_count,all_candidate_anomalous,all_candidate_contamination,all_candidate_repeated_anomalous_exposures,all_committed_count,all_committed_anomalous,all_committed_contamination,all_committed_repeated_anomalous_exposures,all_gradient_exposure_count,all_gradient_exposure_anomalous,all_gradient_exposure_contamination,all_gradient_exposure_repeated_anomalous_exposures,all_pending_count,all_pending_anomalous,all_pending_contamination,all_pending_repeated_anomalous_exposures,all_update_count,all_optimizer_steps,all_committed_minus_candidate,all_material_delta_1pp,all_commit_latency_mean_windows,all_commit_latency_median_windows,all_commit_latency_p95_windows,all_commit_latency_maximum_windows
SMD_1-8,0.5,0,1,b3965838d1d5ea45adef8573a3c71983f0c3166430a94a00f52c3cc0d2a4d2b2,239cae4cd17fc5f91e3d6d2d751c2e609a4f7df6cc79c1d34b0c32572af1e903,14.213083931710571,2709062656,3581935616,reports/phase_c_v2/runs/SMD_1-8_alpha_0.5_seed_0_native_replay_1.json,reports/phase_c_v2/logs/SMD_1-8_alpha_0.5_seed_0_native_replay_1.audit_events.json,0.8524040856820481,0.4383890500687414,5,5,1.0,0,0,0,,0,0,0,,0,5,5,1.0,0,0,0,,,,,,,11315,447,0.03950508174988953,0,11314,447,0.03950857344882446,0,11314,447,0.03950857344882446,0,1,0,0.0,0,80,80,3.4916989349320637e-06,False,129.19188615874137,129.0,243.0,510,11320,452,0.03992932862190813,0,11314,447,0.03950857344882446,0,11314,447,0.03950857344882446,0,6,5,0.8333333333333334,0,80,80,-0.0004207551730836673,False,129.19188615874137,129.0,243.0,510
SMD_1-8,0.5,1,1,b7a9e6a3d9202447889d5b4bb81ae4339f96ee24c3b3a46639d4aa18be85c2ee,97306504442507e092a2b7fcd73976426c3f938309aecd7cfe3281962cf90691,14.49118040734902,2709062656,3581935616,reports/phase_c3/runs/SMD_1-8_alpha_0.5_seed_1_native_c3.json,reports/phase_c3/logs/SMD_1-8_alpha_0.5_seed_1_native_c3.audit_events.json,0.8635090425497942,0.4506334573315136,6,6,1.0,0,0,0,,0,0,0,,0,6,6,1.0,0,0,0,,,,,,,11810,446,0.037764606265876376,0,11810,446,0.037764606265876376,0,11810,446,0.037764606265876376,0,0,0,,0,78,78,0.0,False,129.4701100762066,128.0,243.0,509,11816,452,0.03825321597833446,0,11810,446,0.037764606265876376,0,11810,446,0.037764606265876376,0,6,6,1.0,0,78,78,-0.0004886097124580865,False,129.4701100762066,128.0,243.0,509
SMD_1-8,0.5,2,1,8a3916ff1864b8d0a7e8e2e4a4ea06b4ce1ba0eafe4abb2ce788c8b36d9f926f,ee570ec9c585fef6a3d448723af1d6103acf825646a6e8506c94c6ac3dc09aae,14.676231576129794,2709062656,3581935616,reports/phase_c3/runs/SMD_1-8_alpha_0.5_seed_2_native_c3.json,reports/phase_c3/logs/SMD_1-8_alpha_0.5_seed_2_native_c3.audit_events.json,0.8608402138121206,0.4512834253453913,6,6,1.0,0,0,0,,0,0,0,,0,6,6,1.0,0,0,0,,,,,,,12201,464,0.03802966969920498,0,12195,464,0.038048380483804836,0,12195,464,0.038048380483804836,0,6,0,0.0,0,82,82,1.871078459985548e-05,False,128.66961869618697,128.0,243.0,510,12207,470,0.03850249856639633,0,12195,464,0.038048380483804836,0,12195,464,0.038048380483804836,0,12,6,0.5,0,82,82,-0.00045411808259149256,False,128.66961869618697,128.0,243.0,510
SMD_1-8,0.5,3,1,97da50ddf893c7b1a2c00aa251b59c6b2bf0bea97a46612c2e9204d1aa25f3d9,88171ea6509e1bd2dd19fba203c1403732c51b3bf79af1f24b808b2bd5637c25,14.514555213972926,2709062656,3581935616,reports/phase_c3/runs/SMD_1-8_alpha_0.5_seed_3_native_c3.json,reports/phase_c3/logs/SMD_1-8_alpha_0.5_seed_3_native_c3.audit_events.json,0.8575090903810233,0.4458597868672439,6,6,1.0,0,0,0,,0,0,0,,0,6,6,1.0,0,0,0,,,,,,,11478,447,0.038944066910611606,0,11478,447,0.038944066910611606,0,11478,447,0.038944066910611606,0,0,0,,0,79,79,0.0,False,129.30615089736887,129.0,242.0,501,11484,453,0.03944618599791014,0,11478,447,0.038944066910611606,0,11478,447,0.038944066910611606,0,6,6,1.0,0,79,79,-0.0005021190872985318,False,129.30615089736887,129.0,242.0,501
SMD_1-8,0.5,4,1,3732af3739ec317ab9a19ec52a26e018cc1447991a493ef7dad0483774cd8394,b90f4fdd6cf6ff819e95ccdbc7f7c226779a0770caed51bac5dea1d847c4233b,14.242236497811973,2709062656,3581935616,reports/phase_c3/runs/SMD_1-8_alpha_0.5_seed_4_native_c3.json,reports/phase_c3/logs/SMD_1-8_alpha_0.5_seed_4_native_c3.audit_events.json,0.8623194621681318,0.45039979418896947,5,5,1.0,0,0,0,,0,0,0,,0,5,5,1.0,0,0,0,,,,,,,11239,447,0.039772221727911734,0,11239,447,0.039772221727911734,0,11239,447,0.039772221727911734,0,0,0,,0,78,78,0.0,False,128.94946169588042,128.0,243.0,956,11244,452,0.04019921736036997,0,11239,447,0.039772221727911734,0,11239,447,0.039772221727911734,0,5,5,1.0,0,78,78,-0.000426995632458238,False,128.94946169588042,128.0,243.0,956
SMD_1-8,1.0,0,1,01f0404424c665ac952021145f619c06d7e26e434e2a72d0c832ae228ebd1aec,e508ab9540a9bbe60e955deaf06411e6e0ba6a97d54e8614000de45bb263c206,14.570386303123087,2709062656,3581935616,reports/phase_c3/runs/SMD_1-8_alpha_1.0_seed_0_native_c3.json,reports/phase_c3/logs/SMD_1-8_alpha_1.0_seed_0_native_c3.audit_events.json,0.8532123914957194,0.4389382704451123,16,16,1.0,0,16,16,1.0,0,16,16,1.0,0,0,0,,0,1,1,0.0,False,17171.8125,18724.5,18988.25,18989,11398,442,0.03877873311107212,0,11397,442,0.03878213564973239,0,11397,442,0.03878213564973239,0,1,0,0.0,0,80,80,3.402538660268739e-06,False,129.21847854698606,129.0,243.0,510,11414,458,0.04012616085509024,0,11413,458,0.040129676684482606,0,11413,458,0.040129676684482606,0,1,0,0.0,0,81,81,3.5158293923628903e-06,False,153.11066327871725,129.0,243.0,18989
SMD_1-8,1.0,1,1,30518c4fc3b93bb97c502d24ca1a66694a59a40f0c243d82416d2c6a787be608,63f48e8c8853194569730d0542e47292ffdfc6a6a9882a2f8322a5d690d21bee,14.560912870801985,2709062656,3581935616,reports/phase_c3/runs/SMD_1-8_alpha_1.0_seed_1_native_c3.json,reports/phase_c3/logs/SMD_1-8_alpha_1.0_seed_1_native_c3.audit_events.json,0.8638591988474258,0.450992024906325,18,18,1.0,0,16,16,1.0,0,16,16,1.0,0,2,2,1.0,0,1,1,0.0,False,2120.0625,2852.5,3117.5,3119,11868,444,0.03741152679474216,0,11868,444,0.03741152679474216,0,11868,444,0.03741152679474216,0,0,0,,0,78,78,0.0,False,129.64509605662286,128.0,243.0,509,11886,462,0.038869257950530034,0,11884,460,0.03870750589027264,0,11884,460,0.03870750589027264,0,2,2,1.0,0,79,79,-0.0001617520602573974,False,132.32489060922248,129.0,243.0,3119
SMD_1-8,1.0,2,1,c512ab03faba6203502c1e8920b2bc34f1b832b09b5df5a5b03348f4c70683fa,af8011785e48eec73de299268f9152599e411bd7ab6b0e32dac76b83851ebb8a,14.724075131118298,2709062656,3581935616,reports/phase_c3/runs/SMD_1-8_alpha_1.0_seed_2_native_c3.json,reports/phase_c3/logs/SMD_1-8_alpha_1.0_seed_2_native_c3.audit_events.json,0.8631420334360804,0.4536768393797129,17,17,1.0,0,16,16,1.0,0,16,16,1.0,0,1,1,1.0,0,1,1,0.0,False,2120.0625,2852.5,3117.5,3119,12047,453,0.037602722669544286,0,12042,453,0.03761833582461385,0,12042,453,0.03761833582461385,0,5,0,0.0,0,83,83,1.5613155069565954e-05,False,128.6310413552566,129.0,243.0,510,12064,470,0.03895888594164456,0,12058,469,0.03889533919389617,0,12058,469,0.03889533919389617,0,6,1,0.16666666666666666,0,84,84,-6.354674774838864e-05,False,131.27351136175153,129.0,243.0,3119
SMD_1-8,1.0,3,1,9ff2c0da7ce3340850f220512dce23a64d0fe704b4decbfa0e5287098643d121,00159a8080e6f982a5bee9ef1b78d58666ae7da5b0eb5b00008b677c3940cb16,14.207492696586996,2709062656,3581935616,reports/phase_c3/runs/SMD_1-8_alpha_1.0_seed_3_native_c3.json,reports/phase_c3/logs/SMD_1-8_alpha_1.0_seed_3_native_c3.audit_events.json,0.8577618126935598,0.4458631559506347,14,14,1.0,0,0,0,,0,0,0,,0,14,14,1.0,0,0,0,,,,,,,11440,442,0.038636363636363635,0,11440,442,0.038636363636363635,0,11440,442,0.038636363636363635,0,0,0,,0,79,79,0.0,False,129.28636363636363,129.0,242.0,501,11454,456,0.03981141959140912,0,11440,442,0.038636363636363635,0,11440,442,0.038636363636363635,0,14,14,1.0,0,79,79,-0.0011750559550454814,False,129.28636363636363,129.0,242.0,501
SMD_1-8,1.0,4,1,e03b2f1fef64bb67e71f5cd24149f9c7c06911a3f89b8b9814ef427d3eb20cfa,8c2970aa12678cfb4dc487336a10d56f48bebc3acce92ef79b376d97b6b4ce57,14.573447813745588,2709062656,3584032768,reports/phase_c3/runs/SMD_1-8_alpha_1.0_seed_4_native_c3.json,reports/phase_c3/logs/SMD_1-8_alpha_1.0_seed_4_native_c3.audit_events.json,0.8634382280888566,0.45205232604787143,16,16,1.0,0,16,16,1.0,0,16,16,1.0,0,0,0,,0,1,1,0.0,False,17262.0,18725.5,18989.5,18991,11274,442,0.03920525102004612,0,11274,442,0.03920525102004612,0,11274,442,0.03920525102004612,0,0,0,,0,79,79,0.0,False,128.94474010998758,129.0,243.0,956,11290,458,0.040566873339238266,0,11290,458,0.040566873339238266,0,11290,458,0.040566873339238266,0,0,0,,0,80,80,0.0,False,153.22542072630645,129.0,243.0,18991
SMD_1-8,5.0,0,1,8f460ebc2a0d534bb648db0a80a8b07d814c6525226de9ba68ce4f82b1c4bca7,e10a66aaad7a23f91affaf7e57514f18e188a7f71cb0c2700fa722952f908517,14.950533162802458,2709062656,3586129920,reports/phase_c3/runs/SMD_1-8_alpha_5.0_seed_0_native_c3.json,reports/phase_c3/logs/SMD_1-8_alpha_5.0_seed_0_native_c3.audit_events.json,0.8681006074426231,0.44999612203735434,1275,237,0.18588235294117647,0,1275,237,0.18588235294117647,0,1275,237,0.18588235294117647,0,0,0,,0,27,27,0.0,False,185.41176470588235,156.0,440.89999999999986,2363,9747,199,0.02041653842207859,0,9746,199,0.02041863328545044,0,9746,199,0.02041863328545044,0,1,0,0.0,0,74,74,2.0948633718508025e-06,False,129.45854709624462,126.0,243.0,992,11022,436,0.03955724913808746,0,11021,436,0.03956083839941929,0,11021,436,0.03956083839941929,0,1,0,0.0,0,101,101,3.589261331829463e-06,False,135.9316758914799,130.0,246.0,2363
SMD_1-8,5.0,1,1,2a648dc29d4335ec7c7c6d46b7b9c4addeef50371a219e2151da61a04141e9ee,9f7740d643da2627d5dd7bba04b31c7b95d10243c393d240bb4b2367ed1f35d5,15.012782018166035,2709062656,3586129920,reports/phase_c3/runs/SMD_1-8_alpha_5.0_seed_1_native_c3.json,reports/phase_c3/logs/SMD_1-8_alpha_5.0_seed_1_native_c3.audit_events.json,0.8757129288977592,0.45831898546789496,1381,247,0.1788559015206372,0,1381,247,0.1788559015206372,0,1381,247,0.1788559015206372,0,0,0,,0,27,27,0.0,False,196.83924692251992,158.0,603.0,2364,10188,194,0.019042010208087948,0,10188,194,0.019042010208087948,0,10188,194,0.019042010208087948,0,0,0,,0,75,75,0.0,False,129.24214762465647,126.0,243.0,511,11569,441,0.038119111418445845,0,11569,441,0.038119111418445845,0,11569,441,0.038119111418445845,0,0,0,,0,102,102,0.0,False,137.3112628576368,131.0,246.60000000000036,2364
SMD_1-8,5.0,2,1,ba3eb61fe82086c8a087bde4b34dfaaaa3879b846ae678b9ddb68ae425c269da,d25fc6db6edb4dbeea0025ecabb046fde3dfb9d4e5d77d74f6e1f68e5ae88c55,15.363514074124396,2709062656,3586129920,reports/phase_c3/runs/SMD_1-8_alpha_5.0_seed_2_native_c3.json,reports/phase_c3/logs/SMD_1-8_alpha_5.0_seed_2_native_c3.audit_events.json,0.8655635010613546,0.44817356258618024,1364,231,0.1693548387096774,0,1364,231,0.1693548387096774,0,1364,231,0.1693548387096774,0,0,0,,0,29,29,0.0,False,175.35923753665688,148.0,473.7499999999968,1739,10518,218,0.020726373835329912,0,10515,218,0.020732287208749405,0,10515,218,0.020732287208749405,0,3,0,0.0,0,77,77,5.9133734194929954e-06,False,128.55244888254873,125.0,242.0,821,11882,449,0.03778825113617236,0,11879,449,0.03779779442714033,0,11879,449,0.03779779442714033,0,3,0,0.0,0,106,106,9.543290967972684e-06,False,133.92701405842243,128.0,245.0,1739
SMD_1-8,5.0,3,1,03b353a73ba19823381ad5e03bbd81e04fcfefbbe5bfad8d20e6ac0ad6aafa00,fd2f13a9b0315a3b3fa089d56adb065d284d06c65b83f49a2febd8ce5b59898c,14.969008662737906,2709062656,3584032768,reports/phase_c3/runs/SMD_1-8_alpha_5.0_seed_3_native_c3.json,reports/phase_c3/logs/SMD_1-8_alpha_5.0_seed_3_native_c3.audit_events.json,0.8686995467361689,0.4522059849426678,1329,227,0.1708051166290444,0,1329,227,0.1708051166290444,0,1329,227,0.1708051166290444,0,0,0,,0,28,28,0.0,False,176.803611738149,153.0,412.39999999999736,2367,9823,202,0.020563982490074316,0,9823,202,0.020563982490074316,0,9823,202,0.020563982490074316,0,0,0,,0,73,73,0.0,False,129.7437646340222,126.0,243.0,736,11152,429,0.038468436154949784,0,11152,429,0.038468436154949784,0,11152,429,0.038468436154949784,0,0,0,,0,101,101,0.0,False,135.35195480631276,130.0,246.0,2367
SMD_1-8,5.0,4,1,f7e46cda051e381279f121cfc3ce139181ba4998769765888dcbfc2a9b6ced20,0ed39ab1a5020407dbbf3ead0920d042254392d2380537fdb234023152aa924e,14.962557300925255,2709062656,3586129920,reports/phase_c3/runs/SMD_1-8_alpha_5.0_seed_4_native_c3.json,reports/phase_c3/logs/SMD_1-8_alpha_5.0_seed_4_native_c3.audit_events.json,0.8752019599055887,0.4554487125635067,1324,253,0.19108761329305135,0,1324,253,0.19108761329305135,0,1324,253,0.19108761329305135,0,0,0,,0,28,28,0.0,False,180.55135951661632,153.0,433.09999999999945,2367,9658,189,0.01956926899979292,0,9658,189,0.01956926899979292,0,9658,189,0.01956926899979292,0,0,0,,0,73,73,0.0,False,129.16525160488715,125.0,243.0,992,10982,442,0.04024767801857585,0,10982,442,0.04024767801857585,0,10982,442,0.04024767801857585,0,0,0,,0,101,101,0.0,False,135.3604079402659,129.0,246.0,2367
SMD_2-1,0.5,0,5,762c3970863f743b57fff7a89f43e1ddf198fcbab7b66b623afcfff2fe04533e,a675247d34100b361c3bfe296d3633c15ff3f466ec4331992a8b514c0825b191,44.344304636120796,2708968960,3554672640,reports/phase_c_v2/runs/SMD_2-1_alpha_0.5_seed_0_native_v2.json,reports/phase_c_v2/logs/SMD_2-1_alpha_0.5_seed_0_native_v2.audit_events.json,0.6912517441582537,0.30637349397804314,80,48,0.6,0,80,48,0.6,0,400,240,0.6,192,0,0,,0,4,20,0.0,False,1835.8125,1501.0,4378.0,4383,15492,253,0.01633100955331784,0,15485,250,0.01614465611882467,0,77425,1250,0.01614465611882467,1000,7,3,0.42857142857142855,0,85,425,-0.00018635343449317082,False,127.75143687439457,126.0,243.0,1272,15572,301,0.019329565887490366,0,15565,298,0.019145518792161902,0,77825,1490,0.019145518792161902,1192,7,3,0.42857142857142855,0,89,445,-0.00018404709532846356,False,136.53042081593318,127.0,244.0,4383
SMD_2-1,0.5,1,5,6844fc60a661526352a3d0a015528c09d7a835c8d7bb0a0a66436629eb866736,7821f114c262cbb9eefde56672f7c4f61d7ce0d24623edc9a300193f23a9007e,45.023825312033296,2708968960,3554672640,reports/phase_c3/runs/SMD_2-1_alpha_0.5_seed_1_native_c3.json,reports/phase_c3/logs/SMD_2-1_alpha_0.5_seed_1_native_c3.audit_events.json,0.6919249332187989,0.3069225894678877,78,49,0.6282051282051282,0,78,49,0.6282051282051282,0,390,245,0.6282051282051282,196,0,0,,0,4,20,0.0,False,1807.551282051282,1501.0,4377.15,4383,15766,266,0.016871749334009895,0,15762,264,0.01674914350970689,0,78810,1320,0.01674914350970689,1056,4,2,0.5,0,85,425,-0.00012260582430300565,False,128.00057099352875,127.0,243.0,1272,15844,315,0.019881343095177986,0,15840,313,0.01976010101010101,0,79200,1565,0.01976010101010101,1252,4,2,0.5,0,89,445,-0.00012124208507697729,False,136.27108585858585,127.0,244.0,4383
SMD_2-1,0.5,2,5,1a860b081fba73372c5b3cca51fcf0db03158567281137cce005c54c5789fcea,a52d139886c80ff89d1c01c47faed62a7fbc93d8cf351995efcc8166443cc13b,43.95100947516039,2708968960,3539992576,reports/phase_c3/runs/SMD_2-1_alpha_0.5_seed_2_native_c3.json,reports/phase_c3/logs/SMD_2-1_alpha_0.5_seed_2_native_c3.audit_events.json,0.6909534914490714,0.30656552155142397,79,48,0.6075949367088608,0,79,48,0.6075949367088608,0,395,240,0.6075949367088608,192,0,0,,0,4,20,0.0,False,1840.1898734177216,1502.0,4378.0,4383,15160,242,0.015963060686015832,0,15157,239,0.01576829187834004,0,75785,1195,0.01576829187834004,956,3,3,1.0,0,85,425,-0.00019476880767579224,False,127.51619713663653,126.0,243.0,1265,15239,290,0.019030120086619858,0,15236,287,0.018836965082698873,0,76180,1435,0.018836965082698873,1148,3,3,1.0,0,89,445,-0.00019315500392098547,False,136.39656077710686,126.0,244.0,4383
SMD_2-1,0.5,3,5,8d7a61b943517ef20560418069d329845270653028910dc6f7afee47e2ff5f47,74f284f918649ed8de463d8b9a282e7c8adb35e69b6894b41f13aefd6b606a0b,43.33448564913124,2708968960,3584032768,reports/phase_c3/runs/SMD_2-1_alpha_0.5_seed_3_native_c3.json,reports/phase_c3/logs/SMD_2-1_alpha_0.5_seed_3_native_c3.audit_events.json,0.6919746275492324,0.30681487877088304,81,49,0.6049382716049383,0,81,49,0.6049382716049383,0,405,245,0.6049382716049383,196,0,0,,0,4,20,0.0,False,1813.9382716049383,1500.0,4378.0,4383,14919,239,0.016019840471881493,0,14916,238,0.015956020380799144,0,74580,1190,0.015956020380799144,952,3,1,0.3333333333333333,0,85,425,-6.382009108234915e-05,False,127.5600026816841,126.0,243.0,1265,15000,288,0.0192,0,14997,287,0.01913716076548643,0,74985,1435,0.01913716076548643,1148,3,1,0.3333333333333333,0,89,445,-6.283923451356685e-05,False,136.66826698673069,126.0,244.0,4383
SMD_2-1,0.5,4,5,09177e0d69034a0c7529d83d7d482522eb7b12fd287e628680041114a8246267,8a29896f9f27cd44321a19d82baec70b03b59dbe46f172d63b20277d064cc997,44.19740017876029,2708968960,3588227072,reports/phase_c3/runs/SMD_2-1_alpha_0.5_seed_4_native_c3.json,reports/phase_c3/logs/SMD_2-1_alpha_0.5_seed_4_native_c3.audit_events.json,0.6913118109876748,0.30636277198513845,81,49,0.6049382716049383,0,81,49,0.6049382716049383,0,405,245,0.6049382716049383,196,0,0,,0,4,20,0.0,False,1813.9382716049383,1500.0,4378.0,4383,15350,254,0.016547231270358308,0,15346,252,0.01642121725531083,0,76730,1260,0.01642121725531083,1008,4,2,0.5,0,85,425,-0.00012601401504747783,False,127.31825882966245,126.0,243.0,1272,15431,303,0.0196357980688225,0,15427,301,0.019511246515848835,0,77135,1505,0.019511246515848835,1204,4,2,0.5,0,89,445,-0.0001245515529736639,False,136.17391586180074,126.0,243.0,4383
SMD_2-1,1.0,0,5,c3d26dff144df1568e8a2ceda972d976e3727c890c942e357e318916d874a82e,4ad9014785f406efb18749baf3cdc8227637585d065df6cb8a91e94df5d82394,44.57923342520371,2708968960,3581935616,reports/phase_c_v2/runs/SMD_2-1_alpha_1.0_seed_0_native_v2.json,reports/phase_c_v2/logs/SMD_2-1_alpha_1.0_seed_0_native_v2.audit_events.json,0.7109353475546885,0.3144607540010668,142,58,0.4084507042253521,0,128,48,0.375,0,640,240,0.375,192,14,10,0.7142857142857143,0,6,30,-0.033450704225352124,True,1114.4453125,1496.5,2909.65,3043,15424,233,0.015106327800829876,0,15421,231,0.014979573309123922,0,77105,1155,0.014979573309123922,924,3,2,0.6666666666666666,0,85,425,-0.0001267544917059535,False,127.71603657350366,127.0,243.0,1272,15566,291,0.018694590774765516,0,15549,279,0.017943276094925718,0,77745,1395,0.017943276094925718,1116,17,12,0.7058823529411765,0,91,455,-0.0007513146798397985,False,135.83883207923338,127.0,244.0,3043
SMD_2-1,1.0,1,5,1ccbacffd863bd57d1862148c6dea17629f5d17ce0e4eb7ec56727750591a20e,e895b79da6cec9805aad3c93b1989178b2a6434b9912fa6a88b56818bf086995,45.626043021678925,2708968960,3579838464,reports/phase_c3/runs/SMD_2-1_alpha_1.0_seed_1_native_c3.json,reports/phase_c3/logs/SMD_2-1_alpha_1.0_seed_1_native_c3.audit_events.json,0.710146777451894,0.31418985403255884,142,58,0.4084507042253521,0,127,47,0.3700787401574803,0,635,235,0.3700787401574803,188,15,11,0.7333333333333333,0,6,30,-0.0383719640678718,True,1103.244094488189,1496.0,2909.7,3043,15905,243,0.015278214397988054,0,15904,242,0.015216297786720323,0,79520,1210,0.015216297786720323,968,1,1,1.0,0,85,425,-6.191661126773128e-05,False,127.3308601609658,126.0,243.0,1265,16047,301,0.01875740013709728,0,16031,289,0.018027571580063628,0,80155,1445,0.018027571580063628,1156,16,12,0.75,0,91,455,-0.0007298285570336502,False,135.0621920029942,127.0,244.0,3043
SMD_2-1,1.0,2,5,0dffc36dbf36e45e6dcdfe7ba9edaf9420e1d0e7cce48f60ba2f6a1f86b8b11a,1c195fa977ca0b5b66120feba009e7eaceda527e42fa12e0ba6db901f8d1555c,44.75807889876887,2708968960,3579838464,reports/phase_c3/runs/SMD_2-1_alpha_1.0_seed_2_native_c3.json,reports/phase_c3/logs/SMD_2-1_alpha_1.0_seed_2_native_c3.audit_events.json,0.7081415895372498,0.3129459707447399,139,57,0.41007194244604317,0,126,47,0.373015873015873,0,630,235,0.373015873015873,188,13,10,0.7692307692307693,0,6,30,-0.03705606943017015,True,1093.2857142857142,1495.5,2909.75,3043,15349,221,0.014398332138901557,0,15348,220,0.014334115194162106,0,76740,1100,0.014334115194162106,880,1,1,1.0,0,85,425,-6.421694473945048e-05,False,127.1570888715142,126.0,243.0,1265,15488,278,0.017949380165289255,0,15474,267,0.017254749903063204,0,77370,1335,0.017254749903063204,1068,14,11,0.7857142857142857,0,91,455,-0.0006946302622260515,False,135.02397570117617,126.0,244.0,3043
SMD_2-1,1.0,3,5,46ca65a5fd33c0ff47c28a2a48bfb39fb830022d6d1140e52c6d8bb13ca3a145,6bbf6cfe7259666806a42adb0bdc0d1f17fcc4ab316f9dd5f4a746fb0387cb43,44.59723184816539,2708968960,3554672640,reports/phase_c3/runs/SMD_2-1_alpha_1.0_seed_3_native_c3.json,reports/phase_c3/logs/SMD_2-1_alpha_1.0_seed_3_native_c3.audit_events.json,0.7012513535417366,0.3122987784466429,140,58,0.4142857142857143,0,140,58,0.4142857142857143,0,700,290,0.4142857142857143,232,0,0,,0,7,35,0.0,False,918.8357142857143,299.5,2970.05,3567,15133,227,0.015000330403753386,0,15132,226,0.014935236584721122,0,75660,1130,0.014935236584721122,904,1,1,1.0,0,85,425,-6.509381903226433e-05,False,127.31264869151467,126.0,243.0,1265,15273,285,0.018660381064623845,0,15272,284,0.01859612362493452,0,76360,1420,0.01859612362493452,1136,1,1,1.0,0,92,460,-6.425743968932474e-05,False,134.56862231534836,127.0,244.0,3567
SMD_2-1,1.0,4,5,6ec305d759f5360787a05e1162d9c23e465169855d9c2668bb60f05962711db2,c2c23b555b271a394a49165022ba6c479ba42f8d2055e6bbcaaa3b3583a66c8a,45.20272382721305,2708968960,3579838464,reports/phase_c3/runs/SMD_2-1_alpha_1.0_seed_4_native_c3.json,reports/phase_c3/logs/SMD_2-1_alpha_1.0_seed_4_native_c3.audit_events.json,0.7118591937772223,0.3149599951268618,141,59,0.41843971631205673,0,127,48,0.3779527559055118,0,635,240,0.3779527559055118,192,14,11,0.7857142857142857,0,6,30,-0.040486960406544925,True,1108.1889763779527,1497.0,2909.7,3043,15571,230,0.014771048744460856,0,15570,229,0.014707771355170198,0,77850,1145,0.014707771355170198,916,1,1,1.0,0,85,425,-6.327738929065747e-05,False,127.10944123314066,126.0,243.0,1265,15712,289,0.01839358452138493,0,15697,277,0.017646684079760465,0,78485,1385,0.017646684079760465,1108,15,12,0.8,0,91,455,-0.0007469004416244644,False,135.04707905969295,127.0,244.0,3043
SMD_2-1,5.0,0,5,4e7d680195850a784732c48c1c69ff55536a28a322646ee4fc4fe2e8f53df660,973af071d748548e9404e18aa83ecf24ca160941d889cf888035f5a39b8f7999,37.20933075295761,2708968960,3581935616,reports/phase_c_v2/runs/SMD_2-1_alpha_5.0_seed_0_native_v2.json,reports/phase_c_v2/logs/SMD_2-1_alpha_5.0_seed_0_native_v2.audit_events.json,0.7741388692366458,0.33182935325009427,310,76,0.24516129032258063,0,305,71,0.23278688524590163,0,1525,355,0.23278688524590163,284,5,5,1.0,0,13,65,-0.012374405076679001,True,638.0590163934427,227.0,1883.8,3069,10936,107,0.009784198975859547,0,10936,107,0.009784198975859547,0,54680,535,0.009784198975859547,428,0,0,,0,76,380,0.0,False,130.01673372348208,128.0,244.0,1791,11246,183,0.01627245242752979,0,11241,178,0.015834890134329687,0,56205,890,0.015834890134329687,712,5,5,1.0,0,89,445,-0.00043756229320010206,False,143.8013521928654,129.0,247.0,3069
SMD_2-1,5.0,1,5,0b55b4a466ac09e56ce7ef00d79470ecba96b57f5fc433bbd3d118dfeb0ffbcb,5ed7824b0e5edb07ecf03cd21a8d588de42d6613823a800ee06056dfd9e0e17b,36.8755872217007,2708968960,3579838464,reports/phase_c3/runs/SMD_2-1_alpha_5.0_seed_1_native_c3.json,reports/phase_c3/logs/SMD_2-1_alpha_5.0_seed_1_native_c3.audit_events.json,0.7449005811582828,0.34926864521676004,303,71,0.23432343234323433,0,299,67,0.22408026755852842,0,1495,335,0.22408026755852842,268,4,4,1.0,0,13,65,-0.01024316478470591,True,510.10367892976586,224.0,1679.1,2230,10682,120,0.011233851338700617,0,10682,120,0.011233851338700617,0,53410,600,0.011233851338700617,480,0,0,,0,74,370,0.0,False,127.57751357423703,124.0,243.0,1300,10985,191,0.017387346381429223,0,10981,187,0.01702941444312904,0,54905,935,0.01702941444312904,748,4,4,1.0,0,87,435,-0.0003579319383001829,False,137.99326108733266,125.0,246.0,2230
SMD_2-1,5.0,2,5,2e22ab5756daebf42f66d19d294aba05d39afcc4fa658d27a0ee6f0504a93a9c,ae056900421841ae0e86cf2448190bc2bcda9276cfef0fc986c8f14849b4d8d8,33.88319479813799,2708968960,3584032768,reports/phase_c3/runs/SMD_2-1_alpha_5.0_seed_2_native_c3.json,reports/phase_c3/logs/SMD_2-1_alpha_5.0_seed_2_native_c3.audit_events.json,0.6968096343933472,0.3001393795894589,264,65,0.24621212121212122,0,251,53,0.21115537848605578,0,1255,265,0.21115537848605578,212,13,12,0.9230769230769231,0,10,50,-0.03505674272606543,True,619.98406374502,250.0,1693.5,3069,9798,112,0.01143090426617677,0,9798,112,0.01143090426617677,0,48990,560,0.01143090426617677,448,0,0,,0,67,335,0.0,False,130.045417432129,125.0,243.0,3068,10062,177,0.017590936195587357,0,10049,165,0.01641954423325704,0,50245,825,0.01641954423325704,660,13,12,0.9230769230769231,0,77,385,-0.001171391962330317,False,142.28291372275848,126.0,246.0,3069
SMD_2-1,5.0,3,5,c4d5d2c9f7f37642b67ff3fd8b77afab7df3ad3d9f5b82185494da7a6a9b1192,0d2387e180575c201aa1e68f1dda71525ecccdd07e2b16951ccb3560f4376071,36.40515367873013,2708968960,3584032768,reports/phase_c3/runs/SMD_2-1_alpha_5.0_seed_3_native_c3.json,reports/phase_c3/logs/SMD_2-1_alpha_5.0_seed_3_native_c3.audit_events.json,0.7190187678400912,0.32116688745082167,269,67,0.24907063197026022,0,269,67,0.24907063197026022,0,1345,335,0.24907063197026022,268,0,0,,0,12,60,0.0,False,616.4052044609665,247.0,2137.6,3420,10301,112,0.010872730802834676,0,10301,112,0.010872730802834676,0,51505,560,0.010872730802834676,448,0,0,,0,77,385,0.0,False,130.00931948354528,128.0,243.0,1300,10570,179,0.01693472090823084,0,10570,179,0.01693472090823084,0,52850,895,0.01693472090823084,716,0,0,,0,89,445,0.0,False,142.38779564806055,129.0,246.0,3420
SMD_2-1,5.0,4,5,47e0940dfb406044e1e1ff93129f06c04f29e659f54fef75c56dd2bedf6f753f,ecb0f5de1c0cfb849c739c74635deae5781cdf41d0260585563b69b86576821f,35.31204824708402,2708968960,3579838464,reports/phase_c3/runs/SMD_2-1_alpha_5.0_seed_4_native_c3.json,reports/phase_c3/logs/SMD_2-1_alpha_5.0_seed_4_native_c3.audit_events.json,0.7164623978178759,0.3161022328200014,283,71,0.2508833922261484,0,279,67,0.24014336917562723,0,1395,335,0.24014336917562723,268,4,4,1.0,0,12,60,-0.010740023050521186,True,578.8745519713261,235.0,1692.1,2447,10007,100,0.0099930048965724,0,10007,100,0.0099930048965724,0,50035,500,0.0099930048965724,400,0,0,,0,72,360,0.0,False,128.8801838712901,125.0,243.0,1539,10290,171,0.01661807580174927,0,10286,167,0.016235660120552206,0,51430,835,0.016235660120552206,668,4,4,1.0,0,84,420,-0.00038241568119706457,False,141.08594205716508,127.0,246.0,2447
