machine,op,cls,age_bin,n,median_cv,pass_cv,pass_conjunction
machine-1-1,W1,fault,256-512,41,0.7772504607573874,0.0,0.0
machine-1-1,W1,fault,513-1024,3,0.7263692856897664,0.0,0.0
machine-1-1,W1,mixed,256-512,7,0.8540459754657054,0.0,0.0
machine-1-1,W1,mixed,513-1024,3,1.679393936460715,0.0,0.0
machine-1-1,W1,nonanomaly,256-512,20,0.5808600800140011,0.0,0.0
machine-1-1,W2_f0995,fault,256-512,36,0.43520528799668523,0.0,0.0
machine-1-1,W2_f0995,nonanomaly,256-512,22,0.3175728517703047,0.0,0.0
machine-1-1,W3_b01,fault,256-512,28,0.5176652902645187,0.0,0.0
machine-1-1,W3_b01,fault,513-1024,8,0.26136922765244036,0.0,0.0
machine-1-1,W3_b01,fault,1025-2048,5,0.3140112288777031,0.0,0.0
machine-1-1,W3_b01,mixed,256-512,6,0.5042307214887171,0.0,0.0
machine-1-1,W3_b01,mixed,513-1024,5,0.1977762504433657,0.0,0.0
machine-1-1,W3_b01,nonanomaly,256-512,25,0.261394027447569,0.16,0.16
machine-1-1,W3_b01,nonanomaly,513-1024,15,0.087964768771388,0.6666666666666666,0.6666666666666666
machine-1-2,W1,fault,256-512,2,1.1631583081720216,0.0,0.0
machine-1-2,W1,mixed,256-512,3,1.1040862232963062,0.0,0.0
machine-1-3,W2_f0995,mixed,256-512,3,0.5279088815431674,0.0,0.0
machine-1-3,W2_f0995,nonanomaly,256-512,6,0.01261091700172955,1.0,1.0
machine-1-3,W2_f0995,nonanomaly,513-1024,3,0.0019650379601271,1.0,1.0
machine-1-3,W3_b01,mixed,256-512,3,0.5265387653878768,0.0,0.0
machine-1-3,W3_b01,nonanomaly,256-512,6,0.01232759100055335,1.0,1.0
machine-1-3,W3_b01,nonanomaly,513-1024,3,0.0020454631687002,1.0,1.0
machine-2-2,W1,fault,256-512,1,0.9596308142951632,0.0,0.0
machine-2-2,W1,nonanomaly,256-512,2,1.1694277603201217,0.0,0.0
machine-2-2,W2_f0995,fault,256-512,9,0.6766117350664447,0.0,0.0
machine-2-2,W3_b01,fault,256-512,1,0.9369742673696206,0.0,0.0
machine-2-2,W3_b01,nonanomaly,256-512,1,0.6130862356764597,0.0,0.0
machine-2-3,W1,mixed,256-512,3,0.6991272502082656,0.0,0.0
machine-2-3,W1,mixed,513-1024,3,0.8847558246021924,0.0,0.0
machine-2-3,W1,mixed,2049+,39,0.9264723693037734,0.0,0.0
machine-2-3,W1,nonanomaly,256-512,17,0.5841886156725835,0.0,0.0
machine-2-3,W1,nonanomaly,513-1024,21,0.7927903388602625,0.0,0.0
machine-2-3,W1,nonanomaly,1025-2048,48,0.4783650032675434,0.0,0.0
machine-2-3,W1,nonanomaly,2049+,157,0.4534137295181772,0.0,0.0
machine-2-3,W2_f0995,mixed,256-512,3,0.7853813875745123,0.0,0.0
machine-2-3,W3_b01,mixed,256-512,4,0.9363955495538407,0.0,0.0
machine-2-3,W3_b01,nonanomaly,256-512,5,0.3768500024420175,0.0,0.0
machine-2-3,W3_b01,nonanomaly,513-1024,1,0.1414272882177296,0.0,0.0
machine-2-4,W1,fault,256-512,10,0.44662959139408914,0.0,0.0
machine-2-4,W2_f0995,fault,256-512,3,0.3636746565139054,0.0,0.0
machine-2-4,W3_b01,fault,256-512,6,0.4203313600807115,0.0,0.0
machine-3-1,W1,fault,256-512,3,1.0428888872375215,0.0,0.0
machine-3-1,W1,mixed,256-512,8,0.930024340757323,0.0,0.0
machine-3-1,W1,nonanomaly,256-512,63,0.6828405052243008,0.0,0.0
machine-3-1,W1,nonanomaly,513-1024,3,0.6840146957082969,0.0,0.0
machine-3-1,W2_f0995,mixed,256-512,6,0.6805975799085433,0.0,0.0
machine-3-1,W2_f0995,nonanomaly,256-512,77,0.2006879299961522,0.15584415584415584,0.15584415584415584
machine-3-1,W2_f0995,nonanomaly,513-1024,3,0.7262128410617623,0.0,0.0
machine-3-1,W3_b01,fault,256-512,3,1.0249378782332603,0.0,0.0
machine-3-1,W3_b01,mixed,256-512,15,0.6841158359664231,0.0,0.0
machine-3-1,W3_b01,nonanomaly,256-512,77,0.5763293718622396,0.0,0.0
machine-3-1,W3_b01,nonanomaly,513-1024,19,0.3761419578814112,0.0,0.0
machine-3-1,W3_b01,nonanomaly,1025-2048,1,0.8232568232169429,0.0,0.0
machine-3-3,W1,fault,256-512,6,0.6239450992977649,0.0,0.0
