machine,op,cls,duration_bin,n,median_cv,pass_cv
machine-1-1,W1,fault,256-512,17,0.7734852377707289,0.0
machine-1-1,W1,fault,513-1024,27,0.7719413250641006,0.0
machine-1-1,W1,mixed,256-512,7,0.8540459754657054,0.0
machine-1-1,W1,mixed,513-1024,3,1.679393936460715,0.0
machine-1-1,W1,nonanomaly,256-512,20,0.5808600800140011,0.0
machine-1-1,W2_f0995,fault,256-512,18,0.40719215063592307,0.0
machine-1-1,W2_f0995,fault,513-1024,18,0.4920407009250003,0.0
machine-1-1,W2_f0995,nonanomaly,256-512,22,0.3175728517703047,0.0
machine-1-1,W3_b01,fault,256-512,8,0.4844986842353154,0.0
machine-1-1,W3_b01,fault,513-1024,16,0.545690722519477,0.0
machine-1-1,W3_b01,fault,1025-2048,17,0.3011198784221326,0.0
machine-1-1,W3_b01,mixed,513-1024,1,0.2009216102951248,0.0
machine-1-1,W3_b01,mixed,1025-2048,10,0.3463081320552522,0.0
machine-1-1,W3_b01,nonanomaly,256-512,12,0.3345450589632297,0.0
machine-1-1,W3_b01,nonanomaly,513-1024,15,0.1214165647154948,0.4666666666666667
machine-1-1,W3_b01,nonanomaly,1025-2048,13,0.0955886362256042,0.5384615384615384
machine-1-2,W1,fault,256-512,2,1.1631583081720216,0.0
machine-1-2,W1,mixed,256-512,3,1.1040862232963062,0.0
machine-1-3,W2_f0995,mixed,513-1024,3,0.5279088815431674,0.0
machine-1-3,W2_f0995,nonanomaly,513-1024,9,0.0022856609811566,1.0
machine-1-3,W3_b01,mixed,513-1024,3,0.5265387653878768,0.0
machine-1-3,W3_b01,nonanomaly,513-1024,9,0.0025192931178602,1.0
machine-2-2,W1,fault,256-512,1,0.9596308142951632,0.0
machine-2-2,W1,nonanomaly,256-512,2,1.1694277603201217,0.0
machine-2-2,W2_f0995,fault,256-512,9,0.6766117350664447,0.0
machine-2-2,W3_b01,fault,256-512,1,0.9369742673696206,0.0
machine-2-2,W3_b01,nonanomaly,256-512,1,0.6130862356764597,0.0
machine-2-3,W1,mixed,2049+,45,0.8933343017987979,0.0
machine-2-3,W1,nonanomaly,256-512,2,0.5316443181155103,0.0
machine-2-3,W1,nonanomaly,2049+,241,0.4643422061740658,0.0
machine-2-3,W2_f0995,mixed,256-512,3,0.7853813875745123,0.0
machine-2-3,W3_b01,mixed,256-512,3,0.9464459407752918,0.0
machine-2-3,W3_b01,mixed,513-1024,1,0.4835707865093884,0.0
machine-2-3,W3_b01,nonanomaly,513-1024,6,0.3557912930245183,0.0
machine-2-4,W1,fault,256-512,10,0.44662959139408914,0.0
machine-2-4,W2_f0995,fault,256-512,3,0.3636746565139054,0.0
machine-2-4,W3_b01,fault,256-512,6,0.4203313600807115,0.0
machine-3-1,W1,fault,256-512,3,1.0428888872375215,0.0
machine-3-1,W1,mixed,256-512,4,0.935306139521389,0.0
machine-3-1,W1,mixed,513-1024,4,0.8910728706150408,0.0
machine-3-1,W1,nonanomaly,256-512,49,0.6708570558141329,0.0
machine-3-1,W1,nonanomaly,513-1024,17,0.6928810940768152,0.0
machine-3-1,W2_f0995,mixed,256-512,6,0.6805975799085433,0.0
machine-3-1,W2_f0995,nonanomaly,256-512,32,0.16279484441852804,0.09375
machine-3-1,W2_f0995,nonanomaly,513-1024,48,0.3417730015026217,0.1875
machine-3-1,W3_b01,fault,256-512,3,1.0249378782332603,0.0
machine-3-1,W3_b01,mixed,256-512,6,0.6808992071420806,0.0
machine-3-1,W3_b01,mixed,1025-2048,9,0.6841158359664231,0.0
machine-3-1,W3_b01,nonanomaly,256-512,47,0.5389604261114526,0.0
machine-3-1,W3_b01,nonanomaly,513-1024,30,0.6637124058012219,0.0
machine-3-1,W3_b01,nonanomaly,1025-2048,20,0.3678802765573189,0.0
machine-3-3,W1,fault,256-512,6,0.6239450992977649,0.0
