case,seed,op,view,start,end,log_score,cv,top5_energy,state,end_hours
pilot01,11,W1,fit_only_clip,1024,1280,4.239745305225219,0.0085740482674995,0.4310430084225522,NORMAL_B,83.95
pilot01,11,W1,fit_only_clip,1152,1408,4.243002111956925,0.0107759432984897,0.4285179356399101,NORMAL_B,90.35000000000001
pilot01,11,W1,fit_only_clip,1280,1536,4.24501061356726,0.0106313273503686,0.4261224137035826,NORMAL_B,96.75
pilot01,11,W2_f0995,fit_only_clip,1024,1280,4.255337580859142,0.0068946729905813,0.4063245409563343,NORMAL_B,83.95
pilot01,11,W2_f0995,fit_only_clip,1152,1408,4.2612380512762025,0.0112923528557207,0.4014923478041607,NORMAL_B,90.35000000000001
pilot01,11,W2_f0995,fit_only_clip,1280,1536,4.26532147380276,0.0101466032006851,0.3982051479166479,NORMAL_B,96.75
pilot01,11,W3_b01,fit_only_clip,1024,1280,4.249716788781762,0.0069779902780923,0.4082890484631823,NORMAL_B,83.95
pilot01,11,W3_b01,fit_only_clip,1152,1408,4.25541744071478,0.0112641341864809,0.4036016155268706,NORMAL_B,90.35000000000001
pilot01,11,W3_b01,fit_only_clip,1280,1536,4.2593787185529,0.0102341138442057,0.4004482426541588,NORMAL_B,96.75
pilot01,11,W1,fit_only_no_clip,1024,1280,5.135358723141463,0.0054871370000616,0.8273638512248871,NORMAL_B,83.95
pilot01,11,W1,fit_only_no_clip,1152,1408,5.141698932368555,0.0085636380828573,0.8264079445624471,NORMAL_B,90.35000000000001
pilot01,11,W1,fit_only_no_clip,1280,1536,5.146781786279489,0.0084346812905857,0.8270432493220784,NORMAL_B,96.75
pilot01,11,W2_f0995,fit_only_no_clip,1024,1280,5.143518705495775,0.0052274789476671,0.8274303082315909,NORMAL_B,83.95
pilot01,11,W2_f0995,fit_only_no_clip,1152,1408,5.150084301131652,0.0087367048731755,0.8262192851155945,NORMAL_B,90.35000000000001
pilot01,11,W2_f0995,fit_only_no_clip,1280,1536,5.1555250322786135,0.0084530614173298,0.8263837986494825,NORMAL_B,96.75
pilot01,11,W3_b01,fit_only_no_clip,1024,1280,5.140887432753424,0.0052186978605613,0.8273161735924225,NORMAL_B,83.95
pilot01,11,W3_b01,fit_only_no_clip,1152,1408,5.147393638866558,0.0086818469069529,0.8261549040801854,NORMAL_B,90.35000000000001
pilot01,11,W3_b01,fit_only_no_clip,1280,1536,5.152807300174687,0.0084270157252843,0.826364996911388,NORMAL_B,96.75
pilot01,22,W1,fit_only_clip,1024,1280,4.227240080951512,0.0073073559779383,0.4277440435417727,NORMAL_B,83.95
pilot01,22,W1,fit_only_clip,1152,1408,4.232061187733339,0.0110318470527617,0.4222775494025269,NORMAL_B,90.35000000000001
pilot01,22,W1,fit_only_clip,1280,1536,4.235746016613311,0.010481698760216,0.4189131883173435,NORMAL_B,96.75
pilot01,22,W2_f0995,fit_only_clip,1024,1280,4.255360192382332,0.0068930823181088,0.4061275234687391,NORMAL_B,83.95
pilot01,22,W2_f0995,fit_only_clip,1152,1408,4.261270960925441,0.011289223721161,0.4013025147573842,NORMAL_B,90.35000000000001
pilot01,22,W2_f0995,fit_only_clip,1280,1536,4.265363819313409,0.01014239687621,0.3980266401221841,NORMAL_B,96.75
pilot01,22,W3_b01,fit_only_clip,1024,1280,4.251247188895506,0.0069320954824678,0.4070481557405436,NORMAL_B,83.95
pilot01,22,W3_b01,fit_only_clip,1152,1408,4.25692312591813,0.0111897389078461,0.4024095629027632,NORMAL_B,90.35000000000001
pilot01,22,W3_b01,fit_only_clip,1280,1536,4.2608944523744325,0.0101479116755164,0.3992780182169923,NORMAL_B,96.75
pilot01,22,W1,fit_only_no_clip,1024,1280,5.141171046604918,0.0052360068571776,0.8282481608809286,NORMAL_B,83.95
pilot01,22,W1,fit_only_no_clip,1152,1408,5.147428015815194,0.0084289682756533,0.8275435900550789,NORMAL_B,90.35000000000001
pilot01,22,W1,fit_only_no_clip,1280,1536,5.152601265401126,0.0082286347681778,0.8280847384207813,NORMAL_B,96.75
pilot01,22,W2_f0995,fit_only_no_clip,1024,1280,5.143557122239304,0.0052287325621829,0.8273494657980891,NORMAL_B,83.95
pilot01,22,W2_f0995,fit_only_no_clip,1152,1408,5.150123792174536,0.0087376838855857,0.8261406205679964,NORMAL_B,90.35000000000001
pilot01,22,W2_f0995,fit_only_no_clip,1280,1536,5.155566126709045,0.0084540533607413,0.8263081007037756,NORMAL_B,96.75
pilot01,22,W3_b01,fit_only_no_clip,1024,1280,5.142755340498455,0.0052150120363381,0.827088120555924,NORMAL_B,83.95
pilot01,22,W3_b01,fit_only_no_clip,1152,1408,5.149272300627769,0.0086865509085246,0.8259379223198885,NORMAL_B,90.35000000000001
pilot01,22,W3_b01,fit_only_no_clip,1280,1536,5.154681842243775,0.0084279699538094,0.8261582773608953,NORMAL_B,96.75
pilot01,33,W1,fit_only_clip,1024,1280,4.231828206826996,0.0072202831777203,0.4314561514010405,NORMAL_B,83.95
pilot01,33,W1,fit_only_clip,1152,1408,4.2372220389207165,0.0110548360198835,0.4267293736875243,NORMAL_B,90.35000000000001
pilot01,33,W1,fit_only_clip,1280,1536,4.240745127979959,0.0102892056300462,0.4232590754353527,NORMAL_B,96.75
pilot01,33,W2_f0995,fit_only_clip,1024,1280,4.254934782948671,0.0068977726343288,0.4057886671784815,NORMAL_B,83.95
pilot01,33,W2_f0995,fit_only_clip,1152,1408,4.260825058164682,0.011278533757677,0.4009872837781637,NORMAL_B,90.35000000000001
pilot01,33,W2_f0995,fit_only_clip,1280,1536,4.2648932013055685,0.0101551519564926,0.3977273262090942,NORMAL_B,96.75
pilot01,33,W3_b01,fit_only_clip,1024,1280,4.252349412324251,0.0069307700700825,0.4077919981061151,NORMAL_B,83.95
pilot01,33,W3_b01,fit_only_clip,1152,1408,4.2580397583180485,0.011096345810242,0.4031853401027674,NORMAL_B,90.35000000000001
pilot01,33,W3_b01,fit_only_clip,1280,1536,4.26191277778988,0.0101302533558992,0.4000901997189357,NORMAL_B,96.75
pilot01,33,W1,fit_only_no_clip,1024,1280,5.134992288876036,0.0052634957671406,0.8305187736297348,NORMAL_B,83.95
pilot01,33,W1,fit_only_no_clip,1152,1408,5.141372301040751,0.0085456715990215,0.8295060022192227,NORMAL_B,90.35000000000001
pilot01,33,W1,fit_only_no_clip,1280,1536,5.146680717497135,0.0084134401048957,0.8298544239885746,NORMAL_B,96.75
pilot01,33,W2_f0995,fit_only_no_clip,1024,1280,5.143172963480361,0.0052290688892054,0.8274111329454948,NORMAL_B,83.95
pilot01,33,W2_f0995,fit_only_no_clip,1152,1408,5.149728528716772,0.0087249997438093,0.8262085390808487,NORMAL_B,90.35000000000001
pilot01,33,W2_f0995,fit_only_no_clip,1280,1536,5.155161334360323,0.0084514880729081,0.8263826324962377,NORMAL_B,96.75
pilot01,33,W3_b01,fit_only_no_clip,1024,1280,5.142357423773269,0.0052267414156975,0.8272931424263978,NORMAL_B,83.95
pilot01,33,W3_b01,fit_only_no_clip,1152,1408,5.148856787406991,0.0086585579440238,0.8261358459227183,NORMAL_B,90.35000000000001
pilot01,33,W3_b01,fit_only_no_clip,1280,1536,5.154240932166467,0.0084303879444388,0.8263610013750035,NORMAL_B,96.75
pilot02,11,W1,fit_only_clip,1024,1280,4.2199747944694135,0.0074205862697594,0.4485389377766891,NORMAL_B,83.95
pilot02,11,W1,fit_only_clip,1152,1408,4.216591153226686,0.0078876283789886,0.4502767363927097,NORMAL_B,90.35000000000001
pilot02,11,W1,fit_only_clip,1280,1536,4.216375227189781,0.0072947672229088,0.4510353934215099,NORMAL_B,96.75
pilot02,11,W2_f0995,fit_only_clip,1024,1280,4.230050640903377,0.0070881610483337,0.4250171649732157,NORMAL_B,83.95
pilot02,11,W2_f0995,fit_only_clip,1152,1408,4.226534529136848,0.007577403731874,0.4279357279040367,NORMAL_B,90.35000000000001
pilot02,11,W2_f0995,fit_only_clip,1280,1536,4.226025729046211,0.0069144347153666,0.4283766677161145,NORMAL_B,96.75
pilot02,11,W3_b01,fit_only_clip,1024,1280,4.240077808503389,0.0070126693492107,0.4238966351039751,NORMAL_B,83.95
pilot02,11,W3_b01,fit_only_clip,1152,1408,4.236492268326736,0.0074415326880143,0.4268054198917963,NORMAL_B,90.35000000000001
pilot02,11,W3_b01,fit_only_clip,1280,1536,4.235964218498272,0.0068095346936528,0.4273303755930474,NORMAL_B,96.75
pilot02,11,W1,fit_only_no_clip,1024,1280,5.144018202480349,0.0067238834866721,0.844321178078811,NORMAL_B,83.95
pilot02,11,W1,fit_only_no_clip,1152,1408,5.141348498582647,0.0063463106735225,0.846310277101303,NORMAL_B,90.35000000000001
pilot02,11,W1,fit_only_no_clip,1280,1536,5.143138905822136,0.0062605145784046,0.84802378196525,NORMAL_B,96.75
pilot02,11,W2_f0995,fit_only_no_clip,1024,1280,5.149358019684869,0.0067136164879559,0.8419306358504983,NORMAL_B,83.95
pilot02,11,W2_f0995,fit_only_no_clip,1152,1408,5.14659355063708,0.0062942266093163,0.8440715270102138,NORMAL_B,90.35000000000001
pilot02,11,W2_f0995,fit_only_no_clip,1280,1536,5.148348950883211,0.0062231749828481,0.8455280492841019,NORMAL_B,96.75
pilot02,11,W3_b01,fit_only_no_clip,1024,1280,5.152858598128578,0.0067050039350922,0.8409558872298991,NORMAL_B,83.95
pilot02,11,W3_b01,fit_only_no_clip,1152,1408,5.150067091806348,0.0062665369269733,0.8432651614359824,NORMAL_B,90.35000000000001
pilot02,11,W3_b01,fit_only_no_clip,1280,1536,5.151804872769839,0.0062001514914945,0.8450203858634867,NORMAL_B,96.75
pilot02,22,W1,fit_only_clip,1024,1280,4.207814255532208,0.0085815881296796,0.4375282491085311,NORMAL_B,83.95
pilot02,22,W1,fit_only_clip,1152,1408,4.204581446349377,0.0091088657225095,0.4404292260514266,NORMAL_B,90.35000000000001
pilot02,22,W1,fit_only_clip,1280,1536,4.2034885666567545,0.0078217393035301,0.441177204844258,NORMAL_B,96.75
pilot02,22,W2_f0995,fit_only_clip,1024,1280,4.230248684008124,0.0070964703167797,0.4237135529254875,NORMAL_B,83.95
pilot02,22,W2_f0995,fit_only_clip,1152,1408,4.226681121264763,0.0075869533737845,0.4266628477991276,NORMAL_B,90.35000000000001
pilot02,22,W2_f0995,fit_only_clip,1280,1536,4.226169487899455,0.0069177659675703,0.4271009134073746,NORMAL_B,96.75
pilot02,22,W3_b01,fit_only_clip,1024,1280,4.236047724526603,0.0071066826891498,0.4221192411160349,NORMAL_B,83.95
pilot02,22,W3_b01,fit_only_clip,1152,1408,4.232301845155427,0.0075520613743379,0.4252351631072317,NORMAL_B,90.35000000000001
pilot02,22,W3_b01,fit_only_clip,1280,1536,4.231702154862727,0.0068595697558735,0.4258025104270766,NORMAL_B,96.75
pilot02,22,W1,fit_only_no_clip,1024,1280,5.1495744093414,0.006693764488946,0.8409059909667606,NORMAL_B,83.95
pilot02,22,W1,fit_only_no_clip,1152,1408,5.146817256464675,0.0062855630026259,0.8443437874575466,NORMAL_B,90.35000000000001
pilot02,22,W1,fit_only_no_clip,1280,1536,5.148563088481421,0.0062113239413199,0.846103861354346,NORMAL_B,96.75
pilot02,22,W2_f0995,fit_only_no_clip,1024,1280,5.149446390337333,0.0067145018035906,0.8417596418561484,NORMAL_B,83.95
pilot02,22,W2_f0995,fit_only_no_clip,1152,1408,5.146667578231562,0.0062894164436162,0.8439138627146053,NORMAL_B,90.35000000000001
pilot02,22,W2_f0995,fit_only_no_clip,1280,1536,5.1484199601014415,0.0062215125006536,0.8452209126538051,NORMAL_B,96.75
pilot02,22,W3_b01,fit_only_no_clip,1024,1280,5.151676195582757,0.0067050594272243,0.8407455037594371,NORMAL_B,83.95
pilot02,22,W3_b01,fit_only_no_clip,1152,1408,5.148842163564091,0.0062525780435119,0.8429542441547466,NORMAL_B,90.35000000000001
pilot02,22,W3_b01,fit_only_no_clip,1280,1536,5.150560982417342,0.0061924409416375,0.8440786424641886,NORMAL_B,96.75
pilot02,33,W1,fit_only_clip,1024,1280,4.215180163533564,0.0074482995831593,0.4404890783395573,NORMAL_B,83.95
pilot02,33,W1,fit_only_clip,1152,1408,4.2124259907778,0.0079878237799797,0.4430110923139971,NORMAL_B,90.35000000000001
pilot02,33,W1,fit_only_clip,1280,1536,4.211611996078398,0.007548680095094,0.4432936639659101,NORMAL_B,96.75
pilot02,33,W2_f0995,fit_only_clip,1024,1280,4.230136517794566,0.0070920075813222,0.4241625416025508,NORMAL_B,83.95
pilot02,33,W2_f0995,fit_only_clip,1152,1408,4.226564765488378,0.0075818825173936,0.4271211498501545,NORMAL_B,90.35000000000001
pilot02,33,W2_f0995,fit_only_clip,1280,1536,4.226048074848476,0.0069205178708282,0.4275655068925719,NORMAL_B,96.75
pilot02,33,W3_b01,fit_only_clip,1024,1280,4.2362398286344405,0.0070378710106754,0.4231445880136565,NORMAL_B,83.95
pilot02,33,W3_b01,fit_only_clip,1152,1408,4.232581155463491,0.0074747435407258,0.4261536060055504,NORMAL_B,90.35000000000001
pilot02,33,W3_b01,fit_only_clip,1280,1536,4.231988702131541,0.0068412628069651,0.4266553108525558,NORMAL_B,96.75
pilot02,33,W1,fit_only_no_clip,1024,1280,5.143233939463361,0.0066724537391819,0.8441359675439711,NORMAL_B,83.95
pilot02,33,W1,fit_only_no_clip,1152,1408,5.14021138801898,0.0061275099511387,0.8461784698368678,NORMAL_B,90.35000000000001
pilot02,33,W1,fit_only_no_clip,1280,1536,5.141671446920221,0.0060957328561847,0.8469820301122681,NORMAL_B,96.75
pilot02,33,W2_f0995,fit_only_no_clip,1024,1280,5.149549102876242,0.0067127339101317,0.8418741545400346,NORMAL_B,83.95
pilot02,33,W2_f0995,fit_only_no_clip,1152,1408,5.146773852732667,0.0062883642749297,0.8440250948994872,NORMAL_B,90.35000000000001
pilot02,33,W2_f0995,fit_only_no_clip,1280,1536,5.148527091543119,0.0062211404159052,0.8453895740891575,NORMAL_B,96.75
pilot02,33,W3_b01,fit_only_no_clip,1024,1280,5.152569892049078,0.0067008713102401,0.8417514808636759,NORMAL_B,83.95
pilot02,33,W3_b01,fit_only_no_clip,1152,1408,5.149760223341253,0.0062502879867752,0.8439225473970514,NORMAL_B,90.35000000000001
pilot02,33,W3_b01,fit_only_no_clip,1280,1536,5.151483969213521,0.0061911725088138,0.8452221511896887,NORMAL_B,96.75
pilot03,11,W1,fit_only_clip,1024,1280,2.000262569091128,0.1226435726825134,0.2353476469915947,NORMAL_B,83.95
pilot03,11,W1,fit_only_clip,1152,1408,1.9942757377640792,0.1294595994266313,0.2271073375426733,NORMAL_B,90.35000000000001
pilot03,11,W1,fit_only_clip,1280,1536,1.9924368419538327,0.1188155926271719,0.233583183086967,NORMAL_B,96.75
pilot03,11,W2_f0995,fit_only_clip,1024,1280,1.950561359101273,0.1306232706447369,0.2569258119720464,NORMAL_B,83.95
pilot03,11,W2_f0995,fit_only_clip,1152,1408,1.9358198152871544,0.1339651487627144,0.2555113866631098,NORMAL_B,90.35000000000001
pilot03,11,W2_f0995,fit_only_clip,1280,1536,1.96132202333685,0.118090396513239,0.2498599509509633,NORMAL_B,96.75
pilot03,11,W3_b01,fit_only_clip,1024,1280,1.9760570923263965,0.1373586872641838,0.2653917677753986,NORMAL_B,83.95
pilot03,11,W3_b01,fit_only_clip,1152,1408,1.966708814646892,0.1347746225659893,0.2479598935032209,NORMAL_B,90.35000000000001
pilot03,11,W3_b01,fit_only_clip,1280,1536,1.963139991870657,0.1189410304845489,0.2465144056229768,NORMAL_B,96.75
pilot03,11,W1,fit_only_no_clip,1024,1280,2.000262569091128,0.1226435726825134,0.2353476469915947,NORMAL_B,83.95
pilot03,11,W1,fit_only_no_clip,1152,1408,1.9942757377640792,0.1294595994266313,0.2271073375426733,NORMAL_B,90.35000000000001
pilot03,11,W1,fit_only_no_clip,1280,1536,1.9924368419538327,0.1188155926271719,0.233583183086967,NORMAL_B,96.75
pilot03,11,W2_f0995,fit_only_no_clip,1024,1280,1.950561359101273,0.1306232706447369,0.2569258119720464,NORMAL_B,83.95
pilot03,11,W2_f0995,fit_only_no_clip,1152,1408,1.9358198152871544,0.1339651487627144,0.2555113866631098,NORMAL_B,90.35000000000001
pilot03,11,W2_f0995,fit_only_no_clip,1280,1536,1.96132202333685,0.118090396513239,0.2498599509509633,NORMAL_B,96.75
pilot03,11,W3_b01,fit_only_no_clip,1024,1280,1.9760570923263965,0.1373586872641838,0.2653917677753986,NORMAL_B,83.95
pilot03,11,W3_b01,fit_only_no_clip,1152,1408,1.966708814646892,0.1347746225659893,0.2479598935032209,NORMAL_B,90.35000000000001
pilot03,11,W3_b01,fit_only_no_clip,1280,1536,1.963139991870657,0.1189410304845489,0.2465144056229768,NORMAL_B,96.75
pilot03,22,W1,fit_only_clip,1024,1280,1.99860485883989,0.1255627930289094,0.2335686379023058,NORMAL_B,83.95
pilot03,22,W1,fit_only_clip,1152,1408,1.998556282678688,0.1310521158309701,0.2285175434688018,NORMAL_B,90.35000000000001
pilot03,22,W1,fit_only_clip,1280,1536,1.97947800560805,0.1233659551087474,0.2356334137625995,NORMAL_B,96.75
pilot03,22,W2_f0995,fit_only_clip,1024,1280,1.9507447427482711,0.1305604200631426,0.2568182870892572,NORMAL_B,83.95
pilot03,22,W2_f0995,fit_only_clip,1152,1408,1.935859871744455,0.1337856337145649,0.2558180704505343,NORMAL_B,90.35000000000001
pilot03,22,W2_f0995,fit_only_clip,1280,1536,1.9612285770254303,0.1180768282265221,0.2498338763159038,NORMAL_B,96.75
pilot03,22,W3_b01,fit_only_clip,1024,1280,1.9803380950431064,0.1399422837606699,0.2654549007131847,NORMAL_B,83.95
pilot03,22,W3_b01,fit_only_clip,1152,1408,1.9701949336544289,0.1356555301250935,0.2491812661402603,NORMAL_B,90.35000000000001
pilot03,22,W3_b01,fit_only_clip,1280,1536,1.9631090889520195,0.1185730879338879,0.2471368878817956,NORMAL_B,96.75
pilot03,22,W1,fit_only_no_clip,1024,1280,1.99860485883989,0.1255627930289094,0.2335686379023058,NORMAL_B,83.95
pilot03,22,W1,fit_only_no_clip,1152,1408,1.998556282678688,0.1310521158309701,0.2285175434688018,NORMAL_B,90.35000000000001
pilot03,22,W1,fit_only_no_clip,1280,1536,1.97947800560805,0.1233659551087474,0.2356334137625995,NORMAL_B,96.75
pilot03,22,W2_f0995,fit_only_no_clip,1024,1280,1.9507447427482711,0.1305604200631426,0.2568182870892572,NORMAL_B,83.95
pilot03,22,W2_f0995,fit_only_no_clip,1152,1408,1.935859871744455,0.1337856337145649,0.2558180704505343,NORMAL_B,90.35000000000001
pilot03,22,W2_f0995,fit_only_no_clip,1280,1536,1.9612285770254303,0.1180768282265221,0.2498338763159038,NORMAL_B,96.75
pilot03,22,W3_b01,fit_only_no_clip,1024,1280,1.9803380950431064,0.1399422837606699,0.2654549007131847,NORMAL_B,83.95
pilot03,22,W3_b01,fit_only_no_clip,1152,1408,1.9701949336544289,0.1356555301250935,0.2491812661402603,NORMAL_B,90.35000000000001
pilot03,22,W3_b01,fit_only_no_clip,1280,1536,1.9631090889520195,0.1185730879338879,0.2471368878817956,NORMAL_B,96.75
pilot03,33,W1,fit_only_clip,1024,1280,2.003424351812998,0.1212900793111372,0.2509352339767597,NORMAL_B,83.95
pilot03,33,W1,fit_only_clip,1152,1408,2.0011825497222357,0.1231265173336654,0.2431964102165743,NORMAL_B,90.35000000000001
pilot03,33,W1,fit_only_clip,1280,1536,1.9827316147402132,0.1174268061429759,0.2382980841159494,NORMAL_B,96.75
pilot03,33,W2_f0995,fit_only_clip,1024,1280,1.9518795282867625,0.1304868069291102,0.2570983665025769,NORMAL_B,83.95
pilot03,33,W2_f0995,fit_only_clip,1152,1408,1.9365665043786808,0.1334534374833928,0.2559568250209177,NORMAL_B,90.35000000000001
pilot03,33,W2_f0995,fit_only_clip,1280,1536,1.961053421585701,0.1177916665743244,0.2503875855791015,NORMAL_B,96.75
pilot03,33,W3_b01,fit_only_clip,1024,1280,1.9811343214486623,0.1383281251397051,0.2695820730250097,NORMAL_B,83.95
pilot03,33,W3_b01,fit_only_clip,1152,1408,1.9707439501631543,0.1354159656520203,0.2507441698143784,NORMAL_B,90.35000000000001
pilot03,33,W3_b01,fit_only_clip,1280,1536,1.962569921628672,0.1210718290906226,0.2402223751965772,NORMAL_B,96.75
pilot03,33,W1,fit_only_no_clip,1024,1280,2.003424351812998,0.1212900793111372,0.2509352339767597,NORMAL_B,83.95
pilot03,33,W1,fit_only_no_clip,1152,1408,2.0011825497222357,0.1231265173336654,0.2431964102165743,NORMAL_B,90.35000000000001
pilot03,33,W1,fit_only_no_clip,1280,1536,1.9827316147402132,0.1174268061429759,0.2382980841159494,NORMAL_B,96.75
pilot03,33,W2_f0995,fit_only_no_clip,1024,1280,1.9518795282867625,0.1304868069291102,0.2570983665025769,NORMAL_B,83.95
pilot03,33,W2_f0995,fit_only_no_clip,1152,1408,1.9365665043786808,0.1334534374833928,0.2559568250209177,NORMAL_B,90.35000000000001
pilot03,33,W2_f0995,fit_only_no_clip,1280,1536,1.961053421585701,0.1177916665743244,0.2503875855791015,NORMAL_B,96.75
pilot03,33,W3_b01,fit_only_no_clip,1024,1280,1.9811343214486623,0.1383281251397051,0.2695820730250097,NORMAL_B,83.95
pilot03,33,W3_b01,fit_only_no_clip,1152,1408,1.9707439501631543,0.1354159656520203,0.2507441698143784,NORMAL_B,90.35000000000001
pilot03,33,W3_b01,fit_only_no_clip,1280,1536,1.962569921628672,0.1210718290906226,0.2402223751965772,NORMAL_B,96.75
pilot04,11,W1,fit_only_clip,1024,1280,1.9743827745906508,0.1205709150944213,0.1798942625111804,FAULT,83.95
pilot04,11,W1,fit_only_clip,1152,1408,1.964650084426732,0.1182442162866006,0.1709090378758677,FAULT,90.35000000000001
pilot04,11,W1,fit_only_clip,1280,1536,1.9699746519607404,0.1197448152181735,0.1732844589822415,FAULT,96.75
pilot04,11,W2_f0995,fit_only_clip,1024,1280,1.9376293631420491,0.1161477886124745,0.1913544497257205,FAULT,83.95
pilot04,11,W2_f0995,fit_only_clip,1152,1408,1.934561369383788,0.1307474741197252,0.2013570496893885,FAULT,90.35000000000001
pilot04,11,W2_f0995,fit_only_clip,1280,1536,1.9480747540476104,0.1422481917471928,0.2400704751181473,FAULT,96.75
pilot04,11,W3_b01,fit_only_clip,1024,1280,1.9874335507827143,0.1129231561432832,0.2356494352090063,FAULT,83.95
pilot04,11,W3_b01,fit_only_clip,1152,1408,2.00181722715727,0.1235419091427207,0.254857592214099,FAULT,90.35000000000001
pilot04,11,W3_b01,fit_only_clip,1280,1536,2.029414725275722,0.1342487704272441,0.2903613969834279,FAULT,96.75
pilot04,11,W1,fit_only_no_clip,1024,1280,1.9743827745906508,0.1205709150944213,0.1798942625111804,FAULT,83.95
pilot04,11,W1,fit_only_no_clip,1152,1408,1.964650084426732,0.1182442162866006,0.1709090378758677,FAULT,90.35000000000001
pilot04,11,W1,fit_only_no_clip,1280,1536,1.9699746519607404,0.1197448152181735,0.1732844589822415,FAULT,96.75
pilot04,11,W2_f0995,fit_only_no_clip,1024,1280,1.9376293631420491,0.1161477886124745,0.1913544497257205,FAULT,83.95
pilot04,11,W2_f0995,fit_only_no_clip,1152,1408,1.934561369383788,0.1307474741197252,0.2013570496893885,FAULT,90.35000000000001
pilot04,11,W2_f0995,fit_only_no_clip,1280,1536,1.9480747540476104,0.1422481917471928,0.2400704751181473,FAULT,96.75
pilot04,11,W3_b01,fit_only_no_clip,1024,1280,1.9874335507827143,0.1129231561432832,0.2356494352090063,FAULT,83.95
pilot04,11,W3_b01,fit_only_no_clip,1152,1408,2.00181722715727,0.1235419091427207,0.254857592214099,FAULT,90.35000000000001
pilot04,11,W3_b01,fit_only_no_clip,1280,1536,2.029414725275722,0.1342487704272441,0.2903613969834279,FAULT,96.75
pilot04,22,W1,fit_only_clip,1024,1280,1.9601993416976249,0.1117926111993194,0.1676197919762968,FAULT,83.95
pilot04,22,W1,fit_only_clip,1152,1408,1.939281277283999,0.1215278862260049,0.1624478991008816,FAULT,90.35000000000001
pilot04,22,W1,fit_only_clip,1280,1536,1.933588174195397,0.1238494843619813,0.1608017454625851,FAULT,96.75
pilot04,22,W2_f0995,fit_only_clip,1024,1280,1.9362302509295168,0.1163769556155242,0.1901665218303971,FAULT,83.95
pilot04,22,W2_f0995,fit_only_clip,1152,1408,1.932447083507928,0.1310815422060467,0.1985374604113229,FAULT,90.35000000000001
pilot04,22,W2_f0995,fit_only_clip,1280,1536,1.94534831337074,0.1418828726690759,0.2366485921135764,FAULT,96.75
pilot04,22,W3_b01,fit_only_clip,1024,1280,1.9661400832071267,0.1153572747701885,0.2076281410254944,FAULT,83.95
pilot04,22,W3_b01,fit_only_clip,1152,1408,1.9766876020326536,0.1269710245333552,0.2249612743014088,FAULT,90.35000000000001
pilot04,22,W3_b01,fit_only_clip,1280,1536,2.00435725998697,0.1338232527343312,0.2559053966781105,FAULT,96.75
pilot04,22,W1,fit_only_no_clip,1024,1280,1.9601993416976249,0.1117926111993194,0.1676197919762968,FAULT,83.95
pilot04,22,W1,fit_only_no_clip,1152,1408,1.939281277283999,0.1215278862260049,0.1624478991008816,FAULT,90.35000000000001
pilot04,22,W1,fit_only_no_clip,1280,1536,1.933588174195397,0.1238494843619813,0.1608017454625851,FAULT,96.75
pilot04,22,W2_f0995,fit_only_no_clip,1024,1280,1.9362302509295168,0.1163769556155242,0.1901665218303971,FAULT,83.95
pilot04,22,W2_f0995,fit_only_no_clip,1152,1408,1.932447083507928,0.1310815422060467,0.1985374604113229,FAULT,90.35000000000001
pilot04,22,W2_f0995,fit_only_no_clip,1280,1536,1.94534831337074,0.1418828726690759,0.2366485921135764,FAULT,96.75
pilot04,22,W3_b01,fit_only_no_clip,1024,1280,1.9661400832071267,0.1153572747701885,0.2076281410254944,FAULT,83.95
pilot04,22,W3_b01,fit_only_no_clip,1152,1408,1.9766876020326536,0.1269710245333552,0.2249612743014088,FAULT,90.35000000000001
pilot04,22,W3_b01,fit_only_no_clip,1280,1536,2.00435725998697,0.1338232527343312,0.2559053966781105,FAULT,96.75
pilot04,33,W1,fit_only_clip,1024,1280,1.9610042041859967,0.1165648079908436,0.1701544815951275,FAULT,83.95
pilot04,33,W1,fit_only_clip,1152,1408,1.9502537340025408,0.1204077175370593,0.1672798126843869,FAULT,90.35000000000001
pilot04,33,W1,fit_only_clip,1280,1536,1.9530706910271567,0.1219671375371582,0.1783773440931485,FAULT,96.75
pilot04,33,W2_f0995,fit_only_clip,1024,1280,1.936423593290764,0.1164773521271819,0.1910097007276381,FAULT,83.95
pilot04,33,W2_f0995,fit_only_clip,1152,1408,1.9336781504188865,0.1308347808435106,0.2003981641664968,FAULT,90.35000000000001
pilot04,33,W2_f0995,fit_only_clip,1280,1536,1.9476049175550665,0.1420334552771505,0.239034252942926,FAULT,96.75
pilot04,33,W3_b01,fit_only_clip,1024,1280,1.9725701134380207,0.117731748374107,0.2223517444528558,FAULT,83.95
pilot04,33,W3_b01,fit_only_clip,1152,1408,1.9847076585649897,0.1270427084146384,0.2412121979126957,FAULT,90.35000000000001
pilot04,33,W3_b01,fit_only_clip,1280,1536,2.0086951066655176,0.1349111074717973,0.2690853442468561,FAULT,96.75
pilot04,33,W1,fit_only_no_clip,1024,1280,1.9610042041859967,0.1165648079908436,0.1701544815951275,FAULT,83.95
pilot04,33,W1,fit_only_no_clip,1152,1408,1.9502537340025408,0.1204077175370593,0.1672798126843869,FAULT,90.35000000000001
pilot04,33,W1,fit_only_no_clip,1280,1536,1.9530706910271567,0.1219671375371582,0.1783773440931485,FAULT,96.75
pilot04,33,W2_f0995,fit_only_no_clip,1024,1280,1.936423593290764,0.1164773521271819,0.1910097007276381,FAULT,83.95
pilot04,33,W2_f0995,fit_only_no_clip,1152,1408,1.9336781504188865,0.1308347808435106,0.2003981641664968,FAULT,90.35000000000001
pilot04,33,W2_f0995,fit_only_no_clip,1280,1536,1.9476049175550665,0.1420334552771505,0.239034252942926,FAULT,96.75
pilot04,33,W3_b01,fit_only_no_clip,1024,1280,1.9725701134380207,0.117731748374107,0.2223517444528558,FAULT,83.95
pilot04,33,W3_b01,fit_only_no_clip,1152,1408,1.9847076585649897,0.1270427084146384,0.2412121979126957,FAULT,90.35000000000001
pilot04,33,W3_b01,fit_only_no_clip,1280,1536,2.0086951066655176,0.1349111074717973,0.2690853442468561,FAULT,96.75
pilot05,11,W1,fit_only_clip,1024,1280,3.061214496462102,0.0196461797797329,0.8997926862012714,FAULT,83.95
pilot05,11,W1,fit_only_clip,1152,1408,3.061502554957479,0.0181203947639706,0.9035920966995142,FAULT,90.35000000000001
pilot05,11,W1,fit_only_clip,1280,1536,3.0617633450754718,0.0178653304704432,0.9016787662115195,FAULT,96.75
pilot05,11,W2_f0995,fit_only_clip,1024,1280,3.053014102615077,0.0139097202486466,0.911424779690815,FAULT,83.95
pilot05,11,W2_f0995,fit_only_clip,1152,1408,3.050821648046336,0.0118772190248406,0.9154672602354336,FAULT,90.35000000000001
pilot05,11,W2_f0995,fit_only_clip,1280,1536,3.050095317792404,0.0116736979917554,0.91481224575764,FAULT,96.75
pilot05,11,W3_b01,fit_only_clip,1024,1280,3.055160201867565,0.0163956340970845,0.9095172803779216,FAULT,83.95
pilot05,11,W3_b01,fit_only_clip,1152,1408,3.054271937271636,0.0134633846377509,0.9130425431687922,FAULT,90.35000000000001
pilot05,11,W3_b01,fit_only_clip,1280,1536,3.050061366112152,0.0140100805709569,0.9134373563212866,FAULT,96.75
pilot05,11,W1,fit_only_no_clip,1024,1280,3.4765103342429,0.0294218491128389,0.9562357605913764,FAULT,83.95
pilot05,11,W1,fit_only_no_clip,1152,1408,3.4736341959685992,0.0298970967909446,0.957508231054115,FAULT,90.35000000000001
pilot05,11,W1,fit_only_no_clip,1280,1536,3.4740842579147606,0.0306924839716544,0.9565548131583852,FAULT,96.75
pilot05,11,W2_f0995,fit_only_no_clip,1024,1280,3.469786897820853,0.0290507428291607,0.961499647356682,FAULT,83.95
pilot05,11,W2_f0995,fit_only_no_clip,1152,1408,3.4666019128865413,0.0297101042803868,0.9631836684669308,FAULT,90.35000000000001
pilot05,11,W2_f0995,fit_only_no_clip,1280,1536,3.466295674537929,0.0306878497440675,0.9629359882538048,FAULT,96.75
pilot05,11,W3_b01,fit_only_no_clip,1024,1280,3.4700354624986414,0.0290255192500831,0.9604452688366234,FAULT,83.95
pilot05,11,W3_b01,fit_only_no_clip,1152,1408,3.4673683544791083,0.0294129983457611,0.9619359545260264,FAULT,90.35000000000001
pilot05,11,W3_b01,fit_only_no_clip,1280,1536,3.4655953636939376,0.0305692210133516,0.9622291874723372,FAULT,96.75
pilot05,22,W1,fit_only_clip,1024,1280,3.070805148597175,0.0185968014949329,0.900850228353966,FAULT,83.95
pilot05,22,W1,fit_only_clip,1152,1408,3.0683599294307524,0.017837345817465,0.9029894884922124,FAULT,90.35000000000001
pilot05,22,W1,fit_only_clip,1280,1536,3.0659877420492654,0.0170841105046095,0.9064993847991708,FAULT,96.75
pilot05,22,W2_f0995,fit_only_clip,1024,1280,3.0538864696568857,0.0139335961259546,0.9114702718376694,FAULT,83.95
pilot05,22,W2_f0995,fit_only_clip,1152,1408,3.051751507599291,0.0118861625350461,0.9156290719540816,FAULT,90.35000000000001
pilot05,22,W2_f0995,fit_only_clip,1280,1536,3.050890233292315,0.0116232586196194,0.9150130399904663,FAULT,96.75
pilot05,22,W3_b01,fit_only_clip,1024,1280,3.06024171680108,0.0161297376193977,0.9099462755353702,FAULT,83.95
pilot05,22,W3_b01,fit_only_clip,1152,1408,3.059468160255914,0.0132945543138903,0.9135726183843264,FAULT,90.35000000000001
pilot05,22,W3_b01,fit_only_clip,1280,1536,3.05500295335486,0.0138683330502256,0.9141655130667664,FAULT,96.75
pilot05,22,W1,fit_only_no_clip,1024,1280,3.4811548746543317,0.028900739546246,0.9565240134547368,FAULT,83.95
pilot05,22,W1,fit_only_no_clip,1152,1408,3.478616521269198,0.0302263362346236,0.9574474355234583,FAULT,90.35000000000001
pilot05,22,W1,fit_only_no_clip,1280,1536,3.4781498164277243,0.031502428919619,0.9592337007433248,FAULT,96.75
pilot05,22,W2_f0995,fit_only_no_clip,1024,1280,3.470413058082139,0.029084586842264,0.9615032754505932,FAULT,83.95
pilot05,22,W2_f0995,fit_only_no_clip,1152,1408,3.467253692470999,0.0297323575593091,0.9632416385314234,FAULT,90.35000000000001
pilot05,22,W2_f0995,fit_only_no_clip,1280,1536,3.4668891708435154,0.030704638029834,0.9630132606313642,FAULT,96.75
pilot05,22,W3_b01,fit_only_no_clip,1024,1280,3.473345623722641,0.029225416974138,0.9604958187093012,FAULT,83.95
pilot05,22,W3_b01,fit_only_no_clip,1152,1408,3.4707070549593078,0.0295414982894342,0.961985246586351,FAULT,90.35000000000001
pilot05,22,W3_b01,fit_only_no_clip,1280,1536,3.4688480812713105,0.0306401520577232,0.9624160400096992,FAULT,96.75
pilot05,33,W1,fit_only_clip,1024,1280,3.049599875515584,0.0215303298598323,0.8997606456267305,FAULT,83.95
pilot05,33,W1,fit_only_clip,1152,1408,3.047838813927596,0.0219003160226146,0.9027570503097492,FAULT,90.35000000000001
pilot05,33,W1,fit_only_clip,1280,1536,3.044907321600372,0.0209664345387646,0.9054606817383004,FAULT,96.75
pilot05,33,W2_f0995,fit_only_clip,1024,1280,3.0534684440800173,0.0138888846231252,0.9115218812882016,FAULT,83.95
pilot05,33,W2_f0995,fit_only_clip,1152,1408,3.051317429236262,0.0118462085356898,0.9157060674766236,FAULT,90.35000000000001
pilot05,33,W2_f0995,fit_only_clip,1280,1536,3.0505117962864907,0.0116079197441712,0.9151052621711132,FAULT,96.75
pilot05,33,W3_b01,fit_only_clip,1024,1280,3.055598743203969,0.0166371737019043,0.9099122945321648,FAULT,83.95
pilot05,33,W3_b01,fit_only_clip,1152,1408,3.054689831961141,0.0134173855770757,0.914103331670426,FAULT,90.35000000000001
pilot05,33,W3_b01,fit_only_clip,1280,1536,3.0499520523690213,0.0140762335493165,0.9149672999761695,FAULT,96.75
pilot05,33,W1,fit_only_no_clip,1024,1280,3.4700539337321987,0.0305667525519885,0.9561139256375746,FAULT,83.95
pilot05,33,W1,fit_only_no_clip,1152,1408,3.4665755355632624,0.0316233688067411,0.9569755408237745,FAULT,90.35000000000001
pilot05,33,W1,fit_only_no_clip,1280,1536,3.463802852159972,0.0325495419713278,0.9586144632776192,FAULT,96.75
pilot05,33,W2_f0995,fit_only_no_clip,1024,1280,3.470155662975223,0.0290786438349765,0.9615328010631335,FAULT,83.95
pilot05,33,W2_f0995,fit_only_no_clip,1152,1408,3.4669946522666297,0.0297285522282988,0.963279864974872,FAULT,90.35000000000001
pilot05,33,W2_f0995,fit_only_no_clip,1280,1536,3.4666484784050478,0.0306944891257302,0.9630660642270706,FAULT,96.75
pilot05,33,W3_b01,fit_only_no_clip,1024,1280,3.4704483769866106,0.0293109637829382,0.9606767550205836,FAULT,83.95
pilot05,33,W3_b01,fit_only_no_clip,1152,1408,3.467757247110688,0.0295782761263393,0.9623650698112476,FAULT,90.35000000000001
pilot05,33,W3_b01,fit_only_no_clip,1280,1536,3.4658248018326425,0.0306108461481977,0.9629450191470216,FAULT,96.75
pilot06,11,W1,fit_only_clip,1024,1280,1.9488777698524549,0.116180938066867,0.1464063062180075,FAULT,83.95
pilot06,11,W1,fit_only_clip,1152,1408,1.9701563448248065,0.1139041908669619,0.1423844949794982,FAULT,90.35000000000001
pilot06,11,W1,fit_only_clip,1280,1536,1.9788134491110283,0.1069820451723571,0.1503545198217418,FAULT,96.75
pilot06,11,W2_f0995,fit_only_clip,1024,1280,1.8999544181144257,0.1243859458802595,0.1441325571637691,FAULT,83.95
pilot06,11,W2_f0995,fit_only_clip,1152,1408,1.9372452865865477,0.1236392277851644,0.1830023611455347,FAULT,90.35000000000001
pilot06,11,W2_f0995,fit_only_clip,1280,1536,1.9683130530514443,0.1149416322701426,0.1988189779977319,FAULT,96.75
pilot06,11,W3_b01,fit_only_clip,1024,1280,1.9063068655136697,0.1293452992240442,0.1507383870697093,FAULT,83.95
pilot06,11,W3_b01,fit_only_clip,1152,1408,1.9380955882048927,0.1258827005131949,0.1572457541509324,FAULT,90.35000000000001
pilot06,11,W3_b01,fit_only_clip,1280,1536,1.9640775319877013,0.1125687824168477,0.1784249484834481,FAULT,96.75
pilot06,11,W1,fit_only_no_clip,1024,1280,1.9488777698524549,0.116180938066867,0.1464063062180075,FAULT,83.95
pilot06,11,W1,fit_only_no_clip,1152,1408,1.9701563448248065,0.1139041908669619,0.1423844949794982,FAULT,90.35000000000001
pilot06,11,W1,fit_only_no_clip,1280,1536,1.9788134491110283,0.1069820451723571,0.1503545198217418,FAULT,96.75
pilot06,11,W2_f0995,fit_only_no_clip,1024,1280,1.8999544181144257,0.1243859458802595,0.1441325571637691,FAULT,83.95
pilot06,11,W2_f0995,fit_only_no_clip,1152,1408,1.9372452865865477,0.1236392277851644,0.1830023611455347,FAULT,90.35000000000001
pilot06,11,W2_f0995,fit_only_no_clip,1280,1536,1.9683130530514443,0.1149416322701426,0.1988189779977319,FAULT,96.75
pilot06,11,W3_b01,fit_only_no_clip,1024,1280,1.9063068655136697,0.1293452992240442,0.1507383870697093,FAULT,83.95
pilot06,11,W3_b01,fit_only_no_clip,1152,1408,1.9380955882048927,0.1258827005131949,0.1572457541509324,FAULT,90.35000000000001
pilot06,11,W3_b01,fit_only_no_clip,1280,1536,1.9640775319877013,0.1125687824168477,0.1784249484834481,FAULT,96.75
pilot06,22,W1,fit_only_clip,1024,1280,1.9393115206032208,0.1195177077877441,0.1407161514912063,FAULT,83.95
pilot06,22,W1,fit_only_clip,1152,1408,1.9587576370123696,0.1170344204842624,0.1492828779282795,FAULT,90.35000000000001
pilot06,22,W1,fit_only_clip,1280,1536,1.98275240523456,0.1142711236133718,0.1509915998932705,FAULT,96.75
pilot06,22,W2_f0995,fit_only_clip,1024,1280,1.89892693476888,0.1240747037853404,0.1434234519351077,FAULT,83.95
pilot06,22,W2_f0995,fit_only_clip,1152,1408,1.936028991653983,0.1234141557206169,0.1818764023632749,FAULT,90.35000000000001
pilot06,22,W2_f0995,fit_only_clip,1280,1536,1.967257191760631,0.1152159193255035,0.1976254791218732,FAULT,96.75
pilot06,22,W3_b01,fit_only_clip,1024,1280,1.91063616305598,0.1266263283462756,0.1543054525497463,FAULT,83.95
pilot06,22,W3_b01,fit_only_clip,1152,1408,1.939166782089332,0.1218497806602265,0.1595954790093151,FAULT,90.35000000000001
pilot06,22,W3_b01,fit_only_clip,1280,1536,1.9613613844357056,0.1156735478133194,0.1778037021467365,FAULT,96.75
pilot06,22,W1,fit_only_no_clip,1024,1280,1.9393115206032208,0.1195177077877441,0.1407161514912063,FAULT,83.95
pilot06,22,W1,fit_only_no_clip,1152,1408,1.9587576370123696,0.1170344204842624,0.1492828779282795,FAULT,90.35000000000001
pilot06,22,W1,fit_only_no_clip,1280,1536,1.98275240523456,0.1142711236133718,0.1509915998932705,FAULT,96.75
pilot06,22,W2_f0995,fit_only_no_clip,1024,1280,1.89892693476888,0.1240747037853404,0.1434234519351077,FAULT,83.95
pilot06,22,W2_f0995,fit_only_no_clip,1152,1408,1.936028991653983,0.1234141557206169,0.1818764023632749,FAULT,90.35000000000001
pilot06,22,W2_f0995,fit_only_no_clip,1280,1536,1.967257191760631,0.1152159193255035,0.1976254791218732,FAULT,96.75
pilot06,22,W3_b01,fit_only_no_clip,1024,1280,1.91063616305598,0.1266263283462756,0.1543054525497463,FAULT,83.95
pilot06,22,W3_b01,fit_only_no_clip,1152,1408,1.939166782089332,0.1218497806602265,0.1595954790093151,FAULT,90.35000000000001
pilot06,22,W3_b01,fit_only_no_clip,1280,1536,1.9613613844357056,0.1156735478133194,0.1778037021467365,FAULT,96.75
pilot06,33,W1,fit_only_clip,1024,1280,1.9345642471348607,0.1155701428032253,0.1414098659086274,FAULT,83.95
pilot06,33,W1,fit_only_clip,1152,1408,1.9645547522532496,0.1174081014930282,0.1499448368163965,FAULT,90.35000000000001
pilot06,33,W1,fit_only_clip,1280,1536,1.991905502870477,0.1117209365743301,0.1584675927714119,FAULT,96.75
pilot06,33,W2_f0995,fit_only_clip,1024,1280,1.899330003904732,0.1241465341946915,0.1435734763382848,FAULT,83.95
pilot06,33,W2_f0995,fit_only_clip,1152,1408,1.9369402615215563,0.1234586193908124,0.1825436751350591,FAULT,90.35000000000001
pilot06,33,W2_f0995,fit_only_clip,1280,1536,1.9683226246642425,0.1149986058375747,0.198438941536811,FAULT,96.75
pilot06,33,W3_b01,fit_only_clip,1024,1280,1.9066321938585096,0.1256924756576385,0.1536783489638269,FAULT,83.95
pilot06,33,W3_b01,fit_only_clip,1152,1408,1.942289908102347,0.1207075459348391,0.1636711898448059,FAULT,90.35000000000001
pilot06,33,W3_b01,fit_only_clip,1280,1536,1.9665631700103947,0.1106544114217325,0.1838932472508609,FAULT,96.75
pilot06,33,W1,fit_only_no_clip,1024,1280,1.9345642471348607,0.1155701428032253,0.1414098659086274,FAULT,83.95
pilot06,33,W1,fit_only_no_clip,1152,1408,1.9645547522532496,0.1174081014930282,0.1499448368163965,FAULT,90.35000000000001
pilot06,33,W1,fit_only_no_clip,1280,1536,1.991905502870477,0.1117209365743301,0.1584675927714119,FAULT,96.75
pilot06,33,W2_f0995,fit_only_no_clip,1024,1280,1.899330003904732,0.1241465341946915,0.1435734763382848,FAULT,83.95
pilot06,33,W2_f0995,fit_only_no_clip,1152,1408,1.9369402615215563,0.1234586193908124,0.1825436751350591,FAULT,90.35000000000001
pilot06,33,W2_f0995,fit_only_no_clip,1280,1536,1.9683226246642425,0.1149986058375747,0.198438941536811,FAULT,96.75
pilot06,33,W3_b01,fit_only_no_clip,1024,1280,1.9066321938585096,0.1256924756576385,0.1536783489638269,FAULT,83.95
pilot06,33,W3_b01,fit_only_no_clip,1152,1408,1.942289908102347,0.1207075459348391,0.1636711898448059,FAULT,90.35000000000001
pilot06,33,W3_b01,fit_only_no_clip,1280,1536,1.9665631700103947,0.1106544114217325,0.1838932472508609,FAULT,96.75
