view,seed,op,fault_case,benign_case,min_delta,max_delta,median_delta,fault_high_fraction,matched_ages
fit_only_clip,11,W1,pilot04,pilot01,-0.2576088977640424,-0.2511487459113718,-0.2528379547213411,0.0,3
fit_only_clip,11,W1,pilot04,pilot02,-0.279367698516842,-0.26864467526550867,-0.27775093443926835,0.0,3
fit_only_clip,11,W1,pilot04,pilot03,-0.060298724104725476,-0.055453384480414286,-0.05619829966680559,0.0,3
fit_only_clip,11,W1,pilot05,pilot01,0.4687496777787192,0.47555635250793693,0.47507416105960415,1.0,3
fit_only_clip,11,W1,pilot05,pilot02,0.45064337279000966,0.4533153603068045,0.4512537484245823,1.0,3
fit_only_clip,11,W1,pilot05,pilot03,0.6644450392096767,0.6764847591568409,0.6680955831245525,1.0,3
fit_only_clip,11,W1,pilot06,pilot01,-0.2861334406604119,-0.2757678938818408,-0.28463670220454473,0.0,3
fit_only_clip,11,W1,pilot06,pilot02,-0.3078922414132115,-0.3006808735997681,-0.3021326315586816,0.0,3
fit_only_clip,11,W1,pilot06,pilot03,-0.0889413407735872,-0.08322866326522518,-0.08472284256317508,0.0,3
fit_only_clip,11,W2_f0995,pilot04,pilot01,-0.2149700912306138,-0.1581346727985006,-0.2001352981147722,0.0,3
fit_only_clip,11,W2_f0995,pilot04,pilot02,-0.23366271524749518,-0.1883061925979672,-0.22657867821464822,0.0,3
fit_only_clip,11,W2_f0995,pilot04,pilot03,-0.0655713622463259,-0.009789475832816003,-0.054154336973721295,0.0,3
fit_only_clip,11,W2_f0995,pilot05,pilot01,0.5051002387344807,0.516607097840992,0.5139749124312729,1.0,3
fit_only_clip,11,W2_f0995,pilot05,pilot02,0.48640761471759936,0.48753153233139684,0.4864355780415255,1.0,3
fit_only_clip,11,W2_f0995,pilot05,pilot03,0.6544989677187687,0.6649522948066766,0.6599558735723238,1.0,3
fit_only_clip,11,W2_f0995,pilot06,pilot01,-0.2621919837925652,-0.199386169918916,-0.218489986658626,0.0,3
fit_only_clip,11,W2_f0995,pilot06,pilot02,-0.2808846078094466,-0.22955768971838258,-0.24493336675850202,0.0,3
fit_only_clip,11,W2_f0995,pilot06,pilot03,-0.11279325480827729,-0.0510409729532314,-0.0725090255175751,0.0,3
fit_only_clip,11,W3_b01,pilot04,pilot01,-0.172639613254176,-0.1100868456707309,-0.14874402331277164,0.0,3
fit_only_clip,11,W3_b01,pilot04,pilot02,-0.18824719989496877,-0.13696897860961949,-0.17194782767769734,0.0,3
fit_only_clip,11,W3_b01,pilot04,pilot03,-0.029742332566392277,0.04384699136045109,0.006897698710878086,0.6666666666666666,3
fit_only_clip,11,W3_b01,pilot05,pilot01,0.5012282319147392,0.5129891136671278,0.5094409276419216,1.0,3
fit_only_clip,11,W3_b01,pilot05,pilot02,0.4856206452739465,0.48623712327699586,0.48610698072823927,1.0,3
fit_only_clip,11,W3_b01,pilot05,pilot03,0.6441255126025229,0.6669229506983099,0.6650826496655713,1.0,3
fit_only_clip,11,W3_b01,pilot06,pilot01,-0.25755066139347305,-0.2220232941707107,-0.24635586137593823,0.0,3
fit_only_clip,11,W3_b01,pilot06,pilot02,-0.2731582480342658,-0.2489054271095993,-0.26955966574086393,0.0,3
fit_only_clip,11,W3_b01,pilot06,pilot03,-0.11465338070568928,-0.06808945713952871,-0.0907141393522885,0.0,3
fit_only_clip,22,W1,pilot04,pilot01,-0.2601242515654759,-0.2581114428547584,-0.2598296503016453,0.0,3
fit_only_clip,22,W1,pilot04,pilot02,-0.28037545938167285,-0.2699084571322343,-0.277981326950545,0.0,3
fit_only_clip,22,W1,pilot04,pilot03,-0.07483166830001439,-0.065948845926009,-0.0660696443679202,0.0,3
fit_only_clip,22,W1,pilot05,pilot01,0.4731061848121933,0.4875861964818273,0.4807119390896855,1.0,3
fit_only_clip,22,W1,pilot05,pilot02,0.4625602624407858,0.4653221799549128,0.4633219792454349,1.0,3
fit_only_clip,22,W1,pilot05,pilot03,0.6672815904516602,0.6744719450234106,0.6708659710365713,1.0,3
fit_only_clip,22,W1,pilot06,pilot01,-0.2870278920505664,-0.267921588424073,-0.2729946714742474,0.0,3
fit_only_clip,22,W1,pilot06,pilot02,-0.2968120976173248,-0.2901856049509875,-0.2911463481231471,0.0,3
fit_only_clip,22,W1,pilot06,pilot03,-0.0928524864110995,-0.0792346655405223,-0.08464181386932901,0.0,3
fit_only_clip,22,W2_f0995,pilot04,pilot01,-0.215961001638342,-0.1613780480086077,-0.20276505434606132,0.0,3
fit_only_clip,22,W2_f0995,pilot04,pilot02,-0.23354703109509042,-0.19045232129379822,-0.22812538738780472,0.0,3
fit_only_clip,22,W2_f0995,pilot04,pilot03,-0.0666517652588601,-0.013185284202327424,-0.057280610039211394,0.0,3
fit_only_clip,22,W2_f0995,pilot05,pilot01,0.5053427483689303,0.5169863998682822,0.5143265571966974,1.0,3
fit_only_clip,22,W2_f0995,pilot05,pilot02,0.48775671891218186,0.488966224154954,0.48791212658309174,1.0,3
fit_only_clip,22,W2_f0995,pilot05,pilot03,0.6546519847484122,0.6651791636745625,0.6598110015035473,1.0,3
fit_only_clip,22,W2_f0995,pilot06,pilot01,-0.2627040715336314,-0.20040116100031088,-0.2194261123941093,0.0,3
fit_only_clip,22,W2_f0995,pilot06,pilot02,-0.2802901009903798,-0.2294754342855014,-0.2447864454358527,0.0,3
fit_only_clip,22,W2_f0995,pilot06,pilot03,-0.1133948351541495,-0.052208397194030615,-0.07394166808725938,0.0,3
fit_only_clip,22,W3_b01,pilot04,pilot01,-0.1994200147150492,-0.1433726215388818,-0.1774482886013544,0.0,3
fit_only_clip,22,W3_b01,pilot04,pilot02,-0.21449110009054048,-0.1698971137489661,-0.2002738888058229,0.0,3
fit_only_clip,22,W3_b01,pilot04,pilot03,-0.05782675968769033,0.008768508796314911,-0.024219991838851485,0.3333333333333333,3
fit_only_clip,22,W3_b01,pilot05,pilot01,0.5028981197948266,0.5148874948497741,0.5111630554815632,1.0,3
fit_only_clip,22,W3_b01,pilot05,pilot02,0.48782703441933534,0.4883630026396898,0.48833745527709466,1.0,3
fit_only_clip,22,W3_b01,pilot05,pilot03,0.6444913748221854,0.6670286251849709,0.6643913522440661,1.0,3
fit_only_clip,22,W3_b01,pilot06,pilot01,-0.2527427031907973,-0.22147431607025583,-0.2428140838934481,0.0,3
fit_only_clip,22,W3_b01,pilot06,pilot02,-0.26781378856628857,-0.24799880828034013,-0.2656396840979166,0.0,3
fit_only_clip,22,W3_b01,pilot06,pilot03,-0.11114944816343841,-0.06933318573505912,-0.0895857871309452,0.0,3
fit_only_clip,33,W1,pilot04,pilot01,-0.26130166980591296,-0.24488173134220417,-0.2594495610031374,0.0,3
fit_only_clip,33,W1,pilot04,pilot02,-0.2757312796296102,-0.26491631987276154,-0.27033459674442983,0.0,3
fit_only_clip,33,W1,pilot04,pilot03,-0.08078075238163221,-0.0599207400228009,-0.07591659753218738,0.0,3
fit_only_clip,33,W1,pilot05,pilot01,0.46830449422569004,0.4822016063029477,0.4760276766222249,1.0,3
fit_only_clip,33,W1,pilot05,pilot02,0.4592715672871732,0.46216701777239033,0.4597459579957521,1.0,3
fit_only_clip,33,W1,pilot05,pilot03,0.6488254116499708,0.667162597622351,0.6595606400931748,1.0,3
fit_only_clip,33,W1,pilot06,pilot01,-0.29004628549241307,-0.2647914826639408,-0.2767845368711278,0.0,3
fit_only_clip,33,W1,pilot06,pilot02,-0.29907921243092994,-0.2848260711944982,-0.29306625549760057,0.0,3
fit_only_clip,33,W1,pilot06,pilot03,-0.10952536806813232,-0.07983049134453751,-0.09325157340017778,0.0,3
fit_only_clip,33,W2_f0995,pilot04,pilot01,-0.2147789664508434,-0.1586930732661682,-0.20058911961166687,0.0,3
fit_only_clip,33,W2_f0995,pilot04,pilot02,-0.2331528408749127,-0.1885312539496459,-0.22672298568365767,0.0,3
fit_only_clip,33,W2_f0995,pilot04,pilot03,-0.0660886657749388,-0.011353332636175523,-0.055558660854420905,0.0,3
fit_only_clip,33,W2_f0995,pilot05,pilot01,0.50573321410972,0.517377935962019,0.5147187836984599,1.0,3
fit_only_clip,33,W2_f0995,pilot05,pilot02,0.48735933968565076,0.48858491762646916,0.4875397552785413,1.0,3
fit_only_clip,33,W2_f0995,pilot05,pilot03,0.6544235147856247,0.6647176765920118,0.6597492424557059,1.0,3
fit_only_clip,33,W2_f0995,pilot06,pilot01,-0.26221519084019673,-0.1992883846722832,-0.21844360864310458,0.0,3
fit_only_clip,33,W2_f0995,pilot06,pilot02,-0.28058906526426597,-0.2291265653557609,-0.2445774747150954,0.0,3
fit_only_clip,33,W2_f0995,pilot06,pilot03,-0.1135248901642921,-0.05194864404229052,-0.07341314988585862,0.0,3
fit_only_clip,33,W3_b01,pilot04,pilot01,-0.1854402536532593,-0.13100485547207963,-0.1619731421900717,0.0,3
fit_only_clip,33,W3_b01,pilot04,pilot02,-0.2007928435608007,-0.15756996660569972,-0.1849414080928547,0.0,3
fit_only_clip,33,W3_b01,pilot04,pilot03,-0.047230328572153896,0.028862969050278908,-0.009531971901682701,0.3333333333333333,3
fit_only_clip,33,W3_b01,pilot05,pilot01,0.5021202964260497,0.5148771002572339,0.5109179915676586,1.0,3
fit_only_clip,33,W3_b01,pilot05,pilot02,0.4867677065185083,0.48831198912361373,0.4879497256648756,1.0,3
fit_only_clip,33,W3_b01,pilot05,pilot03,0.6403302215071551,0.6747449247795924,0.6633591618560476,1.0,3
fit_only_clip,33,W3_b01,pilot06,pilot01,-0.2541136491422882,-0.21619695246807483,-0.23951415025796152,0.0,3
fit_only_clip,33,W3_b01,pilot06,pilot02,-0.2694662390498296,-0.24276206360169492,-0.2624824161607445,0.0,3
fit_only_clip,33,W3_b01,pilot06,pilot03,-0.1159037240611828,-0.05632912794571629,-0.08707297996957253,0.0,3
fit_only_no_clip,11,W1,pilot04,pilot01,-0.6554989066865795,-0.6474695887137067,-0.6537587903398369,0.0,3
fit_only_no_clip,11,W1,pilot04,pilot02,-0.6754012392254354,-0.6644269155676306,-0.6747393229830084,0.0,3
fit_only_no_clip,11,W1,pilot04,pilot03,-0.060298724104725476,-0.055453384480414286,-0.05619829966680559,0.0,3
fit_only_no_clip,11,W1,pilot05,pilot01,0.1288719093664893,0.13110028649166783,0.1295115638363068,1.0,3
fit_only_no_clip,11,W1,pilot05,pilot02,0.10853103119313523,0.11191458251256536,0.11119795395281196,1.0,3
fit_only_no_clip,11,W1,pilot05,pilot03,0.7208881135997817,0.7304008935114417,0.7229716300714182,1.0,3
fit_only_no_clip,11,W1,pilot06,pilot01,-0.6840234495829489,-0.6766887295003365,-0.6809575450068797,0.0,3
fit_only_no_clip,11,W1,pilot06,pilot02,-0.7039257821218048,-0.6976692621435081,-0.6979148718608035,0.0,3
fit_only_no_clip,11,W1,pilot06,pilot03,-0.0889413407735872,-0.08322866326522518,-0.08472284256317508,0.0,3
fit_only_no_clip,11,W2_f0995,pilot04,pilot01,-0.6360758585058705,-0.5863133235313353,-0.624862235426206,0.0,3
fit_only_no_clip,11,W2_f0995,pilot04,pilot02,-0.6505761861247779,-0.6054575741659546,-0.6427144773208253,0.0,3
fit_only_no_clip,11,W2_f0995,pilot04,pilot03,-0.0655713622463259,-0.009789475832816003,-0.054154336973721295,0.0,3
fit_only_no_clip,11,W2_f0995,pilot05,pilot01,0.1340693391250911,0.13696438335133632,0.13655218960432225,1.0,3
fit_only_no_clip,11,W2_f0995,pilot05,pilot02,0.11740793896970292,0.11956901150618371,0.119112141456717,1.0,3
fit_only_no_clip,11,W2_f0995,pilot05,pilot03,0.7045738353846356,0.7130760373028415,0.707672281803821,1.0,3
fit_only_no_clip,11,W2_f0995,pilot06,pilot01,-0.6832977510678218,-0.6275648206517506,-0.6432169239700598,0.0,3
fit_only_no_clip,11,W2_f0995,pilot06,pilot02,-0.6977980786867293,-0.6467090712863699,-0.6610691658646791,0.0,3
fit_only_no_clip,11,W2_f0995,pilot06,pilot03,-0.11279325480827729,-0.0510409729532314,-0.0725090255175751,0.0,3
fit_only_no_clip,11,W3_b01,pilot04,pilot01,-0.5916667383834162,-0.5360035999279601,-0.5712973118660865,0.0,3
fit_only_no_clip,11,W3_b01,pilot04,pilot02,-0.6053064520208928,-0.5546589888800588,-0.5884075692218834,0.0,3
fit_only_no_clip,11,W3_b01,pilot04,pilot03,-0.029742332566392277,0.04384699136045109,0.006897698710878086,0.6666666666666666,3
fit_only_no_clip,11,W3_b01,pilot05,pilot01,0.1331290952442009,0.13586419056094923,0.135781050445841,1.0,3
fit_only_no_clip,11,W3_b01,pilot05,pilot02,0.1172088016088505,0.11948938160672429,0.11867079309004402,1.0,3
fit_only_no_clip,11,W3_b01,pilot05,pilot03,0.6950535010612249,0.7157147818493604,0.7139760610228055,1.0,3
fit_only_no_clip,11,W3_b01,pilot06,pilot01,-0.6765777865227132,-0.6479400484279398,-0.668909149929253,0.0,3
fit_only_no_clip,11,W3_b01,pilot06,pilot02,-0.6902175001601898,-0.6665954373800387,-0.6860194072850501,0.0,3
fit_only_no_clip,11,W3_b01,pilot06,pilot03,-0.11465338070568928,-0.06808945713952871,-0.0907141393522885,0.0,3
fit_only_no_clip,22,W1,pilot04,pilot01,-0.6672829929581963,-0.6606283689046317,-0.6650956909541974,0.0,3
fit_only_no_clip,22,W1,pilot04,pilot02,-0.6853021158917609,-0.6732861989904637,-0.681895888356665,0.0,3
fit_only_no_clip,22,W1,pilot04,pilot03,-0.07483166830001439,-0.065948845926009,-0.0660696443679202,0.0,3
fit_only_no_clip,22,W1,pilot05,pilot01,0.12827585257380825,0.13114896232254347,0.1299038454683794,1.0,3
fit_only_no_clip,22,W1,pilot05,pilot02,0.11310364806591178,0.11561802248797626,0.1131298393889788,1.0,3
fit_only_no_clip,22,W1,pilot05,pilot03,0.722955375552431,0.7289298920546565,0.7236002869807253,1.0,3
fit_only_no_clip,22,W1,pilot06,pilot01,-0.6875320093897223,-0.6770931385275109,-0.6782607121267994,0.0,3
fit_only_no_clip,22,W1,pilot06,pilot02,-0.7001898394755542,-0.695060909529267,-0.6951122614610755,0.0,3
fit_only_no_clip,22,W1,pilot06,pilot03,-0.0928524864110995,-0.0792346655405223,-0.08464181386932901,0.0,3
fit_only_no_clip,22,W2_f0995,pilot04,pilot01,-0.637182943967692,-0.5896595085901992,-0.6276031601566735,0.0,3
fit_only_no_clip,22,W2_f0995,pilot04,pilot02,-0.6515931200257513,-0.6085723205402287,-0.6453764023032824,0.0,3
fit_only_no_clip,22,W2_f0995,pilot04,pilot03,-0.0666517652588601,-0.013185284202327424,-0.057280610039211394,0.0,3
fit_only_no_clip,22,W2_f0995,pilot05,pilot01,0.13415380965250412,0.137101017963427,0.13670515992758858,1.0,3
fit_only_no_clip,22,W2_f0995,pilot05,pilot02,0.11779234797755911,0.11974363359444484,0.11932777581681808,1.0,3
fit_only_no_clip,22,W2_f0995,pilot05,pilot03,0.704684988361336,0.7131793843154604,0.7074235680808891,1.0,3
fit_only_no_clip,22,W2_f0995,pilot06,pilot01,-0.6839260138629815,-0.6286826215819024,-0.6442642182047216,0.0,3
fit_only_no_clip,22,W2_f0995,pilot06,pilot02,-0.6983361899210407,-0.6475954335319318,-0.6620374603513304,0.0,3
fit_only_no_clip,22,W2_f0995,pilot06,pilot03,-0.1133948351541495,-0.052208397194030615,-0.07394166808725938,0.0,3
fit_only_no_clip,22,W3_b01,pilot04,pilot01,-0.6194599795304295,-0.5702528806827848,-0.6009766480184797,0.0,3
fit_only_no_clip,22,W3_b01,pilot04,pilot02,-0.6331173627339427,-0.5881732457860781,-0.6179929698533378,0.0,3
fit_only_no_clip,22,W3_b01,pilot04,pilot03,-0.05782675968769033,0.008768508796314911,-0.024219991838851485,0.3333333333333333,3
fit_only_no_clip,22,W3_b01,pilot05,pilot01,0.13340769815337727,0.13625776264880385,0.1360473242664625,1.0,3
fit_only_no_clip,22,W3_b01,pilot05,pilot02,0.11833739754551054,0.1197503149498641,0.11903100243160436,1.0,3
fit_only_no_clip,22,W3_b01,pilot05,pilot03,0.6950409179961166,0.7152791521279036,0.7128039804460907,1.0,3
fit_only_no_clip,22,W3_b01,pilot06,pilot01,-0.6727826680061777,-0.6483545752141588,-0.6663424433105734,0.0,3
fit_only_no_clip,22,W3_b01,pilot06,pilot02,-0.6864400512096909,-0.6662749403174522,-0.6833587651454316,0.0,3
fit_only_no_clip,22,W3_b01,pilot06,pilot03,-0.11114944816343841,-0.06933318573505912,-0.0895857871309452,0.0,3
fit_only_no_clip,33,W1,pilot04,pilot01,-0.6622261895348358,-0.651477079895426,-0.6603642920346073,0.0,3
fit_only_no_clip,33,W1,pilot04,pilot02,-0.6788986571524809,-0.6686046860191196,-0.6739814859488437,0.0,3
fit_only_no_clip,33,W1,pilot04,pilot03,-0.08078075238163221,-0.0599207400228009,-0.07591659753218738,0.0,3
fit_only_no_clip,33,W1,pilot05,pilot01,0.12559515200783977,0.12876003928904467,0.1274695386045518,1.0,3
fit_only_no_clip,33,W1,pilot05,pilot02,0.11079707098690661,0.11197795809360345,0.1116324331653511,1.0,3
fit_only_no_clip,33,W1,pilot05,pilot03,0.7051786916608149,0.7203163791616698,0.7137791306072001,1.0,3
fit_only_no_clip,33,W1,pilot06,pilot01,-0.6891089077211074,-0.6713868312171627,-0.6795611654028262,0.0,3
fit_only_no_clip,33,W1,pilot06,pilot02,-0.7027261016353438,-0.6885144373408563,-0.6962336330204714,0.0,3
fit_only_no_clip,33,W1,pilot06,pilot03,-0.10952536806813232,-0.07983049134453751,-0.09325157340017778,0.0,3
fit_only_no_clip,33,W2_f0995,pilot04,pilot01,-0.6364014322178567,-0.5873483795533117,-0.6258103749143519,0.0,3
fit_only_no_clip,33,W2_f0995,pilot04,pilot02,-0.6508644538123964,-0.6063553211462315,-0.6436269307329904,0.0,3
fit_only_no_clip,33,W2_f0995,pilot04,pilot03,-0.0660886657749388,-0.011353332636175523,-0.055558660854420905,0.0,3
fit_only_no_clip,33,W2_f0995,pilot05,pilot01,0.1341216681176387,0.13707132589402327,0.13668343173083297,1.0,3
fit_only_no_clip,33,W2_f0995,pilot05,pilot02,0.11767649013791315,0.11965864652309899,0.11925477007538476,1.0,3
fit_only_no_clip,33,W2_f0995,pilot05,pilot03,0.7044344345605567,0.7126784786479692,0.7073230399539543,1.0,3
fit_only_no_clip,33,W2_f0995,pilot06,pilot01,-0.6838376566072101,-0.6279436909594267,-0.6436648639457896,0.0,3
fit_only_no_clip,33,W2_f0995,pilot06,pilot02,-0.6983006782017498,-0.6469506325523465,-0.6614814197644281,0.0,3
fit_only_no_clip,33,W2_f0995,pilot06,pilot03,-0.1135248901642921,-0.05194864404229052,-0.07341314988585862,0.0,3
fit_only_no_clip,33,W3_b01,pilot04,pilot01,-0.6049413979735421,-0.5572756571281474,-0.5849236480100226,0.0,3
fit_only_no_clip,33,W3_b01,pilot04,pilot02,-0.6193997364108201,-0.5761368069428325,-0.6027103494843558,0.0,3
fit_only_no_clip,33,W3_b01,pilot04,pilot03,-0.047230328572153896,0.028862969050278908,-0.009531971901682701,0.3333333333333333,3
fit_only_no_clip,33,W3_b01,pilot05,pilot01,0.13338361259418574,0.13658401777201812,0.13622922388852932,1.0,3
fit_only_no_clip,33,W3_b01,pilot05,pilot02,0.11772286795733289,0.11892527415690768,0.11844252241419617,1.0,3
fit_only_no_clip,33,W3_b01,pilot05,pilot03,0.6910946819955739,0.7227226439504444,0.7116208999968692,1.0,3
fit_only_no_clip,33,W3_b01,pilot06,pilot01,-0.6736147934625709,-0.6424677541241426,-0.6624646560779124,0.0,3
fit_only_no_clip,33,W3_b01,pilot06,pilot02,-0.688073131899849,-0.6613289039388278,-0.6802513575522455,0.0,3
fit_only_no_clip,33,W3_b01,pilot06,pilot03,-0.1159037240611828,-0.05632912794571629,-0.08707297996957253,0.0,3
